/*--------------------------------*- C++ -*----------------------------------*\
| =========                 |                                                 |
| \\      /  F ield         | OpenFOAM: The Open Source CFD Toolbox           |
|  \\    /   O peration     | Version:  v2312                                 |
|   \\  /    A nd           | Website:  www.openfoam.com                      |
|    \\/     M anipulation  |                                                 |
\*---------------------------------------------------------------------------*/
FoamFile
{
    version     2.0;
    format      ascii;
    class       dictionary;
    location    "system";
    object      blockMeshDict;
}
// * * * * * * * * * * * * * * * * * * * * * * * * * * * * * * * * * * * * * //
// Generated by generate_cgrid.jl  (221airfoilTopBottom)
//
// C-grid parameters:
//   chord      = 900.0 mm,  AoA = -3.017 deg
//   xi_arch    = 0.02
//   xi_suction = 0.5,  xi_pressure = 0.08
//   H_BL       = 280.0 mm,  H_far = 280.0 mm
//   segments   = 6+2+1+2+2  (suction+archUp+LE+archLo+pressure)
//   total blocks = 24
//   cosine arch = true

scale 0.001;   // vertices in mm → metres

vertices
(
    (    -4.25615453     80.75381682     -1.00000000 )   // 0
    (   -77.02055738     74.43425960     -1.00000000 )   // 1
    (  -149.50004186     65.39244070     -1.00000000 )   // 2
    (  -221.62308973     53.86183215     -1.00000000 )   // 3
    (  -293.25526324     39.59931172     -1.00000000 )   // 4
    (  -364.03455443     21.60581679     -1.00000000 )   // 5
    (  -432.40350549     -3.72057072     -1.00000000 )   // 6
    (  -441.11774928     -9.37935342     -1.00000000 )   // 7
    (  -449.37628308    -23.68451398     -1.00000000 )   // 8
    (  -439.65976556    -37.04229397     -1.00000000 )   // 9
    (  -430.39895803    -41.75369612     -1.00000000 )   // 10
    (  -403.30120494    -50.39467332     -1.00000000 )   // 11
    (  -375.53449558    -56.73345070     -1.00000000 )   // 12
    (   -22.70659934    360.14526459     -1.00000000 )   // 13
    (  -107.19449143    352.80367908     -1.00000000 )   // 14
    (  -188.02989067    342.72879019     -1.00000000 )   // 15
    (  -270.90220866    329.49123631     -1.00000000 )   // 16
    (  -354.07162960    312.91482460     -1.00000000 )   // 17
    (  -443.12701701    290.20288000     -1.00000000 )   // 18
    (  -564.42221735    243.20261515     -1.00000000 )   // 19
    (  -622.79714590    203.67603103     -1.00000000 )   // 20
    (  -728.98819256    -38.42154490     -1.00000000 )   // 21
    (  -597.93651732   -268.01517085     -1.00000000 )   // 22
    (  -535.73002445   -301.18647440     -1.00000000 )   // 23
    (  -476.05867436   -320.77653411     -1.00000000 )   // 24
    (  -430.40860335   -331.30371911     -1.00000000 )   // 25
    (   -41.15704415    639.53671236     -1.00000000 )   // 26
    (  -137.36842549    631.17309857     -1.00000000 )   // 27
    (  -226.55973948    620.06513969     -1.00000000 )   // 28
    (  -320.18132759    605.12064047     -1.00000000 )   // 29
    (  -414.88799596    586.23033748     -1.00000000 )   // 30
    (  -522.21947960    558.79994320     -1.00000000 )   // 31
    (  -696.44092921    490.12580102     -1.00000000 )   // 32
    (  -804.47654252    416.73141548     -1.00000000 )   // 33
    ( -1008.60010203    -53.15857582     -1.00000000 )   // 34
    (  -756.21326908   -498.98804773     -1.00000000 )   // 35
    (  -641.06109087   -560.61925268     -1.00000000 )   // 36
    (  -548.81614378   -591.15839490     -1.00000000 )   // 37
    (  -485.28271112   -605.87398752     -1.00000000 )   // 38
    (    -4.25615453     80.75381682      1.00000000 )   // 39
    (   -77.02055738     74.43425960      1.00000000 )   // 40
    (  -149.50004186     65.39244070      1.00000000 )   // 41
    (  -221.62308973     53.86183215      1.00000000 )   // 42
    (  -293.25526324     39.59931172      1.00000000 )   // 43
    (  -364.03455443     21.60581679      1.00000000 )   // 44
    (  -432.40350549     -3.72057072      1.00000000 )   // 45
    (  -441.11774928     -9.37935342      1.00000000 )   // 46
    (  -449.37628308    -23.68451398      1.00000000 )   // 47
    (  -439.65976556    -37.04229397      1.00000000 )   // 48
    (  -430.39895803    -41.75369612      1.00000000 )   // 49
    (  -403.30120494    -50.39467332      1.00000000 )   // 50
    (  -375.53449558    -56.73345070      1.00000000 )   // 51
    (   -22.70659934    360.14526459      1.00000000 )   // 52
    (  -107.19449143    352.80367908      1.00000000 )   // 53
    (  -188.02989067    342.72879019      1.00000000 )   // 54
    (  -270.90220866    329.49123631      1.00000000 )   // 55
    (  -354.07162960    312.91482460      1.00000000 )   // 56
    (  -443.12701701    290.20288000      1.00000000 )   // 57
    (  -564.42221735    243.20261515      1.00000000 )   // 58
    (  -622.79714590    203.67603103      1.00000000 )   // 59
    (  -728.98819256    -38.42154490      1.00000000 )   // 60
    (  -597.93651732   -268.01517085      1.00000000 )   // 61
    (  -535.73002445   -301.18647440      1.00000000 )   // 62
    (  -476.05867436   -320.77653411      1.00000000 )   // 63
    (  -430.40860335   -331.30371911      1.00000000 )   // 64
    (   -41.15704415    639.53671236      1.00000000 )   // 65
    (  -137.36842549    631.17309857      1.00000000 )   // 66
    (  -226.55973948    620.06513969      1.00000000 )   // 67
    (  -320.18132759    605.12064047      1.00000000 )   // 68
    (  -414.88799596    586.23033748      1.00000000 )   // 69
    (  -522.21947960    558.79994320      1.00000000 )   // 70
    (  -696.44092921    490.12580102      1.00000000 )   // 71
    (  -804.47654252    416.73141548      1.00000000 )   // 72
    ( -1008.60010203    -53.15857582      1.00000000 )   // 73
    (  -756.21326908   -498.98804773      1.00000000 )   // 74
    (  -641.06109087   -560.61925268      1.00000000 )   // 75
    (  -548.81614378   -591.15839490      1.00000000 )   // 76
    (  -485.28271112   -605.87398752      1.00000000 )   // 77
);

blocks
(
    hex (39 40 53 52 0 1 14 13)  (108 400 2) simpleGrading (1 200 1)   // block 0
    hex (52 53 66 65 13 14 27 26)  (108 75 2) simpleGrading (1 1 1)   // block 1
    hex (40 41 54 53 1 2 15 14)  (108 400 2) simpleGrading (1 200 1)   // block 2
    hex (53 54 67 66 14 15 28 27)  (108 75 2) simpleGrading (1 1 1)   // block 3
    hex (41 42 55 54 2 3 16 15)  (108 400 2) simpleGrading (1 200 1)   // block 4
    hex (54 55 68 67 15 16 29 28)  (108 75 2) simpleGrading (1 1 1)   // block 5
    hex (42 43 56 55 3 4 17 16)  (108 400 2) simpleGrading (1 200 1)   // block 6
    hex (55 56 69 68 16 17 30 29)  (108 75 2) simpleGrading (1 1 1)   // block 7
    hex (43 44 57 56 4 5 18 17)  (108 400 2) simpleGrading (1 200 1)   // block 8
    hex (56 57 70 69 17 18 31 30)  (108 75 2) simpleGrading (1 1 1)   // block 9
    hex (44 45 58 57 5 6 19 18)  (108 400 2) simpleGrading (1 200 1)   // block 10
    hex (57 58 71 70 18 19 32 31)  (108 75 2) simpleGrading (1 1 1)   // block 11
    hex (45 46 59 58 6 7 20 19)  (10 400 2) simpleGrading (2.21684 200 1)   // block 12
    hex (58 59 72 71 19 20 33 32)  (10 75 2) simpleGrading (2.21684 1 1)   // block 13
    hex (46 47 60 59 7 8 21 20)  (34 400 2) simpleGrading (0.0564141 200 1)   // block 14
    hex (59 60 73 72 20 21 34 33)  (34 75 2) simpleGrading (0.0564141 1 1)   // block 15
    hex (47 48 61 60 8 9 22 21)  (34 400 2) simpleGrading (17.7261 200 1)   // block 16
    hex (60 61 74 73 21 22 35 34)  (34 75 2) simpleGrading (17.7261 1 1)   // block 17
    hex (48 49 62 61 9 10 23 22)  (9 400 2) simpleGrading (0.575231 200 1)   // block 18
    hex (61 62 75 74 22 23 36 35)  (9 75 2) simpleGrading (0.575231 1 1)   // block 19
    hex (49 50 63 62 10 11 24 23)  (33 400 2) simpleGrading (1 200 1)   // block 20
    hex (62 63 76 75 23 24 37 36)  (33 75 2) simpleGrading (1 1 1)   // block 21
    hex (50 51 64 63 11 12 25 24)  (33 400 2) simpleGrading (1 200 1)   // block 22
    hex (63 64 77 76 24 25 38 37)  (33 75 2) simpleGrading (1 1 1)   // block 23
);

edges
(
    polyLine 0 1 ( (    -5.71378784    80.65671405    -1.00000000 ) (    -7.17134694    80.55850355    -1.00000000 ) (    -8.62882952    80.45916404    -1.00000000 ) (   -10.08623325    80.35867424    -1.00000000 ) (   -11.54355572    80.25701289    -1.00000000 ) (   -13.00079448    80.15415871    -1.00000000 ) (   -14.45794705    80.05009047    -1.00000000 ) (   -15.91501086    79.94478691    -1.00000000 ) (   -17.37198332    79.83822680    -1.00000000 ) (   -18.82886175    79.73038894    -1.00000000 ) (   -20.28564346    79.62125211    -1.00000000 ) (   -21.74232566    79.51079512    -1.00000000 ) (   -23.19890552    79.39899679    -1.00000000 ) (   -24.65538016    79.28583595    -1.00000000 ) (   -26.11174664    79.17129146    -1.00000000 ) (   -27.56800294    79.05535463    -1.00000000 ) (   -29.02414990    78.93805240    -1.00000000 ) (   -30.48018893    78.81941800    -1.00000000 ) (   -31.93612155    78.69948470    -1.00000000 ) (   -33.39194936    78.57828571    -1.00000000 ) (   -34.84767404    78.45585425    -1.00000000 ) (   -36.30329736    78.33222353    -1.00000000 ) (   -37.75882117    78.20742675    -1.00000000 ) (   -39.21424742    78.08149707    -1.00000000 ) (   -40.66957809    77.95446767    -1.00000000 ) (   -42.12481527    77.82637171    -1.00000000 ) (   -43.57996112    77.69724233    -1.00000000 ) (   -45.03501786    77.56711266    -1.00000000 ) (   -46.48998778    77.43601581    -1.00000000 ) (   -47.94487323    77.30398472    -1.00000000 ) (   -49.39967478    77.17103252    -1.00000000 ) (   -50.85438960    77.03713464    -1.00000000 ) (   -52.30901440    76.90226235    -1.00000000 ) (   -53.76354584    76.76638689    -1.00000000 ) (   -55.21798051    76.62947954    -1.00000000 ) (   -56.67231495    76.49151158    -1.00000000 ) (   -58.12654564    76.35245433    -1.00000000 ) (   -59.58066900    76.21227910    -1.00000000 ) (   -61.03468136    76.07095724    -1.00000000 ) (   -62.48857901    75.92846012    -1.00000000 ) (   -63.94235817    75.78475911    -1.00000000 ) (   -65.39601496    75.63982561    -1.00000000 ) (   -66.84954548    75.49363106    -1.00000000 ) (   -68.30294571    75.34614689    -1.00000000 ) (   -69.75621168    75.19734567    -1.00000000 ) (   -71.20934232    75.04722858    -1.00000000 ) (   -72.66233978    74.89582777    -1.00000000 ) (   -74.11520644    74.74317690    -1.00000000 ) (   -75.56794479    74.58930964    -1.00000000 ) )
    polyLine 1 2 ( (   -78.47308240    74.27805656    -1.00000000 ) (   -79.92548701    74.12073790    -1.00000000 ) (   -81.37777402    73.96233718    -1.00000000 ) (   -82.82994628    73.80288795    -1.00000000 ) (   -84.28200675    73.64242376    -1.00000000 ) (   -85.73395842    73.48097811    -1.00000000 ) (   -87.18580437    73.31858450    -1.00000000 ) (   -88.63754775    73.15527641    -1.00000000 ) (   -90.08919175    72.99108728    -1.00000000 ) (   -91.54073913    72.82604615    -1.00000000 ) (   -92.99218860    72.66014622    -1.00000000 ) (   -94.44353690    72.49336344    -1.00000000 ) (   -95.89478067    72.32567365    -1.00000000 ) (   -97.34591654    72.15705269    -1.00000000 ) (   -98.79694109    71.98747645    -1.00000000 ) (  -100.24785085    71.81692082    -1.00000000 ) (  -101.69864229    71.64536169    -1.00000000 ) (  -103.14931185    71.47277500    -1.00000000 ) (  -104.59985591    71.29913669    -1.00000000 ) (  -106.05027080    71.12442273    -1.00000000 ) (  -107.50055280    70.94860910    -1.00000000 ) (  -108.95069814    70.77167181    -1.00000000 ) (  -110.40070300    70.59358690    -1.00000000 ) (  -111.85056349    70.41433048    -1.00000000 ) (  -113.30027730    70.23389164    -1.00000000 ) (  -114.74984568    70.05228813    -1.00000000 ) (  -116.19927040    69.86954156    -1.00000000 ) (  -117.64855328    69.68567350    -1.00000000 ) (  -119.09769619    69.50070551    -1.00000000 ) (  -120.54670105    69.31465913    -1.00000000 ) (  -121.99556983    69.12755590    -1.00000000 ) (  -123.44430453    68.93941733    -1.00000000 ) (  -124.89290721    68.75026491    -1.00000000 ) (  -126.34137997    68.56012013    -1.00000000 ) (  -127.78972494    68.36900447    -1.00000000 ) (  -129.23794432    68.17693936    -1.00000000 ) (  -130.68604033    67.98394626    -1.00000000 ) (  -132.13401522    67.79004658    -1.00000000 ) (  -133.58187097    67.59525926    -1.00000000 ) (  -135.02960713    67.39958506    -1.00000000 ) (  -136.47722215    67.20301662    -1.00000000 ) (  -137.92471444    67.00554652    -1.00000000 ) (  -139.37208243    66.80716738    -1.00000000 ) (  -140.81932452    66.60787181    -1.00000000 ) (  -142.26643909    66.40765244    -1.00000000 ) (  -143.71342453    66.20650188    -1.00000000 ) (  -145.16027918    66.00441278    -1.00000000 ) (  -146.60700140    65.80137778    -1.00000000 ) (  -148.05358952    65.59738953    -1.00000000 ) )
    polyLine 2 3 ( (  -150.94631102    65.18653047    -1.00000000 ) (  -152.39244100    64.97964506    -1.00000000 ) (  -153.83843009    64.77177717    -1.00000000 ) (  -155.28427658    64.56291977    -1.00000000 ) (  -156.72997880    64.35306605    -1.00000000 ) (  -158.17553505    64.14220918    -1.00000000 ) (  -159.62094362    63.93034237    -1.00000000 ) (  -161.06620280    63.71745884    -1.00000000 ) (  -162.51131084    63.50355179    -1.00000000 ) (  -163.95626601    63.28861447    -1.00000000 ) (  -165.40106653    63.07264009    -1.00000000 ) (  -166.84571063    62.85562192    -1.00000000 ) (  -168.29019653    62.63755319    -1.00000000 ) (  -169.73452241    62.41842718    -1.00000000 ) (  -171.17868647    62.19823716    -1.00000000 ) (  -172.62268687    61.97697642    -1.00000000 ) (  -174.06652190    61.75463914    -1.00000000 ) (  -175.51019190    61.53123275    -1.00000000 ) (  -176.95369876    61.30677469    -1.00000000 ) (  -178.39704446    61.08128262    -1.00000000 ) (  -179.84023101    60.85477422    -1.00000000 ) (  -181.28326047    60.62726711    -1.00000000 ) (  -182.72613490    60.39877893    -1.00000000 ) (  -184.16885644    60.16932728    -1.00000000 ) (  -185.61142723    59.93892975    -1.00000000 ) (  -187.05384945    59.70760392    -1.00000000 ) (  -188.49612532    59.47536734    -1.00000000 ) (  -189.93825708    59.24223757    -1.00000000 ) (  -191.38024701    59.00823214    -1.00000000 ) (  -192.82209743    58.77336855    -1.00000000 ) (  -194.26380974    58.53765874    -1.00000000 ) (  -195.70538021    58.30108302    -1.00000000 ) (  -197.14680323    58.06361056    -1.00000000 ) (  -198.58807313    57.82521056    -1.00000000 ) (  -200.02918419    57.58585225    -1.00000000 ) (  -201.47013063    57.34550490    -1.00000000 ) (  -202.91090660    57.10413780    -1.00000000 ) (  -204.35150621    56.86172031    -1.00000000 ) (  -205.79192349    56.61822179    -1.00000000 ) (  -207.23215242    56.37361167    -1.00000000 ) (  -208.67218690    56.12785941    -1.00000000 ) (  -210.11202077    55.88093452    -1.00000000 ) (  -211.55164780    55.63280655    -1.00000000 ) (  -212.99106182    55.38344584    -1.00000000 ) (  -214.43026036    55.13284444    -1.00000000 ) (  -215.86924521    54.88101891    -1.00000000 ) (  -217.30801845    54.62798710    -1.00000000 ) (  -218.74658217    54.37376684    -1.00000000 ) (  -220.18493854    54.11837593    -1.00000000 ) )
    polyLine 3 4 ( (  -223.06105461    53.60415028    -1.00000000 ) (  -224.49881880    53.34535102    -1.00000000 ) (  -225.93638463    53.08545208    -1.00000000 ) (  -227.37375442    52.82447117    -1.00000000 ) (  -228.81093056    52.56242596    -1.00000000 ) (  -230.24791548    52.29933410    -1.00000000 ) (  -231.68471158    52.03521305    -1.00000000 ) (  -233.12131957    51.77007072    -1.00000000 ) (  -234.55773746    51.50390045    -1.00000000 ) (  -235.99396303    51.23669439    -1.00000000 ) (  -237.42999405    50.96844469    -1.00000000 ) (  -238.86582825    50.69914353    -1.00000000 ) (  -240.30146337    50.42878308    -1.00000000 ) (  -241.73689713    50.15735556    -1.00000000 ) (  -243.17212722    49.88485316    -1.00000000 ) (  -244.60715132    49.61126812    -1.00000000 ) (  -246.04196711    49.33659267    -1.00000000 ) (  -247.47657223    49.06081907    -1.00000000 ) (  -248.91096433    48.78393959    -1.00000000 ) (  -250.34514105    48.50594666    -1.00000000 ) (  -251.77910047    48.22683504    -1.00000000 ) (  -253.21284105    47.94660143    -1.00000000 ) (  -254.64636123    47.66524257    -1.00000000 ) (  -256.07965946    47.38275522    -1.00000000 ) (  -257.51273418    47.09913616    -1.00000000 ) (  -258.94558381    46.81438215    -1.00000000 ) (  -260.37820678    46.52848999    -1.00000000 ) (  -261.81060152    46.24145645    -1.00000000 ) (  -263.24276641    45.95327836    -1.00000000 ) (  -264.67469988    45.66395251    -1.00000000 ) (  -266.10640032    45.37347572    -1.00000000 ) (  -267.53786611    45.08184478    -1.00000000 ) (  -268.96909360    44.78904660    -1.00000000 ) (  -270.40007462    44.49504626    -1.00000000 ) (  -271.83080033    44.19980599    -1.00000000 ) (  -273.26126180    43.90328809    -1.00000000 ) (  -274.69145000    43.60545495    -1.00000000 ) (  -276.12135581    43.30626902    -1.00000000 ) (  -277.55097003    43.00569285    -1.00000000 ) (  -278.98028336    42.70368906    -1.00000000 ) (  -280.40928637    42.40022037    -1.00000000 ) (  -281.83796957    42.09524960    -1.00000000 ) (  -283.26632335    41.78873963    -1.00000000 ) (  -284.69433801    41.48065360    -1.00000000 ) (  -286.12200760    41.17097235    -1.00000000 ) (  -287.54933390    40.85971269    -1.00000000 ) (  -288.97631972    40.54689573    -1.00000000 ) (  -290.40296792    40.23254257    -1.00000000 ) (  -291.82928143    39.91667423    -1.00000000 ) )
    polyLine 4 5 ( (  -294.68091439    39.28047643    -1.00000000 ) (  -296.10623997    38.96018883    -1.00000000 ) (  -297.53124315    38.63846979    -1.00000000 ) (  -298.95592712    38.31534013    -1.00000000 ) (  -300.38029517    37.99082064    -1.00000000 ) (  -301.80434988    37.66492896    -1.00000000 ) (  -303.22808647    37.33765028    -1.00000000 ) (  -304.65149562    37.00895041    -1.00000000 ) (  -306.07456786    36.67879499    -1.00000000 ) (  -307.49729364    36.34714976    -1.00000000 ) (  -308.91966331    36.01398055    -1.00000000 ) (  -310.34166712    35.67925330    -1.00000000 ) (  -311.76329525    35.34293404    -1.00000000 ) (  -313.18453776    35.00498891    -1.00000000 ) (  -314.60538462    34.66538417    -1.00000000 ) (  -316.02582569    34.32408617    -1.00000000 ) (  -317.44585102    33.98106251    -1.00000000 ) (  -318.86545435    33.63629655    -1.00000000 ) (  -320.28463219    33.28978330    -1.00000000 ) (  -321.70338111    32.94151807    -1.00000000 ) (  -323.12169767    32.59149620    -1.00000000 ) (  -324.53957842    32.23971306    -1.00000000 ) (  -325.95701987    31.88616404    -1.00000000 ) (  -327.37401855    31.53084458    -1.00000000 ) (  -328.79057097    31.17375012    -1.00000000 ) (  -330.20667361    30.81487616    -1.00000000 ) (  -331.62232295    30.45421821    -1.00000000 ) (  -333.03751412    30.09176664    -1.00000000 ) (  -334.45223737    29.72749293    -1.00000000 ) (  -335.86648172    29.36136435    -1.00000000 ) (  -337.28023609    28.99334830    -1.00000000 ) (  -338.69348930    28.62341234    -1.00000000 ) (  -340.10623006    28.25152416    -1.00000000 ) (  -341.51844697    27.87765161    -1.00000000 ) (  -342.93012853    27.50176266    -1.00000000 ) (  -344.34126301    27.12382551    -1.00000000 ) (  -345.75183871    26.74380844    -1.00000000 ) (  -347.16184448    26.36168218    -1.00000000 ) (  -348.57127193    25.97742830    -1.00000000 ) (  -349.98011346    25.59103168    -1.00000000 ) (  -351.38836140    25.20247725    -1.00000000 ) (  -352.79600806    24.81175006    -1.00000000 ) (  -354.20304567    24.41883527    -1.00000000 ) (  -355.60946644    24.02371810    -1.00000000 ) (  -357.01526251    23.62638393    -1.00000000 ) (  -358.42042596    23.22681818    -1.00000000 ) (  -359.82494878    22.82500620    -1.00000000 ) (  -361.22882044    22.42092487    -1.00000000 ) (  -362.63202705    22.01453998    -1.00000000 ) )
    polyLine 5 6 ( (  -365.43597204    21.19484321    -1.00000000 ) (  -366.83668211    20.78146392    -1.00000000 ) (  -368.23667004    20.36564489    -1.00000000 ) (  -369.63592110    19.94735233    -1.00000000 ) (  -371.03442044    19.52655269    -1.00000000 ) (  -372.43215257    19.10321239    -1.00000000 ) (  -373.82909757    18.67728366    -1.00000000 ) (  -375.22523049    18.24870004    -1.00000000 ) (  -376.62052509    17.81739450    -1.00000000 ) (  -378.01495484    17.38330052    -1.00000000 ) (  -379.40849293    16.94635212    -1.00000000 ) (  -380.80111229    16.50648386    -1.00000000 ) (  -382.19278486    16.06363105    -1.00000000 ) (  -383.58348326    15.61772930    -1.00000000 ) (  -384.97317788    15.16870867    -1.00000000 ) (  -386.36183000    14.71647397    -1.00000000 ) (  -387.74939815    14.26092395    -1.00000000 ) (  -389.13584037    13.80195841    -1.00000000 ) (  -390.52111421    13.33947814    -1.00000000 ) (  -391.90517672    12.87338506    -1.00000000 ) (  -393.28798442    12.40358219    -1.00000000 ) (  -394.66949334    11.92997364    -1.00000000 ) (  -396.04964957    11.45243841    -1.00000000 ) (  -397.42837494    10.97078898    -1.00000000 ) (  -398.80558697    10.48482930    -1.00000000 ) (  -400.18120163     9.99436617    -1.00000000 ) (  -401.55513371     9.49920925    -1.00000000 ) (  -402.92729684     8.99917118    -1.00000000 ) (  -404.29760346     8.49406778    -1.00000000 ) (  -405.66597245     7.98373829    -1.00000000 ) (  -407.03235938     7.46812520    -1.00000000 ) (  -408.39673134     6.94720341    -1.00000000 ) (  -409.75905540     6.42094883    -1.00000000 ) (  -411.11929861     5.88933837    -1.00000000 ) (  -412.47742664     5.35235045    -1.00000000 ) (  -413.83340510     4.80995789    -1.00000000 ) (  -415.18705102     4.26177153    -1.00000000 ) (  -416.53794491     3.70683921    -1.00000000 ) (  -417.88563937     3.14418196    -1.00000000 ) (  -419.22967926     2.57284914    -1.00000000 ) (  -420.56960152     1.99192217    -1.00000000 ) (  -421.90493548     1.40052933    -1.00000000 ) (  -423.23541250     0.79829858    -1.00000000 ) (  -424.56107520     0.18553499    -1.00000000 ) (  -425.88198916    -0.43740996    -1.00000000 ) (  -427.19821314    -1.07018842    -1.00000000 ) (  -428.50982836    -1.71247033    -1.00000000 ) (  -429.81636451    -2.36502920    -1.00000000 ) (  -431.11526190    -3.03261156    -1.00000000 ) )
    polyLine 6 7 ( (  -434.53669209    -4.93598670    -1.00000000 ) (  -439.57435508    -8.24231295    -1.00000000 ) )
    polyLine 7 8 ( (  -443.57801497   -11.65636660    -1.00000000 ) (  -446.54020003   -15.14891387    -1.00000000 ) (  -448.45788747   -18.65760927    -1.00000000 ) (  -448.83669315   -20.45117417    -1.00000000 ) (  -449.10890281   -22.02202908    -1.00000000 ) (  -449.28739481   -23.12582741    -1.00000000 ) (  -449.34962474   -23.51675359    -1.00000000 ) )
    polyLine 8 9 ( (  -449.33213770   -23.84854263    -1.00000000 ) (  -449.22915893   -24.23076144    -1.00000000 ) (  -448.93562608   -25.30968155    -1.00000000 ) (  -448.49979847   -26.84321914    -1.00000000 ) (  -447.93455445   -28.58702762    -1.00000000 ) (  -445.65866242   -31.87469913    -1.00000000 ) (  -442.34575707   -35.03651585    -1.00000000 ) )
    polyLine 9 10 ( (  -438.00539813   -38.01079545    -1.00000000 ) (  -432.64808894   -40.76925151    -1.00000000 ) )
    polyLine 10 11 ( (  -429.87258918   -41.97046055    -1.00000000 ) (  -429.34469931   -42.18348739    -1.00000000 ) (  -428.81543873   -42.39308221    -1.00000000 ) (  -428.28495298   -42.59956475    -1.00000000 ) (  -427.75339292   -42.80326379    -1.00000000 ) (  -427.22090380   -43.00452011    -1.00000000 ) (  -426.68762866   -43.20368389    -1.00000000 ) (  -426.15370775   -43.40111254    -1.00000000 ) (  -425.61923700   -43.59704883    -1.00000000 ) (  -425.08422466   -43.79150069    -1.00000000 ) (  -424.54866823   -43.98444840    -1.00000000 ) (  -424.01256534   -44.17587205    -1.00000000 ) (  -423.47591372   -44.36575156    -1.00000000 ) (  -422.93871098   -44.55406670    -1.00000000 ) (  -422.40095483   -44.74079707    -1.00000000 ) (  -421.86264393   -44.92592178    -1.00000000 ) (  -421.32377649   -45.10941992    -1.00000000 ) (  -420.78435087   -45.29127041    -1.00000000 ) (  -420.24436553   -45.47145196    -1.00000000 ) (  -419.70381910   -45.64994306    -1.00000000 ) (  -419.16271034   -45.82672202    -1.00000000 ) (  -418.62103885   -46.00176907    -1.00000000 ) (  -418.07881662   -46.17510261    -1.00000000 ) (  -417.53606608   -46.34677483    -1.00000000 ) (  -416.99280979   -46.51683990    -1.00000000 ) (  -416.44907002   -46.68535283    -1.00000000 ) (  -415.90486877   -46.85236947    -1.00000000 ) (  -415.36022776   -47.01794648    -1.00000000 ) (  -414.81516845   -47.18214126    -1.00000000 ) (  -414.26971201   -47.34501194    -1.00000000 ) (  -413.72387938   -47.50661736    -1.00000000 ) (  -413.17769121   -47.66701700    -1.00000000 ) (  -412.63116790   -47.82627099    -1.00000000 ) (  -412.08432963   -47.98444002    -1.00000000 ) (  -411.53719631   -48.14158537    -1.00000000 ) (  -410.98978744   -48.29776887    -1.00000000 ) (  -410.44212258   -48.45305261    -1.00000000 ) (  -409.89421562   -48.60747988    -1.00000000 ) (  -409.34606964   -48.76105643    -1.00000000 ) (  -408.79768645   -48.91378368    -1.00000000 ) (  -408.24906788   -49.06566307    -1.00000000 ) (  -407.70021575   -49.21669605    -1.00000000 ) (  -407.15113186   -49.36688413    -1.00000000 ) (  -406.60181791   -49.51622883    -1.00000000 ) (  -406.05227557   -49.66473173    -1.00000000 ) (  -405.50250690   -49.81239430    -1.00000000 ) (  -404.95251371   -49.95921814    -1.00000000 ) (  -404.40229779   -50.10520484    -1.00000000 ) (  -403.85186093   -50.25035601    -1.00000000 ) )
    polyLine 11 12 ( (  -402.74990510   -50.53826917    -1.00000000 ) (  -402.19838931   -50.68103323    -1.00000000 ) (  -401.64665935   -50.82296723    -1.00000000 ) (  -401.09471701   -50.96407295    -1.00000000 ) (  -400.54256492   -51.10435556    -1.00000000 ) (  -399.99020708   -51.24382574    -1.00000000 ) (  -399.43764757   -51.38249474    -1.00000000 ) (  -398.88489046   -51.52037390    -1.00000000 ) (  -398.33193976   -51.65747462    -1.00000000 ) (  -397.77879947   -51.79380839    -1.00000000 ) (  -397.22547355   -51.92938674    -1.00000000 ) (  -396.67196587   -52.06422130    -1.00000000 ) (  -396.11828027   -52.19832376    -1.00000000 ) (  -395.56442070   -52.33170585    -1.00000000 ) (  -395.01039098   -52.46437937    -1.00000000 ) (  -394.45619490   -52.59635620    -1.00000000 ) (  -393.90183620   -52.72764828    -1.00000000 ) (  -393.34731861   -52.85826759    -1.00000000 ) (  -392.79264580   -52.98822620    -1.00000000 ) (  -392.23782143   -53.11753622    -1.00000000 ) (  -391.68284912   -53.24620982    -1.00000000 ) (  -391.12773245   -53.37425922    -1.00000000 ) (  -390.57247486   -53.50169615    -1.00000000 ) (  -390.01707881   -53.62852829    -1.00000000 ) (  -389.46154634   -53.75476151    -1.00000000 ) (  -388.90587944   -53.88040173    -1.00000000 ) (  -388.35008013   -54.00545487    -1.00000000 ) (  -387.79415038   -54.12992687    -1.00000000 ) (  -387.23809217   -54.25382372    -1.00000000 ) (  -386.68190745   -54.37715142    -1.00000000 ) (  -386.12559817   -54.49991600    -1.00000000 ) (  -385.56916624   -54.62212352    -1.00000000 ) (  -385.01261359   -54.74378003    -1.00000000 ) (  -384.45594210   -54.86489165    -1.00000000 ) (  -383.89915368   -54.98546451    -1.00000000 ) (  -383.34225017   -55.10550473    -1.00000000 ) (  -382.78523345   -55.22501851    -1.00000000 ) (  -382.22810536   -55.34401201    -1.00000000 ) (  -381.67086772   -55.46249147    -1.00000000 ) (  -381.11352236   -55.58046311    -1.00000000 ) (  -380.55607106   -55.69793319    -1.00000000 ) (  -379.99851563   -55.81490798    -1.00000000 ) (  -379.44085780   -55.93139364    -1.00000000 ) (  -378.88309900   -56.04739487    -1.00000000 ) (  -378.32524049   -56.16291561    -1.00000000 ) (  -377.76728352   -56.27795982    -1.00000000 ) (  -377.20922931   -56.39253146    -1.00000000 ) (  -376.65107911   -56.50663449    -1.00000000 ) (  -376.09283413   -56.62027290    -1.00000000 ) )
    polyLine 13 14 ( (   -24.59332047   360.01508836    -1.00000000 ) (   -26.09126448   359.91518353    -1.00000000 ) (   -27.78364885   359.80089229    -1.00000000 ) (   -29.47592919   359.68507095    -1.00000000 ) (   -31.16810182   359.56768620    -1.00000000 ) (   -32.86016289   359.44870475    -1.00000000 ) (   -34.55210860   359.32809333    -1.00000000 ) (   -36.24393488   359.20581868    -1.00000000 ) (   -37.93563771   359.08184758    -1.00000000 ) (   -39.62721292   358.95614680    -1.00000000 ) (   -41.31865615   358.82868317    -1.00000000 ) (   -43.00996314   358.69942350    -1.00000000 ) (   -44.70112927   358.56833466    -1.00000000 ) (   -46.07421970   358.46052436    -1.00000000 ) (   -46.13984326   358.45534059    -1.00000000 ) (   -49.81863652   358.16519418    -1.00000000 ) (   -51.46502384   358.03414095    -1.00000000 ) (   -53.15576916   357.89773138    -1.00000000 ) (   -54.84636938   357.75953538    -1.00000000 ) (   -56.53682698   357.61960496    -1.00000000 ) (   -58.22714441   357.47799216    -1.00000000 ) (   -59.91732451   357.33474895    -1.00000000 ) (   -61.60737009   357.18992729    -1.00000000 ) (   -63.29728414   357.04357913    -1.00000000 ) (   -64.98706992   356.89575639    -1.00000000 ) (   -66.67673055   356.74651097    -1.00000000 ) (   -68.36626961   356.59589474    -1.00000000 ) (   -70.05569054   356.44395956    -1.00000000 ) (   -71.28016521   356.33303702    -1.00000000 ) (   -71.35801094   356.32596291    -1.00000000 ) (   -75.12355570   355.98375309    -1.00000000 ) (   -76.81272426   355.82903741    -1.00000000 ) (   -78.50177420   355.67303146    -1.00000000 ) (   -80.19070018   355.51569025    -1.00000000 ) (   -81.87949708   355.35696878    -1.00000000 ) (   -83.56815938   355.19682212    -1.00000000 ) (   -85.25668162   355.03520534    -1.00000000 ) (   -86.94505820   354.87207356    -1.00000000 ) (   -88.63328326   354.70738192    -1.00000000 ) (   -90.32135110   354.54108560    -1.00000000 ) (   -92.00925554   354.37313984    -1.00000000 ) (   -93.69699059   354.20349988    -1.00000000 ) (   -95.38454996   354.03212103    -1.00000000 ) (   -95.89770524   353.97965268    -1.00000000 ) (   -99.30384012   353.63105770    -1.00000000 ) (  -100.44677529   353.51354500    -1.00000000 ) (  -102.13396731   353.33858673    -1.00000000 ) (  -103.82098144   353.16192120    -1.00000000 ) (  -105.50782144   352.98360111    -1.00000000 ) )
    polyLine 14 15 ( (  -108.81443957   352.62939835    -1.00000000 ) (  -110.43423836   352.45373479    -1.00000000 ) (  -112.05389169   352.27673496    -1.00000000 ) (  -113.67340357   352.09844540    -1.00000000 ) (  -115.29277812   351.91891262    -1.00000000 ) (  -116.91201955   351.73818309    -1.00000000 ) (  -118.53113220   351.55630326    -1.00000000 ) (  -120.15012040   351.37331957    -1.00000000 ) (  -123.37841515   351.00720531    -1.00000000 ) (  -123.45965917   350.99797847    -1.00000000 ) (  -125.00678913   350.82175696    -1.00000000 ) (  -126.62549741   350.63631294    -1.00000000 ) (  -128.24407782   350.44975612    -1.00000000 ) (  -129.86252570   350.26205301    -1.00000000 ) (  -131.48083625   350.07317014    -1.00000000 ) (  -133.09900475   349.88307403    -1.00000000 ) (  -134.71702632   349.69173128    -1.00000000 ) (  -136.33489601   349.49910849    -1.00000000 ) (  -137.95260880   349.30517228    -1.00000000 ) (  -139.57015958   349.10988933    -1.00000000 ) (  -141.18754317   348.91322634    -1.00000000 ) (  -142.80475420   348.71515005    -1.00000000 ) (  -144.38795227   348.51981735    -1.00000000 ) (  -144.46262259   348.51056933    -1.00000000 ) (  -147.65565670   348.11498569    -1.00000000 ) (  -149.27248155   347.91378079    -1.00000000 ) (  -150.88912550   347.71112815    -1.00000000 ) (  -152.50559109   347.50705770    -1.00000000 ) (  -154.12188088   347.30159938    -1.00000000 ) (  -155.73799748   347.09478307    -1.00000000 ) (  -157.35394359   346.88663867    -1.00000000 ) (  -158.96972196   346.67719603    -1.00000000 ) (  -160.58533542   346.46648497    -1.00000000 ) (  -162.20078686   346.25453531    -1.00000000 ) (  -163.81607917   346.04137683    -1.00000000 ) (  -165.43121546   345.82703928    -1.00000000 ) (  -167.04619883   345.61155240    -1.00000000 ) (  -168.31658406   345.44124278    -1.00000000 ) (  -171.00687842   345.08032986    -1.00000000 ) (  -171.89065604   344.96140779    -1.00000000 ) (  -173.50528390   344.74327273    -1.00000000 ) (  -175.11976112   344.52402573    -1.00000000 ) (  -176.73408550   344.30365653    -1.00000000 ) (  -178.34825490   344.08215485    -1.00000000 ) (  -179.96226709   343.85951047    -1.00000000 ) (  -181.57611983   343.63571315    -1.00000000 ) (  -183.18981085   343.41075266    -1.00000000 ) (  -184.80333787   343.18461880    -1.00000000 ) (  -186.41669859   342.95730137    -1.00000000 ) )
    polyLine 15 16 ( (  -189.69166644   342.49211256    -1.00000000 ) (  -191.35325833   342.25414598    -1.00000000 ) (  -194.23797601   341.83930155    -1.00000000 ) (  -194.67616415   341.77627755    -1.00000000 ) (  -196.33749392   341.53648793    -1.00000000 ) (  -197.99863324   341.29538379    -1.00000000 ) (  -199.65957992   341.05295473    -1.00000000 ) (  -201.32033095   340.80919050    -1.00000000 ) (  -202.98088415   340.56408075    -1.00000000 ) (  -204.64123644   340.31761525    -1.00000000 ) (  -206.30138558   340.06978368    -1.00000000 ) (  -207.96132849   339.82057584    -1.00000000 ) (  -209.62106283   339.56998144    -1.00000000 ) (  -211.28058552   339.31799033    -1.00000000 ) (  -212.93989409   339.06459224    -1.00000000 ) (  -214.27904375   338.85902938    -1.00000000 ) (  -214.36278611   338.84614319    -1.00000000 ) (  -217.91705098   338.29938186    -1.00000000 ) (  -219.57584580   338.04264184    -1.00000000 ) (  -221.23442532   337.78451595    -1.00000000 ) (  -222.89279294   337.52503093    -1.00000000 ) (  -224.55095139   337.26421360    -1.00000000 ) (  -226.20890407   337.00209069    -1.00000000 ) (  -227.86665399   336.73868893    -1.00000000 ) (  -229.52420451   336.47403500    -1.00000000 ) (  -231.18155888   336.20815557    -1.00000000 ) (  -232.83872047   335.94107729    -1.00000000 ) (  -234.49569276   335.67282674    -1.00000000 ) (  -236.15247908   335.40343054    -1.00000000 ) (  -236.84105128   335.29112804    -1.00000000 ) (  -239.46568684   334.86239801    -1.00000000 ) (  -241.12219657   334.59130532    -1.00000000 ) (  -242.77851635   334.31905576    -1.00000000 ) (  -244.43463800   334.04560249    -1.00000000 ) (  -246.09055257   333.77089887    -1.00000000 ) (  -247.74625155   333.49489822    -1.00000000 ) (  -249.40172594   333.21755400    -1.00000000 ) (  -251.05696685   332.93881968    -1.00000000 ) (  -252.71196526   332.65864882    -1.00000000 ) (  -254.36671184   332.37699506    -1.00000000 ) (  -256.02119758   332.09381208    -1.00000000 ) (  -257.67541266   331.80905371    -1.00000000 ) (  -258.64306788   331.64170937    -1.00000000 ) (  -261.62776224   331.12429963    -1.00000000 ) (  -262.63707495   330.94908509    -1.00000000 ) (  -264.29065732   330.66067450    -1.00000000 ) (  -265.94395861   330.37065730    -1.00000000 ) (  -267.59698219   330.07906051    -1.00000000 ) (  -269.24973094   329.78591121    -1.00000000 ) )
    polyLine 16 17 ( (  -272.57182065   329.19193516    -1.00000000 ) (  -274.24116278   328.89113139    -1.00000000 ) (  -275.91023849   328.58885277    -1.00000000 ) (  -277.57905134   328.28512699    -1.00000000 ) (  -279.24760542   327.97998167    -1.00000000 ) (  -280.41254838   327.76608215    -1.00000000 ) (  -283.15865815   327.26139667    -1.00000000 ) (  -284.25241328   327.05988880    -1.00000000 ) (  -285.92035494   326.75141336    -1.00000000 ) (  -287.58803822   326.44154580    -1.00000000 ) (  -289.25546013   326.13027376    -1.00000000 ) (  -290.92261693   325.81758501    -1.00000000 ) (  -292.58950498   325.50346732    -1.00000000 ) (  -294.25612103   325.18790844    -1.00000000 ) (  -295.92246095   324.87089628    -1.00000000 ) (  -297.58852158   324.55241858    -1.00000000 ) (  -299.25429907   324.23246324    -1.00000000 ) (  -300.91978960   323.91101819    -1.00000000 ) (  -304.15557330   323.28401413    -1.00000000 ) (  -304.25029300   323.26565585    -1.00000000 ) (  -305.91537624   322.94210782    -1.00000000 ) (  -307.58016526   322.61704857    -1.00000000 ) (  -309.24465753   322.29047301    -1.00000000 ) (  -310.90885044   321.96237612    -1.00000000 ) (  -312.57274195   321.63275274    -1.00000000 ) (  -314.23632900   321.30159797    -1.00000000 ) (  -315.89960967   320.96890665    -1.00000000 ) (  -317.56258122   320.63467383    -1.00000000 ) (  -319.22524112   320.29889451    -1.00000000 ) (  -320.88758718   319.96156366    -1.00000000 ) (  -321.79176796   319.77740287    -1.00000000 ) (  -324.72674298   319.17794452    -1.00000000 ) (  -325.87341847   318.94364479    -1.00000000 ) (  -327.53502963   318.60271375    -1.00000000 ) (  -329.19629958   318.26012262    -1.00000000 ) (  -330.85721369   317.91581253    -1.00000000 ) (  -332.51775859   317.56972442    -1.00000000 ) (  -334.17791936   317.22179968    -1.00000000 ) (  -335.83768193   316.87197964    -1.00000000 ) (  -337.49703156   316.52020589    -1.00000000 ) (  -339.15595321   316.16642019    -1.00000000 ) (  -340.81443238   315.81056435    -1.00000000 ) (  -341.73201767   315.61272735    -1.00000000 ) (  -345.19827396   314.86371441    -1.00000000 ) (  -345.78836374   314.73606882    -1.00000000 ) (  -347.44593087   314.37598966    -1.00000000 ) (  -349.10303643   314.01379268    -1.00000000 ) (  -350.75968519   313.64951085    -1.00000000 ) (  -352.41588107   313.28317726    -1.00000000 ) )
    polyLine 17 18 ( (  -355.86570131   312.51334615    -1.00000000 ) (  -357.65925904   312.10957612    -1.00000000 ) (  -359.45230881   311.70355612    -1.00000000 ) (  -361.24485680   311.29532768    -1.00000000 ) (  -364.83875153   310.47370283    -1.00000000 ) (  -364.91544698   310.45616267    -1.00000000 ) (  -366.62120647   310.06496953    -1.00000000 ) (  -368.41263116   309.65184020    -1.00000000 ) (  -370.20352510   309.23641447    -1.00000000 ) (  -371.99386881   308.81862416    -1.00000000 ) (  -373.78364293   308.39840123    -1.00000000 ) (  -375.57282857   307.97567773    -1.00000000 ) (  -377.36140489   307.55038640    -1.00000000 ) (  -379.14935295   307.12245972    -1.00000000 ) (  -380.55329256   306.78444125    -1.00000000 ) (  -384.11944621   305.92305041    -1.00000000 ) (  -384.51074899   305.82849481    -1.00000000 ) (  -386.29735383   305.39499355    -1.00000000 ) (  -388.08328442   304.95872552    -1.00000000 ) (  -389.86853511   304.51968110    -1.00000000 ) (  -391.65309801   304.07785126    -1.00000000 ) (  -393.43696689   303.63322664    -1.00000000 ) (  -395.22013463   303.18579816    -1.00000000 ) (  -397.00259393   302.73555686    -1.00000000 ) (  -398.78433860   302.28249356    -1.00000000 ) (  -399.01381974   302.22392198    -1.00000000 ) (  -402.78214706   301.26121178    -1.00000000 ) (  -404.12783689   300.91655671    -1.00000000 ) (  -405.90814506   300.45788446    -1.00000000 ) (  -407.68769132   299.99626225    -1.00000000 ) (  -409.46645235   299.53162552    -1.00000000 ) (  -411.24440653   299.06390956    -1.00000000 ) (  -413.02153070   298.59305038    -1.00000000 ) (  -414.79780206   298.11898417    -1.00000000 ) (  -416.57319748   297.64164755    -1.00000000 ) (  -416.93549001   297.54380367    -1.00000000 ) (  -420.91413338   296.46806116    -1.00000000 ) (  -421.89725092   296.20172740    -1.00000000 ) (  -423.67102183   295.71838944    -1.00000000 ) (  -425.44386425   295.23165694    -1.00000000 ) (  -427.21576285   294.74149994    -1.00000000 ) (  -428.98670238   294.24788868    -1.00000000 ) (  -430.75666710   293.75079377    -1.00000000 ) (  -432.52564153   293.25018592    -1.00000000 ) (  -434.26050407   292.75551196    -1.00000000 ) (  -438.37395963   291.57783179    -1.00000000 ) (  -438.43361517   291.56075140    -1.00000000 ) (  -439.59567602   291.22715115    -1.00000000 ) (  -441.36188090   290.71686024    -1.00000000 ) )
    polyLine 18 19 ( (  -445.62741580   289.46779663    -1.00000000 ) (  -448.12552442   288.72496722    -1.00000000 ) (  -450.62125903   287.97419996    -1.00000000 ) (  -450.95018570   287.87459508    -1.00000000 ) (  -455.60933365   286.46153606    -1.00000000 ) (  -458.10194155   285.70045308    -1.00000000 ) (  -460.59191257   284.93078709    -1.00000000 ) (  -463.07909596   284.15216009    -1.00000000 ) (  -465.56333809   283.36419950    -1.00000000 ) (  -467.01632175   282.89840550    -1.00000000 ) (  -471.98670319   281.29658858    -1.00000000 ) (  -473.00560802   280.96759084    -1.00000000 ) (  -475.48338215   280.15952306    -1.00000000 ) (  -477.95762821   279.34071680    -1.00000000 ) (  -480.42810512   278.51060819    -1.00000000 ) (  -482.73930229   277.72204869    -1.00000000 ) (  -484.87156067   277.00348054    -1.00000000 ) (  -488.59891012   275.70316288    -1.00000000 ) (  -490.28595347   275.11942687    -1.00000000 ) (  -492.74499161   274.25602411    -1.00000000 ) (  -495.19896967   273.37834368    -1.00000000 ) (  -497.64739983   272.48530952    -1.00000000 ) (  -498.38709533   272.21190395    -1.00000000 ) (  -498.43608251   272.19373627    -1.00000000 ) (  -504.78447526   269.84275754    -1.00000000 ) (  -507.41850803   268.85175550    -1.00000000 ) (  -509.85290082   267.92113210    -1.00000000 ) (  -512.28071715   266.97349032    -1.00000000 ) (  -514.09547368   266.25218622    -1.00000000 ) (  -514.13813335   266.23509568    -1.00000000 ) (  -521.79652084   263.15107764    -1.00000000 ) (  -521.95431498   263.08778385    -1.00000000 ) (  -524.36900355   262.10718426    -1.00000000 ) (  -526.77409726   261.10328373    -1.00000000 ) (  -529.16699864   260.07068645    -1.00000000 ) (  -529.78626210   259.79712898    -1.00000000 ) (  -533.97652201   257.99741674    -1.00000000 ) (  -540.45249750   255.05655455    -1.00000000 ) (  -540.48275758   255.04310201    -1.00000000 ) (  -541.07501503   254.77844444    -1.00000000 ) (  -543.44482860   253.69391384    -1.00000000 ) (  -545.79949575   252.57686257    -1.00000000 ) (  -547.46474161   251.76388839    -1.00000000 ) (  -560.50958215   245.22008128    -1.00000000 ) (  -560.53368787   245.20817206    -1.00000000 ) (  -560.55779340   245.19625901    -1.00000000 ) (  -560.58189871   245.18434207    -1.00000000 ) (  -560.60600382   245.17242120    -1.00000000 ) (  -562.11568078   244.41578171    -1.00000000 ) )
    polyLine 19 20 ( (  -565.04032897   242.86124268    -1.00000000 ) (  -565.65487483   242.51349264    -1.00000000 ) (  -566.26550769   242.15891714    -1.00000000 ) (  -566.54422614   241.99386226    -1.00000000 ) (  -566.54480367   241.99351808    -1.00000000 ) (  -566.54538119   241.99317390    -1.00000000 ) (  -566.54595871   241.99282970    -1.00000000 ) (  -566.54653623   241.99248550    -1.00000000 ) (  -567.14096016   241.67371894    -1.00000000 ) (  -567.90436230   241.26163961    -1.00000000 ) (  -568.66425257   240.84841959    -1.00000000 ) (  -569.42063042   240.43408604    -1.00000000 ) (  -570.17349564   240.01866592    -1.00000000 ) (  -570.92284835   239.60218606    -1.00000000 ) (  -571.66868898   239.18467312    -1.00000000 ) (  -572.41101831   238.76615358    -1.00000000 ) (  -573.14983739   238.34665375    -1.00000000 ) (  -573.88514763   237.92619979    -1.00000000 ) (  -574.61695070   237.50481764    -1.00000000 ) (  -575.34524861   237.08253310    -1.00000000 ) (  -576.07004365   236.65937176    -1.00000000 ) (  -576.79133840   236.23535906    -1.00000000 ) (  -577.50913574   235.81052021    -1.00000000 ) (  -578.22343881   235.38488028    -1.00000000 ) (  -578.93425107   234.95846413    -1.00000000 ) (  -579.64157621   234.53129640    -1.00000000 ) (  -580.34541823   234.10340160    -1.00000000 ) (  -581.04578137   233.67480398    -1.00000000 ) (  -581.74267014   233.24552765    -1.00000000 ) (  -582.43608931   232.81559648    -1.00000000 ) (  -583.12604389   232.38503417    -1.00000000 ) (  -583.81253916   231.95386421    -1.00000000 ) (  -584.49558062   231.52210988    -1.00000000 ) (  -585.87249176   230.64334600    -1.00000000 ) (  -588.18220379   229.14378170    -1.00000000 ) (  -588.18547905   229.14182777    -1.00000000 ) (  -588.18875429   229.13987356    -1.00000000 ) (  -588.19202952   229.13791906    -1.00000000 ) (  -588.19530474   229.13596428    -1.00000000 ) (  -588.72427005   228.81646807    -1.00000000 ) (  -589.32472967   228.44492467    -1.00000000 ) (  -589.92116910   228.06696010    -1.00000000 ) (  -590.51379994   227.68305074    -1.00000000 ) (  -591.10283480   227.29364573    -1.00000000 ) (  -591.68848610   226.89916937    -1.00000000 ) (  -592.27096485   226.50002357    -1.00000000 ) (  -592.85048177   226.09658877    -1.00000000 ) (  -593.18897083   225.85819780    -1.00000000 ) (  -593.19018379   225.85734002    -1.00000000 ) (  -593.19139675   225.85648222    -1.00000000 ) (  -593.19260972   225.85562440    -1.00000000 ) (  -593.19382268   225.85476655    -1.00000000 ) (  -593.19503564   225.85390868    -1.00000000 ) (  -593.19624859   225.85305079    -1.00000000 ) (  -593.19746155   225.85219287    -1.00000000 ) (  -593.19867451   225.85133492    -1.00000000 ) (  -593.19988746   225.85047696    -1.00000000 ) (  -593.20110041   225.84961897    -1.00000000 ) (  -595.29739559   224.46021975    -1.00000000 ) (  -597.46401478   222.99550272    -1.00000000 ) (  -599.59279285   221.52740972    -1.00000000 ) (  -601.61072545   220.10875636    -1.00000000 ) (  -602.44943495   219.51127390    -1.00000000 ) (  -603.28204409   218.91352526    -1.00000000 ) (  -604.10857766   218.31555755    -1.00000000 ) (  -604.92906094   217.71741714    -1.00000000 ) (  -605.74351972   217.11914970    -1.00000000 ) (  -606.55198026   216.52080016    -1.00000000 ) (  -607.35446924   215.92241274    -1.00000000 ) (  -608.15101382   215.32403094    -1.00000000 ) (  -608.94164155   214.72569754    -1.00000000 ) (  -609.72638038   214.12745461    -1.00000000 ) (  -610.50525866   213.52934350    -1.00000000 ) (  -611.27830510   212.93140488    -1.00000000 ) (  -612.04554878   212.33367870    -1.00000000 ) (  -612.80701910   211.73620419    -1.00000000 ) (  -613.56274578   211.13901993    -1.00000000 ) (  -614.31275888   210.54216376    -1.00000000 ) (  -615.05708872   209.94567288    -1.00000000 ) (  -615.79576591   209.34958377    -1.00000000 ) (  -616.52882133   208.75393225    -1.00000000 ) (  -617.25628613   208.15875347    -1.00000000 ) (  -617.97819165   207.56408189    -1.00000000 ) (  -618.69456950   206.96995134    -1.00000000 ) (  -619.40545148   206.37639497    -1.00000000 ) (  -620.11086960   205.78344528    -1.00000000 ) (  -620.81085605   205.19113412    -1.00000000 ) (  -621.26261283   204.80680147    -1.00000000 ) (  -621.26310514   204.80645308    -1.00000000 ) (  -621.26359744   204.80610469    -1.00000000 ) (  -621.26408975   204.80575629    -1.00000000 ) (  -621.26458205   204.80540789    -1.00000000 ) (  -621.26507435   204.80505949    -1.00000000 ) (  -621.26556666   204.80471108    -1.00000000 ) (  -621.26605896   204.80436267    -1.00000000 ) (  -621.26655126   204.80401425    -1.00000000 ) (  -621.26704357   204.80366583    -1.00000000 ) (  -621.66508243   204.52015906    -1.00000000 ) (  -622.23549067   204.10395817    -1.00000000 ) )
    polyLine 20 21 ( (  -624.37259372   202.31540981    -1.00000000 ) (  -625.24314471   201.41489792    -1.00000000 ) (  -625.24431854   201.41359285    -1.00000000 ) (  -625.24549235   201.41228752    -1.00000000 ) (  -625.24666614   201.41098194    -1.00000000 ) (  -625.24783993   201.40967612    -1.00000000 ) (  -625.51598381   201.18042657    -1.00000000 ) (  -628.19773573   198.85795285    -1.00000000 ) (  -630.79829814   196.54811529    -1.00000000 ) (  -633.31970331   194.25254100    -1.00000000 ) (  -635.76399969   191.97271787    -1.00000000 ) (  -638.13324324   189.71000079    -1.00000000 ) (  -640.42948959   187.46561812    -1.00000000 ) (  -642.65478709   185.24067808    -1.00000000 ) (  -644.81117053   183.03617522    -1.00000000 ) (  -646.90065571   180.85299679    -1.00000000 ) (  -650.66991396   176.79235061    -1.00000000 ) (  -654.47558458   172.52368027    -1.00000000 ) (  -657.12555357   169.44487559    -1.00000000 ) (  -657.12793311   169.44221901    -1.00000000 ) (  -657.13031260   169.43956142    -1.00000000 ) (  -657.13269203   169.43690281    -1.00000000 ) (  -657.13507141   169.43424318    -1.00000000 ) (  -658.06989567   168.32636843    -1.00000000 ) (  -659.39129192   166.71677901    -1.00000000 ) (  -660.06100817   165.98054138    -1.00000000 ) (  -660.06225747   165.97925910    -1.00000000 ) (  -660.06350679   165.97797718    -1.00000000 ) (  -660.06475613   165.97669564    -1.00000000 ) (  -660.06600548   165.97541446    -1.00000000 ) (  -660.06725486   165.97413365    -1.00000000 ) (  -660.06850426   165.97285322    -1.00000000 ) (  -660.06975367   165.97157315    -1.00000000 ) (  -662.67713189   162.85195623    -1.00000000 ) (  -665.89881685   158.86623594    -1.00000000 ) (  -668.92323897   154.98424255    -1.00000000 ) (  -671.76332887   151.20648365    -1.00000000 ) (  -674.43127791   147.53279032    -1.00000000 ) (  -676.93854530   143.96243053    -1.00000000 ) (  -679.30886055   140.47479015    -1.00000000 ) (  -681.54066167   137.08435592    -1.00000000 ) (  -683.64023393   133.79398056    -1.00000000 ) (  -685.61650569   130.60150425    -1.00000000 ) (  -687.47778846   127.50458098    -1.00000000 ) (  -689.23181210   124.50072711    -1.00000000 ) (  -690.88576017   121.58736227    -1.00000000 ) (  -692.24615084   119.12870551    -1.00000000 ) (  -692.24740934   119.12742199    -1.00000000 ) (  -692.24866786   119.12613882    -1.00000000 ) (  -692.24992640   119.12485601    -1.00000000 ) (  -692.25118495   119.12357355    -1.00000000 ) (  -692.25244353   119.12229143    -1.00000000 ) (  -692.52970991   118.84314537    -1.00000000 ) (  -693.67670927   117.12314740    -1.00000000 ) (  -694.13552036   115.70616501    -1.00000000 ) (  -694.14435382   115.67154975    -1.00000000 ) (  -697.06148134   110.18305116    -1.00000000 ) (  -699.05341424   106.26285824    -1.00000000 ) (  -700.88369707   102.52022111    -1.00000000 ) (  -702.56792136    98.94594046    -1.00000000 ) (  -704.12000430    95.53111993    -1.00000000 ) (  -705.55237626    92.26721440    -1.00000000 ) (  -706.87614857    89.14605964    -1.00000000 ) (  -708.10126286    86.15988803    -1.00000000 ) (  -709.23662358    83.30133370    -1.00000000 ) (  -710.29021535    80.56342995    -1.00000000 ) (  -711.26920669    77.93960109    -1.00000000 ) (  -712.18004155    75.42365035    -1.00000000 ) (  -713.02852013    73.00974521    -1.00000000 ) (  -713.81987010    70.69240097    -1.00000000 ) (  -714.55880951    68.46646341    -1.00000000 ) (  -715.24960223    66.32709111    -1.00000000 ) (  -715.89610692    64.26973770    -1.00000000 ) (  -716.50182025    62.29013444    -1.00000000 ) (  -717.06991518    60.38427330    -1.00000000 ) (  -717.60327479    58.54839070    -1.00000000 ) (  -718.10452218    56.77895198    -1.00000000 ) (  -718.57604712    55.07263659    -1.00000000 ) (  -719.02002954    53.42632421    -1.00000000 ) (  -719.43846058    51.83708159    -1.00000000 ) (  -719.83316112    50.30215021    -1.00000000 ) (  -720.20579848    48.81893477    -1.00000000 ) (  -720.55790113    47.38499234    -1.00000000 ) (  -720.89087201    45.99802233    -1.00000000 ) (  -721.20600026    44.65585709    -1.00000000 ) (  -721.50447184    43.35645312    -1.00000000 ) (  -721.78737901    42.09788298    -1.00000000 ) (  -722.05572881    40.87832766    -1.00000000 ) (  -722.31045075    39.69606956    -1.00000000 ) (  -722.55240363    38.54948591    -1.00000000 ) (  -722.78238176    37.43704273    -1.00000000 ) (  -723.00112055    36.35728908    -1.00000000 ) (  -723.20930154    35.30885187    -1.00000000 ) (  -723.40755695    34.29043092    -1.00000000 ) (  -723.59647378    33.30079439    -1.00000000 ) (  -723.77659762    32.33877461    -1.00000000 ) (  -723.90634022    31.63422565    -1.00000000 ) (  -724.10783138    30.74148475    -1.00000000 ) (  -724.27761184    29.87079231    -1.00000000 ) (  -724.48434798    28.69330603    -1.00000000 ) (  -724.54982150    28.29993739    -1.00000000 ) (  -724.72831351    27.19613907    -1.00000000 ) (  -724.79054343    26.80521288    -1.00000000 ) )
    polyLine 21 22 ( (  -717.95725385  -102.84567531    -1.00000000 ) (  -717.85427508  -103.22789412    -1.00000000 ) (  -717.56074224  -104.30681423    -1.00000000 ) (  -717.45428109  -104.69112100    -1.00000000 ) (  -717.12491462  -105.84035183    -1.00000000 ) (  -716.86454882  -106.68837328    -1.00000000 ) (  -716.57033030  -107.55498765    -1.00000000 ) (  -716.36724532  -108.24199483    -1.00000000 ) (  -716.08699324  -109.17975036    -1.00000000 ) (  -715.79509385  -110.14404532    -1.00000000 ) (  -715.49088185  -111.13598358    -1.00000000 ) (  -715.17364399  -112.15672842    -1.00000000 ) (  -714.84261488  -113.20750639    -1.00000000 ) (  -714.49697242  -114.28961131    -1.00000000 ) (  -714.13583276  -115.40440878    -1.00000000 ) (  -713.75824474  -116.55334080    -1.00000000 ) (  -713.36318372  -117.73793085    -1.00000000 ) (  -712.94954481  -118.95978931    -1.00000000 ) (  -712.51613532  -120.22061926    -1.00000000 ) (  -712.06166644  -121.52222266    -1.00000000 ) (  -711.58474397  -122.86650699    -1.00000000 ) (  -711.08385804  -124.25549240    -1.00000000 ) (  -710.55737167  -125.69131925    -1.00000000 ) (  -710.00350804  -127.17625626    -1.00000000 ) (  -709.42033627  -128.71270910    -1.00000000 ) (  -708.80575558  -130.30322959    -1.00000000 ) (  -708.15747755  -131.95052542    -1.00000000 ) (  -707.47300629  -133.65747048    -1.00000000 ) (  -706.74961624  -135.42711571    -1.00000000 ) (  -705.98432726  -137.26270044    -1.00000000 ) (  -705.17387663  -139.16766435    -1.00000000 ) (  -704.31468766  -141.14565972    -1.00000000 ) (  -703.40283431  -143.20056406    -1.00000000 ) (  -702.43400139  -145.33649296    -1.00000000 ) (  -701.40343975  -147.55781280    -1.00000000 ) (  -700.30591566  -149.86915328    -1.00000000 ) (  -699.13565387  -152.27541918    -1.00000000 ) (  -697.88627321  -154.78180102    -1.00000000 ) (  -696.55071404  -157.39378384    -1.00000000 ) (  -695.12115632  -160.11715336    -1.00000000 ) (  -693.58892735  -162.95799835    -1.00000000 ) (  -691.94439771  -165.92270785    -1.00000000 ) (  -690.17686433  -169.01796140    -1.00000000 ) (  -688.27441923  -172.25070997    -1.00000000 ) (  -686.22380266  -175.62814469    -1.00000000 ) (  -684.01023937  -179.15764969    -1.00000000 ) (  -681.61725718  -182.84673431    -1.00000000 ) (  -678.13934812  -187.99818056    -1.00000000 ) (  -678.12692489  -188.03167548    -1.00000000 ) (  -677.52170455  -189.39257777    -1.00000000 ) (  -676.20025612  -190.98247544    -1.00000000 ) (  -675.89518244  -191.23092909    -1.00000000 ) (  -675.89379606  -191.23207181    -1.00000000 ) (  -675.89240967  -191.23321487    -1.00000000 ) (  -675.89102326  -191.23435828    -1.00000000 ) (  -675.88963682  -191.23550204    -1.00000000 ) (  -675.88825037  -191.23664615    -1.00000000 ) (  -674.27694612  -193.53867883    -1.00000000 ) (  -672.32591258  -196.26204202    -1.00000000 ) (  -670.26584583  -199.06487309    -1.00000000 ) (  -668.08933089  -201.94898300    -1.00000000 ) (  -665.78841963  -204.91602908    -1.00000000 ) (  -663.35459997  -207.96747063    -1.00000000 ) (  -660.77876600  -211.10451699    -1.00000000 ) (  -658.05496713  -214.32367053    -1.00000000 ) (  -655.18627953  -217.61068897    -1.00000000 ) (  -652.14693823  -220.98357783    -1.00000000 ) (  -648.92547056  -224.44186049    -1.00000000 ) (  -645.50973494  -227.98442340    -1.00000000 ) (  -641.88692574  -231.60940254    -1.00000000 ) (  -638.96606342  -234.43765186    -1.00000000 ) (  -638.96468636  -234.43879349    -1.00000000 ) (  -638.96330929  -234.43993550    -1.00000000 ) (  -638.96193220  -234.44107788    -1.00000000 ) (  -638.96055509  -234.44222063    -1.00000000 ) (  -638.95917796  -234.44336374    -1.00000000 ) (  -638.95780081  -234.44450723    -1.00000000 ) (  -638.95642364  -234.44565109    -1.00000000 ) (  -638.21302555  -235.10741010    -1.00000000 ) (  -636.72975245  -236.56917856    -1.00000000 ) (  -635.68364915  -237.57264792    -1.00000000 ) (  -635.68100338  -237.57504270    -1.00000000 ) (  -635.67835766  -237.57743645    -1.00000000 ) (  -635.67571199  -237.57982920    -1.00000000 ) (  -635.67306638  -237.58222092    -1.00000000 ) (  -632.71413938  -240.36540703    -1.00000000 ) (  -628.48083667  -244.21038082    -1.00000000 ) (  -624.30561181  -247.85231060    -1.00000000 ) (  -621.99821035  -249.80374978    -1.00000000 ) (  -619.62203966  -251.76936300    -1.00000000 ) (  -617.17518841  -253.74805601    -1.00000000 ) (  -614.65573759  -255.73862590    -1.00000000 ) (  -612.06176671  -257.73975524    -1.00000000 ) (  -609.39136066  -259.75000643    -1.00000000 ) (  -606.64261728  -261.76781593    -1.00000000 ) (  -603.81365589  -263.79148878    -1.00000000 ) (  -600.90262649  -265.81919326    -1.00000000 ) (  -600.61186982  -266.01898578    -1.00000000 ) (  -600.61056528  -266.02016099    -1.00000000 ) (  -600.60926074  -266.02133594    -1.00000000 ) (  -600.60795622  -266.02251065    -1.00000000 ) (  -600.60665171  -266.02368510    -1.00000000 ) (  -599.64626328  -266.82769677    -1.00000000 ) )
    polyLine 22 23 ( (  -597.33299074  -268.38168672    -1.00000000 ) (  -596.72199228  -268.73562121    -1.00000000 ) (  -596.29635683  -268.97571598    -1.00000000 ) (  -596.29583063  -268.97601072    -1.00000000 ) (  -596.29530443  -268.97630546    -1.00000000 ) (  -596.29477823  -268.97660019    -1.00000000 ) (  -596.29425203  -268.97689492    -1.00000000 ) (  -596.29372583  -268.97718964    -1.00000000 ) (  -596.29319963  -268.97748436    -1.00000000 ) (  -596.29267343  -268.97777907    -1.00000000 ) (  -596.29214723  -268.97807379    -1.00000000 ) (  -596.29162103  -268.97836849    -1.00000000 ) (  -595.80196661  -269.31308379    -1.00000000 ) (  -595.04359538  -269.82853175    -1.00000000 ) (  -594.27975545  -270.34404375    -1.00000000 ) (  -593.51041815  -270.85958472    -1.00000000 ) (  -592.73555508  -271.37511896    -1.00000000 ) (  -591.95513809  -271.89061017    -1.00000000 ) (  -591.16913931  -272.40602139    -1.00000000 ) (  -590.37753118  -272.92131506    -1.00000000 ) (  -589.58028643  -273.43645293    -1.00000000 ) (  -588.77737812  -273.95139616    -1.00000000 ) (  -587.96877964  -274.46610522    -1.00000000 ) (  -587.15446474  -274.98053997    -1.00000000 ) (  -586.33440751  -275.49465958    -1.00000000 ) (  -585.50858246  -276.00842259    -1.00000000 ) (  -584.67696446  -276.52178688    -1.00000000 ) (  -583.83952879  -277.03470967    -1.00000000 ) (  -582.99625119  -277.54714750    -1.00000000 ) (  -582.14710782  -278.05905626    -1.00000000 ) (  -581.29207528  -278.57039119    -1.00000000 ) (  -580.43113068  -279.08110683    -1.00000000 ) (  -579.56425160  -279.59115709    -1.00000000 ) (  -578.69141613  -280.10049517    -1.00000000 ) (  -577.81260289  -280.60907364    -1.00000000 ) (  -576.92779104  -281.11684437    -1.00000000 ) (  -576.03696031  -281.62375859    -1.00000000 ) (  -575.14009099  -282.12976683    -1.00000000 ) (  -572.98421150  -283.32843816    -1.00000000 ) (  -570.71290362  -284.56462328    -1.00000000 ) (  -568.40431916  -285.79347334    -1.00000000 ) (  -566.17358640  -286.95481523    -1.00000000 ) (  -566.17228998  -286.95554096    -1.00000000 ) (  -566.17099355  -286.95626667    -1.00000000 ) (  -566.16969713  -286.95699236    -1.00000000 ) (  -566.16840071  -286.95771802    -1.00000000 ) (  -566.16710429  -286.95844366    -1.00000000 ) (  -566.16580788  -286.95916927    -1.00000000 ) (  -566.16451146  -286.95989486    -1.00000000 ) (  -566.16321504  -286.96062043    -1.00000000 ) (  -566.16191863  -286.96134597    -1.00000000 ) (  -566.16062222  -286.96207149    -1.00000000 ) (  -565.79894917  -287.16356020    -1.00000000 ) (  -565.18023445  -287.50384184    -1.00000000 ) (  -564.55902516  -287.83954689    -1.00000000 ) (  -563.93515174  -288.17027488    -1.00000000 ) (  -563.30844660  -288.49560394    -1.00000000 ) (  -562.67874310  -288.81508980    -1.00000000 ) (  -562.04587702  -289.12826345    -1.00000000 ) (  -561.40968801  -289.43462891    -1.00000000 ) (  -560.85006834  -289.69675092    -1.00000000 ) (  -560.84660578  -289.69835058    -1.00000000 ) (  -560.84314324  -289.69994996    -1.00000000 ) (  -560.83968072  -289.70154906    -1.00000000 ) (  -560.83621821  -289.70314787    -1.00000000 ) (  -558.38167059  -290.95161041    -1.00000000 ) (  -556.92001353  -291.68076669    -1.00000000 ) (  -556.19537091  -292.03832860    -1.00000000 ) (  -555.46735506  -292.39494633    -1.00000000 ) (  -554.73596293  -292.75059612    -1.00000000 ) (  -554.00119175  -293.10525408    -1.00000000 ) (  -553.26303903  -293.45889612    -1.00000000 ) (  -552.52150253  -293.81149797    -1.00000000 ) (  -551.77658031  -294.16303522    -1.00000000 ) (  -551.02827069  -294.51348326    -1.00000000 ) (  -550.27657228  -294.86281735    -1.00000000 ) (  -549.52148399  -295.21101256    -1.00000000 ) (  -548.76300500  -295.55804381    -1.00000000 ) (  -548.00113482  -295.90388586    -1.00000000 ) (  -547.23587325  -296.24851331    -1.00000000 ) (  -546.46722037  -296.59190060    -1.00000000 ) (  -545.69517660  -296.93402204    -1.00000000 ) (  -544.91974268  -297.27485178    -1.00000000 ) (  -544.14091964  -297.61436381    -1.00000000 ) (  -543.35870886  -297.95253200    -1.00000000 ) (  -542.57311203  -298.28933006    -1.00000000 ) (  -541.78413119  -298.62473158    -1.00000000 ) (  -540.99176869  -298.95871000    -1.00000000 ) (  -540.19602723  -299.29123864    -1.00000000 ) (  -539.39690988  -299.62229068    -1.00000000 ) (  -538.59442002  -299.95183919    -1.00000000 ) (  -537.96978109  -300.20635468    -1.00000000 ) (  -537.96917059  -300.20663627    -1.00000000 ) (  -537.96856008  -300.20691785    -1.00000000 ) (  -537.96794958  -300.20719942    -1.00000000 ) (  -537.96733908  -300.20748098    -1.00000000 ) (  -537.67281447  -300.34232291    -1.00000000 ) (  -537.02829222  -300.63074508    -1.00000000 ) (  -536.38059614  -300.91196827    -1.00000000 ) )
    polyLine 23 24 ( (  -534.56577473  -301.66013878    -1.00000000 ) (  -533.39498790  -302.11741009    -1.00000000 ) (  -532.21925153  -302.56181374    -1.00000000 ) (  -531.63950455  -302.77685538    -1.00000000 ) (  -531.63482497  -302.77858237    -1.00000000 ) (  -531.63014540  -302.78030924    -1.00000000 ) (  -531.62546583  -302.78203597    -1.00000000 ) (  -528.91022200  -303.86784082    -1.00000000 ) (  -525.47239088  -305.19592622    -1.00000000 ) (  -521.97692044  -306.49350388    -1.00000000 ) (  -518.42437609  -307.75854234    -1.00000000 ) (  -517.96684796  -307.91765915    -1.00000000 ) (  -517.96216843  -307.91938511    -1.00000000 ) (  -517.95748891  -307.92111093    -1.00000000 ) (  -517.95280940  -307.92283662    -1.00000000 ) (  -516.92015516  -308.30052000    -1.00000000 ) (  -515.73721990  -308.72539941    -1.00000000 ) (  -514.55161003  -309.14275552    -1.00000000 ) (  -513.36330320  -309.55236864    -1.00000000 ) (  -512.17227995  -309.95401432    -1.00000000 ) (  -510.97852398  -310.34746338    -1.00000000 ) (  -510.65980981  -310.45094188    -1.00000000 ) (  -510.65329049  -310.45305160    -1.00000000 ) (  -510.64677118  -310.45516103    -1.00000000 ) (  -510.64025188  -310.45727018    -1.00000000 ) (  -510.63373260  -310.45937904    -1.00000000 ) (  -510.62721334  -310.46148762    -1.00000000 ) (  -507.01007020  -311.68756080    -1.00000000 ) (  -503.07573893  -312.95935633    -1.00000000 ) (  -499.54565878  -314.04684519    -1.00000000 ) (  -499.01961647  -314.21594467    -1.00000000 ) (  -497.82113387  -314.59475336    -1.00000000 ) (  -496.62025891  -314.96590933    -1.00000000 ) (  -495.41722764  -315.33001607    -1.00000000 ) (  -494.21226961  -315.68769528    -1.00000000 ) (  -493.00560811  -316.03958508    -1.00000000 ) (  -491.79745976  -316.38633841    -1.00000000 ) (  -491.26271188  -316.53823150    -1.00000000 ) (  -491.25447058  -316.54056534    -1.00000000 ) (  -491.24622930  -316.54289898    -1.00000000 ) (  -490.44977050  -316.78106345    -1.00000000 ) (  -486.90275864  -317.81121875    -1.00000000 ) (  -483.32558034  -318.79927359    -1.00000000 ) (  -483.31733910  -318.80160638    -1.00000000 ) (  -482.12553444  -319.13677232    -1.00000000 ) (  -480.91439820  -319.47294223    -1.00000000 ) (  -479.70212481  -319.80498685    -1.00000000 ) (  -478.48873353  -320.13292244    -1.00000000 ) (  -477.27424334  -320.45676583    -1.00000000 ) )
    polyLine 24 25 ( (  -475.15171842  -321.01229575    -1.00000000 ) (  -474.24418139  -321.24580977    -1.00000000 ) (  -474.04652820  -321.29635018    -1.00000000 ) (  -474.03927593  -321.29820245    -1.00000000 ) (  -473.12283973  -321.54307046    -1.00000000 ) (  -470.37888399  -322.25671713    -1.00000000 ) (  -467.61048035  -322.94693383    -1.00000000 ) (  -467.08950889  -323.07357456    -1.00000000 ) (  -467.08225667  -323.07542606    -1.00000000 ) (  -466.98066006  -323.10134784    -1.00000000 ) (  -466.07233815  -323.33178861    -1.00000000 ) (  -465.16346511  -323.56004822    -1.00000000 ) (  -464.25405980  -323.78617688    -1.00000000 ) (  -463.34414006  -324.01022549    -1.00000000 ) (  -462.43372274  -324.23224569    -1.00000000 ) (  -461.52282590  -324.45228922    -1.00000000 ) (  -460.61146653  -324.67040851    -1.00000000 ) (  -459.69966095  -324.88665656    -1.00000000 ) (  -458.78742640  -325.10108654    -1.00000000 ) (  -457.87477881  -325.31375229    -1.00000000 ) (  -456.96173439  -325.52470797    -1.00000000 ) (  -456.87758314  -325.54406219    -1.00000000 ) (  -456.86908039  -325.54601695    -1.00000000 ) (  -456.12852938  -325.72402240    -1.00000000 ) (  -453.36765439  -326.36931472    -1.00000000 ) (  -450.92267811  -326.91639615    -1.00000000 ) (  -450.91417538  -326.91835029    -1.00000000 ) (  -450.56950934  -326.99743712    -1.00000000 ) (  -449.65589053  -327.20589159    -1.00000000 ) (  -448.74190559  -327.41273346    -1.00000000 ) (  -447.82756281  -327.61798923    -1.00000000 ) (  -446.91287154  -327.82168531    -1.00000000 ) (  -445.99784013  -328.02384851    -1.00000000 ) (  -445.08247733  -328.22450571    -1.00000000 ) (  -444.16679161  -328.42368400    -1.00000000 ) (  -443.25079125  -328.62141065    -1.00000000 ) (  -442.33448474  -328.81771305    -1.00000000 ) (  -441.41787998  -329.01261884    -1.00000000 ) (  -440.50098537  -329.20615570    -1.00000000 ) (  -439.78317006  -329.35669266    -1.00000000 ) (  -439.77316768  -329.35878432    -1.00000000 ) (  -437.13722630  -329.92292881    -1.00000000 ) (  -434.71145344  -330.41889437    -1.00000000 ) (  -434.70145109  -330.42098554    -1.00000000 ) (  -434.69144875  -330.42307654    -1.00000000 ) (  -434.08052889  -330.55048092    -1.00000000 ) (  -433.16294123  -330.74070584    -1.00000000 ) (  -432.24508759  -330.92964203    -1.00000000 ) (  -431.32697298  -331.11730724    -1.00000000 ) )
    polyLine 26 27 ( (   -44.74771531   639.28847379    -1.00000000 ) (   -45.01112338   639.27099738    -1.00000000 ) (   -46.93842743   639.14202870    -1.00000000 ) (   -48.86559950   639.01110268    -1.00000000 ) (   -50.79263420   638.87817013    -1.00000000 ) (   -52.71952598   638.74318188    -1.00000000 ) (   -54.64626913   638.60608878    -1.00000000 ) (   -56.57285782   638.46684173    -1.00000000 ) (   -58.49928602   638.32539165    -1.00000000 ) (   -60.42554754   638.18168950    -1.00000000 ) (   -62.35163598   638.03568627    -1.00000000 ) (   -64.27754483   637.88733301    -1.00000000 ) (   -66.20326739   637.73658077    -1.00000000 ) (   -66.30554073   637.72850602    -1.00000000 ) (   -66.34364494   637.72549581    -1.00000000 ) (   -73.60808879   637.15256508    -1.00000000 ) (   -73.90579933   637.12900539    -1.00000000 ) (   -75.83128251   636.97522546    -1.00000000 ) (   -77.75657551   636.81908320    -1.00000000 ) (   -79.68168182   636.66065547    -1.00000000 ) (   -81.60660512   636.50001908    -1.00000000 ) (   -83.53134934   636.33725082    -1.00000000 ) (   -85.45591868   636.17242743    -1.00000000 ) (   -87.38031751   636.00562563    -1.00000000 ) (   -89.30455057   635.83692207    -1.00000000 ) (   -91.22862277   635.66639340    -1.00000000 ) (   -93.15253922   635.49411619    -1.00000000 ) (   -95.07630524   635.32016701    -1.00000000 ) (   -95.12355230   635.31587432    -1.00000000 ) (   -95.16892157   635.31175133    -1.00000000 ) (   -99.19001755   634.95389235    -1.00000000 ) (  -102.77102650   634.62058990    -1.00000000 ) (  -104.69451562   634.44360546    -1.00000000 ) (  -106.61784670   634.26491177    -1.00000000 ) (  -108.54101200   634.08444241    -1.00000000 ) (  -110.46400350   633.90213098    -1.00000000 ) (  -112.38681310   633.71791115    -1.00000000 ) (  -114.30943250   633.53171665    -1.00000000 ) (  -116.23185317   633.34348124    -1.00000000 ) (  -118.15406638   633.15313876    -1.00000000 ) (  -120.07606311   632.96062313    -1.00000000 ) (  -121.99783419   632.76586831    -1.00000000 ) (  -122.71122294   632.69298332    -1.00000000 ) (  -126.91340899   632.27239651    -1.00000000 ) (  -129.46438705   632.00184871    -1.00000000 ) (  -129.68415232   631.97931920    -1.00000000 ) (  -131.60556400   631.78104984    -1.00000000 ) (  -133.52674301   631.58053807    -1.00000000 ) (  -135.44769490   631.37786172    -1.00000000 ) )
    polyLine 27 28 ( (  -139.15579516   630.98072537    -1.00000000 ) (  -140.94298353   630.78667458    -1.00000000 ) (  -142.72999586   630.59100874    -1.00000000 ) (  -144.51683747   630.39379035    -1.00000000 ) (  -146.30351397   630.19508187    -1.00000000 ) (  -148.09003116   629.99494571    -1.00000000 ) (  -149.87639489   629.79344422    -1.00000000 ) (  -152.95217025   629.45128672    -1.00000000 ) (  -156.31242513   629.06363197    -1.00000000 ) (  -156.35839925   629.05841087    -1.00000000 ) (  -157.02135074   628.98302659    -1.00000000 ) (  -158.80743101   628.77902816    -1.00000000 ) (  -160.59335823   628.57369375    -1.00000000 ) (  -162.37912605   628.36697835    -1.00000000 ) (  -164.16472823   628.15883697    -1.00000000 ) (  -165.95015839   627.94922468    -1.00000000 ) (  -167.73540993   627.73809657    -1.00000000 ) (  -169.52047612   627.52540780    -1.00000000 ) (  -171.30535035   627.31111354    -1.00000000 ) (  -173.09002573   627.09516904    -1.00000000 ) (  -174.87449509   626.87752958    -1.00000000 ) (  -176.65875143   626.65815049    -1.00000000 ) (  -177.33769310   626.57419946    -1.00000000 ) (  -177.37986069   626.56897674    -1.00000000 ) (  -183.42236937   625.82038817    -1.00000000 ) (  -183.79498122   625.77418440    -1.00000000 ) (  -185.57887638   625.55188725    -1.00000000 ) (  -187.36255218   625.32783622    -1.00000000 ) (  -189.14601181   625.10207154    -1.00000000 ) (  -190.92925878   624.87463340    -1.00000000 ) (  -192.71229674   624.64556192    -1.00000000 ) (  -194.49512935   624.41489723    -1.00000000 ) (  -196.27776018   624.18267942    -1.00000000 ) (  -198.06019331   623.94894852    -1.00000000 ) (  -199.84243272   623.71374453    -1.00000000 ) (  -201.62448239   623.47710744    -1.00000000 ) (  -203.40634645   623.23907718    -1.00000000 ) (  -204.24836865   623.12611388    -1.00000000 ) (  -209.50677426   622.42070399    -1.00000000 ) (  -209.55507522   622.41421383    -1.00000000 ) (  -210.53321522   622.28256674    -1.00000000 ) (  -212.31470326   622.04173774    -1.00000000 ) (  -214.09600745   621.79955290    -1.00000000 ) (  -215.87712483   621.55599845    -1.00000000 ) (  -217.65805255   621.31106060    -1.00000000 ) (  -219.43878762   621.06472559    -1.00000000 ) (  -221.21932684   620.81697972    -1.00000000 ) (  -222.99966726   620.56780924    -1.00000000 ) (  -224.77980585   620.31720046    -1.00000000 ) )
    polyLine 28 29 ( (  -228.43701897   619.79767294    -1.00000000 ) (  -231.76254956   619.32592060    -1.00000000 ) (  -235.40500863   618.79637049    -1.00000000 ) (  -235.45472869   618.78922447    -1.00000000 ) (  -235.94483680   618.71871995    -1.00000000 ) (  -237.82160140   618.44766381    -1.00000000 ) (  -239.69812259   618.17492769    -1.00000000 ) (  -241.57439667   617.90049668    -1.00000000 ) (  -243.45041988   617.62435594    -1.00000000 ) (  -245.32618842   617.34649064    -1.00000000 ) (  -247.20169846   617.06688595    -1.00000000 ) (  -249.07694614   616.78552710    -1.00000000 ) (  -250.95192756   616.50239933    -1.00000000 ) (  -252.82663878   616.21748791    -1.00000000 ) (  -254.70107580   615.93077813    -1.00000000 ) (  -255.47908931   615.81123076    -1.00000000 ) (  -255.52761554   615.80376374    -1.00000000 ) (  -260.69352834   615.01105494    -1.00000000 ) (  -262.19786359   614.77767646    -1.00000000 ) (  -264.07171802   614.48718317    -1.00000000 ) (  -265.94529928   614.19493333    -1.00000000 ) (  -267.81861175   613.90096556    -1.00000000 ) (  -269.69165993   613.60531843    -1.00000000 ) (  -271.56444838   613.30803050    -1.00000000 ) (  -273.43698179   613.00914024    -1.00000000 ) (  -275.30926490   612.70868610    -1.00000000 ) (  -277.18130258   612.40670648    -1.00000000 ) (  -279.05309977   612.10323973    -1.00000000 ) (  -280.69860068   611.83523176    -1.00000000 ) (  -280.75189357   611.82653286    -1.00000000 ) (  -283.38590095   611.40189607    -1.00000000 ) (  -286.53894955   610.88114234    -1.00000000 ) (  -288.41018979   610.57425999    -1.00000000 ) (  -290.28118186   610.26586820    -1.00000000 ) (  -292.15191335   609.95589962    -1.00000000 ) (  -294.02237168   609.64428698    -1.00000000 ) (  -295.89254413   609.33096311    -1.00000000 ) (  -297.76241778   609.01586098    -1.00000000 ) (  -299.63197950   608.69891364    -1.00000000 ) (  -301.50121604   608.38005427    -1.00000000 ) (  -303.37011396   608.05921616    -1.00000000 ) (  -304.98791621   607.77978589    -1.00000000 ) (  -305.03321531   607.77193857    -1.00000000 ) (  -305.98513437   607.61107044    -1.00000000 ) (  -310.93660426   606.74855294    -1.00000000 ) (  -312.71199380   606.43989773    -1.00000000 ) (  -314.57985685   606.11308836    -1.00000000 ) (  -316.44736372   605.78424973    -1.00000000 ) (  -318.31451905   605.45342079    -1.00000000 ) )
    polyLine 29 30 ( (  -322.08258171   604.77969107    -1.00000000 ) (  -323.98348637   604.43679817    -1.00000000 ) (  -325.88404692   604.09200268    -1.00000000 ) (  -327.78426886   603.74534549    -1.00000000 ) (  -329.66500373   603.40038988    -1.00000000 ) (  -329.71494574   603.39120498    -1.00000000 ) (  -335.08617410   602.40408827    -1.00000000 ) (  -335.38344752   602.34938248    -1.00000000 ) (  -337.28294173   601.99875950    -1.00000000 ) (  -339.18210261   601.64633678    -1.00000000 ) (  -341.08092530   601.29209611    -1.00000000 ) (  -342.97940460   600.93601938    -1.00000000 ) (  -344.87753527   600.57808853    -1.00000000 ) (  -346.77531192   600.21828556    -1.00000000 ) (  -348.67272910   599.85659249    -1.00000000 ) (  -350.56978163   599.49299135    -1.00000000 ) (  -352.46646407   599.12746425    -1.00000000 ) (  -356.22051414   598.40687627    -1.00000000 ) (  -358.77812279   597.90452280    -1.00000000 ) (  -358.82785043   597.89488490    -1.00000000 ) (  -360.05162922   597.65726029    -1.00000000 ) (  -361.94748398   597.28746447    -1.00000000 ) (  -363.84295440   596.91570331    -1.00000000 ) (  -365.73803688   596.54196932    -1.00000000 ) (  -367.63272749   596.16625510    -1.00000000 ) (  -369.52702292   595.78855314    -1.00000000 ) (  -371.42091951   595.40885602    -1.00000000 ) (  -373.31441358   595.02715635    -1.00000000 ) (  -375.20750144   594.64344677    -1.00000000 ) (  -376.37763442   594.40522267    -1.00000000 ) (  -376.42402759   594.39576104    -1.00000000 ) (  -382.18130863   593.21982471    -1.00000000 ) (  -382.77770736   593.09806299    -1.00000000 ) (  -384.66997243   592.71031701    -1.00000000 ) (  -386.56179814   592.32043345    -1.00000000 ) (  -388.45316403   591.92832509    -1.00000000 ) (  -390.34404924   591.53390497    -1.00000000 ) (  -392.23443264   591.13708639    -1.00000000 ) (  -394.12429276   590.73778289    -1.00000000 ) (  -396.01360750   590.33590837    -1.00000000 ) (  -397.90235516   589.93137685    -1.00000000 ) (  -399.16461626   589.65943175    -1.00000000 ) (  -399.22581535   589.64621378    -1.00000000 ) (  -403.54830409   588.72215644    -1.00000000 ) (  -406.10248552   588.16024314    -1.00000000 ) (  -407.34238550   587.89161430    -1.00000000 ) (  -409.22967397   587.48032839    -1.00000000 ) (  -411.11636740   587.06632117    -1.00000000 ) (  -413.00247246   586.64964134    -1.00000000 ) )
    polyLine 30 31 ( (  -417.05046689   585.74611914    -1.00000000 ) (  -419.21219253   585.25858376    -1.00000000 ) (  -421.37318406   584.76780406    -1.00000000 ) (  -423.17975497   584.35914973    -1.00000000 ) (  -428.84219851   583.06055620    -1.00000000 ) (  -428.88943271   583.04975394    -1.00000000 ) (  -430.01426882   582.79203883    -1.00000000 ) (  -432.17375838   582.29469128    -1.00000000 ) (  -434.33247948   581.79402032    -1.00000000 ) (  -436.49039911   581.28990624    -1.00000000 ) (  -438.64748355   580.78222993    -1.00000000 ) (  -440.80369849   580.27087281    -1.00000000 ) (  -442.95900908   579.75571690    -1.00000000 ) (  -444.54259201   579.37458040    -1.00000000 ) (  -451.57832206   577.67511629    -1.00000000 ) (  -451.62117412   577.66476941    -1.00000000 ) (  -451.66402609   577.65442088    -1.00000000 ) (  -453.72925256   577.15368766    -1.00000000 ) (  -455.88191699   576.62758447    -1.00000000 ) (  -458.03359110   576.09744520    -1.00000000 ) (  -460.18426273   575.56325368    -1.00000000 ) (  -462.33391941   575.02499394    -1.00000000 ) (  -464.48254940   574.48265000    -1.00000000 ) (  -466.42725949   573.98801539    -1.00000000 ) (  -466.48227185   573.97397087    -1.00000000 ) (  -466.53728405   573.95992352    -1.00000000 ) (  -473.90680758   572.07718803    -1.00000000 ) (  -475.21815816   571.74134619    -1.00000000 ) (  -477.36402573   571.18817224    -1.00000000 ) (  -479.50877912   570.63069477    -1.00000000 ) (  -481.65237935   570.06880041    -1.00000000 ) (  -483.79478716   569.50237645    -1.00000000 ) (  -485.93596248   568.93131103    -1.00000000 ) (  -488.00761005   568.37393942    -1.00000000 ) (  -488.04562574   568.36366607    -1.00000000 ) (  -495.91697764   566.23541114    -1.00000000 ) (  -495.95499316   566.22513455    -1.00000000 ) (  -496.63263039   566.04167440    -1.00000000 ) (  -498.77077030   565.45934664    -1.00000000 ) (  -500.90756045   564.87208532    -1.00000000 ) (  -503.04297403   564.27983802    -1.00000000 ) (  -505.17698399   563.68255285    -1.00000000 ) (  -507.30956298   563.08017845    -1.00000000 ) (  -509.30045956   562.51280932    -1.00000000 ) (  -509.33703065   562.50234156    -1.00000000 ) (  -517.48120123   560.17066392    -1.00000000 ) (  -517.51777214   560.16019291    -1.00000000 ) (  -517.96235549   560.03276683    -1.00000000 ) (  -520.09169066   559.41902460    -1.00000000 ) )
    polyLine 31 32 ( (  -525.81841701   557.73925287    -1.00000000 ) (  -529.41253148   556.66233363    -1.00000000 ) (  -530.00527125   556.48298450    -1.00000000 ) (  -538.79615747   553.81684261    -1.00000000 ) (  -540.18372284   553.39479877    -1.00000000 ) (  -543.76960498   552.29077876    -1.00000000 ) (  -547.34974121   551.16826743    -1.00000000 ) (  -550.42700197   550.18621311    -1.00000000 ) (  -554.00541100   549.05591167    -1.00000000 ) (  -560.33122722   546.99434252    -1.00000000 ) (  -561.63669677   546.57245350    -1.00000000 ) (  -565.20208358   545.40394486    -1.00000000 ) (  -568.75987943   544.21252628    -1.00000000 ) (  -571.08552364   543.41901822    -1.00000000 ) (  -572.20621937   543.04473603    -1.00000000 ) (  -582.65855425   539.43152209    -1.00000000 ) (  -582.95162325   539.33060938    -1.00000000 ) (  -586.49412235   538.09446068    -1.00000000 ) (  -590.02626561   536.82903139    -1.00000000 ) (  -592.44348733   535.94201213    -1.00000000 ) (  -592.47910634   535.92880568    -1.00000000 ) (  -592.51472513   535.91559527    -1.00000000 ) (  -594.02613888   535.37357597    -1.00000000 ) (  -607.61564727   530.30609652    -1.00000000 ) (  -611.12043080   528.96676698    -1.00000000 ) (  -614.61151169   527.59211121    -1.00000000 ) (  -614.88988255   527.48072441    -1.00000000 ) (  -614.92086277   527.46831168    -1.00000000 ) (  -628.54957600   522.00493604    -1.00000000 ) (  -630.21427900   521.30963376    -1.00000000 ) (  -632.01271504   520.58254822    -1.00000000 ) (  -635.47639880   519.14031695    -1.00000000 ) (  -638.16068871   517.97382404    -1.00000000 ) (  -638.18261037   517.96409186    -1.00000000 ) (  -641.34080916   516.62635614    -1.00000000 ) (  -659.43788150   508.51723862    -1.00000000 ) (  -659.45980261   508.50749600    -1.00000000 ) (  -659.48172354   508.49774991    -1.00000000 ) (  -659.50364428   508.48800034    -1.00000000 ) (  -662.89867606   506.93576379    -1.00000000 ) (  -666.27971179   505.30923295    -1.00000000 ) (  -674.52400643   501.35530829    -1.00000000 ) (  -692.53112119   492.14187061    -1.00000000 ) (  -692.54856286   492.13325377    -1.00000000 ) (  -692.56600443   492.12463492    -1.00000000 ) (  -692.58344589   492.11601405    -1.00000000 ) (  -692.60088725   492.10739113    -1.00000000 ) (  -692.61832849   492.09876616    -1.00000000 ) (  -693.11098763   491.85419228    -1.00000000 ) )
    polyLine 32 33 ( (  -697.58331346   489.48831362    -1.00000000 ) (  -698.56269653   488.91719204    -1.00000000 ) (  -698.56323178   488.91687305    -1.00000000 ) (  -698.56376703   488.91655406    -1.00000000 ) (  -698.56430228   488.91623507    -1.00000000 ) (  -698.56483753   488.91591606    -1.00000000 ) (  -698.56537277   488.91559705    -1.00000000 ) (  -699.97173413   488.16106920    -1.00000000 ) (  -701.38555185   487.39733026    -1.00000000 ) (  -702.79333636   486.63163496    -1.00000000 ) (  -704.19508681   485.86402652    -1.00000000 ) (  -705.59080286   485.09454791    -1.00000000 ) (  -706.98048461   484.32324187    -1.00000000 ) (  -708.36413269   483.55015089    -1.00000000 ) (  -709.74174816   482.77531720    -1.00000000 ) (  -711.11333258   481.99878280    -1.00000000 ) (  -712.47888794   481.22058941    -1.00000000 ) (  -713.83841671   480.44077852    -1.00000000 ) (  -715.19192180   479.65939132    -1.00000000 ) (  -716.53940657   478.87646878    -1.00000000 ) (  -717.88087481   478.09205156    -1.00000000 ) (  -719.21633073   477.30618008    -1.00000000 ) (  -720.54577898   476.51889446    -1.00000000 ) (  -721.86922463   475.73023456    -1.00000000 ) (  -723.18667314   474.94023997    -1.00000000 ) (  -724.49813041   474.14894996    -1.00000000 ) (  -725.80360271   473.35640357    -1.00000000 ) (  -727.10309672   472.56263950    -1.00000000 ) (  -728.39661949   471.76769621    -1.00000000 ) (  -729.68417848   470.97161182    -1.00000000 ) (  -730.96578150   470.17442421    -1.00000000 ) (  -732.24143674   469.37617092    -1.00000000 ) (  -733.51115276   468.57688922    -1.00000000 ) (  -734.77493845   467.77661607    -1.00000000 ) (  -738.47664262   465.40521748    -1.00000000 ) (  -741.81801146   463.22933744    -1.00000000 ) (  -741.82105374   463.22752249    -1.00000000 ) (  -741.82409600   463.22570729    -1.00000000 ) (  -741.82713826   463.22389184    -1.00000000 ) (  -741.83018050   463.22207616    -1.00000000 ) (  -742.57155500   462.77221721    -1.00000000 ) (  -743.67824711   462.07460519    -1.00000000 ) (  -744.77201579   461.35689147    -1.00000000 ) (  -745.85421073   460.62183575    -1.00000000 ) (  -746.82406875   459.94422064    -1.00000000 ) (  -746.82519358   459.94342521    -1.00000000 ) (  -746.82631840   459.94262975    -1.00000000 ) (  -746.82744323   459.94183427    -1.00000000 ) (  -746.82856805   459.94103877    -1.00000000 ) (  -746.82969287   459.94024325    -1.00000000 ) (  -746.83081769   459.93944771    -1.00000000 ) (  -746.83194251   459.93865215    -1.00000000 ) (  -746.83306732   459.93785656    -1.00000000 ) (  -746.83419214   459.93706096    -1.00000000 ) (  -746.83531695   459.93626534    -1.00000000 ) (  -746.83644177   459.93546970    -1.00000000 ) (  -750.16226243   457.73563524    -1.00000000 ) (  -754.19601064   455.02153007    -1.00000000 ) (  -758.16452972   452.30125769    -1.00000000 ) (  -762.06833144   449.57604352    -1.00000000 ) (  -764.50984940   447.84639316    -1.00000000 ) (  -766.05857727   446.73903060    -1.00000000 ) (  -767.59684478   445.63124641    -1.00000000 ) (  -769.12469171   444.52311513    -1.00000000 ) (  -770.64215858   443.41471021    -1.00000000 ) (  -772.14928663   442.30610406    -1.00000000 ) (  -773.64611779   441.19736798    -1.00000000 ) (  -775.13269464   440.08857226    -1.00000000 ) (  -776.60906040   438.97978610    -1.00000000 ) (  -778.07525892   437.87107764    -1.00000000 ) (  -779.53133464   436.76251399    -1.00000000 ) (  -780.97733257   435.65416119    -1.00000000 ) (  -782.41329827   434.54608426    -1.00000000 ) (  -783.83927783   433.43834715    -1.00000000 ) (  -785.25531785   432.33101281    -1.00000000 ) (  -786.66146542   431.22414313    -1.00000000 ) (  -788.05776809   430.11779901    -1.00000000 ) (  -789.44427385   429.01204030    -1.00000000 ) (  -790.82103115   427.90692586    -1.00000000 ) (  -792.18808880   426.80251354    -1.00000000 ) (  -793.54549603   425.69886019    -1.00000000 ) (  -794.89330244   424.59602165    -1.00000000 ) (  -796.23155795   423.49405282    -1.00000000 ) (  -797.56031285   422.39300758    -1.00000000 ) (  -798.87961772   421.29293885    -1.00000000 ) (  -800.18952344   420.19389861    -1.00000000 ) (  -801.49008119   419.09593784    -1.00000000 ) (  -802.78134238   417.99910661    -1.00000000 ) (  -802.94223609   417.86202553    -1.00000000 ) (  -802.94269234   417.86170266    -1.00000000 ) (  -802.94314858   417.86137979    -1.00000000 ) (  -802.94360483   417.86105691    -1.00000000 ) (  -802.94406107   417.86073403    -1.00000000 ) (  -802.94451732   417.86041114    -1.00000000 ) (  -802.94497356   417.86008825    -1.00000000 ) (  -802.94542981   417.85976536    -1.00000000 ) (  -802.94588605   417.85944246    -1.00000000 ) (  -802.94634229   417.85911956    -1.00000000 ) (  -803.42890347   417.51481518    -1.00000000 ) )
    polyLine 33 34 ( (  -806.92225912   414.47059610    -1.00000000 ) (  -806.92338519   414.46934418    -1.00000000 ) (  -806.92451125   414.46809204    -1.00000000 ) (  -806.92563729   414.46683966    -1.00000000 ) (  -806.92676333   414.46558706    -1.00000000 ) (  -806.92788935   414.46433422    -1.00000000 ) (  -810.24701051   411.61125528    -1.00000000 ) (  -815.31354855   407.16812691    -1.00000000 ) (  -820.23242252   402.74971284    -1.00000000 ) (  -825.00723591   398.35877283    -1.00000000 ) (  -829.64161305   393.99783541    -1.00000000 ) (  -834.13918556   389.66920810    -1.00000000 ) (  -838.50358019   385.37498790    -1.00000000 ) (  -842.73840787   381.11707176    -1.00000000 ) (  -846.84725397   376.89716700    -1.00000000 ) (  -850.88949860   372.65764039    -1.00000000 ) (  -858.61104261   364.30579592    -1.00000000 ) (  -865.87202919   356.13152607    -1.00000000 ) (  -870.66401969   350.55623644    -1.00000000 ) (  -870.66630342   350.55368683    -1.00000000 ) (  -870.66858709   350.55113628    -1.00000000 ) (  -870.67087072   350.54858479    -1.00000000 ) (  -870.67315429   350.54603237    -1.00000000 ) (  -872.06547472   348.87262967    -1.00000000 ) (  -873.59924700   347.09214165    -1.00000000 ) (  -873.60044547   347.09091148    -1.00000000 ) (  -873.60164397   347.08968165    -1.00000000 ) (  -873.60284248   347.08845215    -1.00000000 ) (  -873.60404101   347.08722299    -1.00000000 ) (  -873.60523955   347.08599418    -1.00000000 ) (  -873.60643812   347.08476571    -1.00000000 ) (  -873.60763670   347.08353757    -1.00000000 ) (  -875.76578997   344.52370619    -1.00000000 ) (  -882.13399108   336.78431414    -1.00000000 ) (  -888.12686963   329.23485963    -1.00000000 ) (  -893.76792673   321.87693701    -1.00000000 ) (  -899.07941273   314.71088218    -1.00000000 ) (  -904.08232842   307.73597006    -1.00000000 ) (  -908.80014232   300.94518022    -1.00000000 ) (  -913.27414708   294.30139640    -1.00000000 ) (  -917.49189355   287.84443399    -1.00000000 ) (  -921.47001209   281.57079375    -1.00000000 ) (  -925.22404277   275.47658741    -1.00000000 ) (  -928.76849150   269.55762745    -1.00000000 ) (  -932.11688737   263.80950380    -1.00000000 ) (  -935.28184007   258.22764896    -1.00000000 ) (  -937.94335527   253.41525562    -1.00000000 ) (  -937.94456257   253.41402431    -1.00000000 ) (  -937.94576989   253.41279332    -1.00000000 ) (  -937.94697722   253.41156266    -1.00000000 ) (  -937.94818457   253.41033232    -1.00000000 ) (  -937.94939194   253.40910229    -1.00000000 ) (  -937.95059932   253.40787259    -1.00000000 ) (  -939.75584578   250.28059190    -1.00000000 ) (  -939.83812675   249.97166845    -1.00000000 ) (  -943.86728386   242.45010220    -1.00000000 ) (  -947.83747030   234.77265389    -1.00000000 ) (  -951.49562838   227.43002749    -1.00000000 ) (  -954.87085045   220.40576420    -1.00000000 ) (  -957.98921917   213.68386230    -1.00000000 ) (  -960.87412996   207.24887491    -1.00000000 ) (  -963.54658153   201.08597429    -1.00000000 ) (  -966.02543636   195.18099025    -1.00000000 ) (  -968.32765340   189.52042906    -1.00000000 ) (  -970.46849542   184.09147730    -1.00000000 ) (  -972.46171343   178.88199502    -1.00000000 ) (  -974.31971035   173.88050069    -1.00000000 ) (  -976.05368635   169.07615068    -1.00000000 ) (  -977.67376761   164.45871480    -1.00000000 ) (  -979.18912059   160.01854944    -1.00000000 ) (  -980.60805325   155.74656941    -1.00000000 ) (  -981.93810489   151.63421903    -1.00000000 ) (  -983.18612579   147.67344339    -1.00000000 ) (  -984.35834801   143.85666002    -1.00000000 ) (  -985.46044819   140.17673127    -1.00000000 ) (  -986.49760347   136.62693776    -1.00000000 ) (  -987.47454118   133.20095287    -1.00000000 ) (  -988.39558318   129.89281852    -1.00000000 ) (  -989.26468534   126.69692214    -1.00000000 ) (  -990.08547276   123.60797497    -1.00000000 ) (  -990.86127136   120.62099157    -1.00000000 ) (  -991.59513598   117.73127060    -1.00000000 ) (  -992.28987566   114.93437675    -1.00000000 ) (  -992.94807623   112.22612385    -1.00000000 ) (  -993.57212066   109.60255905    -1.00000000 ) (  -994.16420730   107.05994807    -1.00000000 ) (  -994.72636627   104.59476133    -1.00000000 ) (  -995.26047426   102.20366115    -1.00000000 ) (  -995.76826789    99.88348966    -1.00000000 ) (  -996.25135569    97.63125763    -1.00000000 ) (  -996.71122903    95.44413401    -1.00000000 ) (  -997.14927192    93.31943616    -1.00000000 ) (  -997.56676995    91.25462078    -1.00000000 ) (  -997.96491834    89.24727542    -1.00000000 ) (  -998.34482930    87.29511058    -1.00000000 ) (  -998.70753870    85.39595233    -1.00000000 ) (  -999.05401207    83.54773540    -1.00000000 ) (  -999.34720906    81.95639228    -1.00000000 ) (  -999.58303409    80.89575568    -1.00000000 ) (  -999.71853054    80.19275878    -1.00000000 ) (  -999.99074019    78.62190387    -1.00000000 ) ( -1000.16923220    77.51810554    -1.00000000 ) ( -1000.23146213    77.12717936    -1.00000000 ) )
    polyLine 34 35 ( (  -986.58237000  -181.84280799    -1.00000000 ) (  -986.47939123  -182.22502680    -1.00000000 ) (  -986.18585839  -183.30394691    -1.00000000 ) (  -985.75003078  -184.83748451    -1.00000000 ) (  -985.54138697  -185.52234340    -1.00000000 ) (  -985.19537585  -186.55231414    -1.00000000 ) (  -984.73652348  -188.10402027    -1.00000000 ) (  -984.19768769  -189.90557671    -1.00000000 ) (  -983.63735095  -191.75608553    -1.00000000 ) (  -983.05433597  -193.65749907    -1.00000000 ) (  -982.44738409  -195.61187031    -1.00000000 ) (  -981.81514862  -197.62135917    -1.00000000 ) (  -981.15618734  -199.68823908    -1.00000000 ) (  -980.46895446  -201.81490412    -1.00000000 ) (  -979.75179162  -204.00387656    -1.00000000 ) (  -979.00291814  -206.25781503    -1.00000000 ) (  -978.22042015  -208.57952309    -1.00000000 ) (  -977.40223872  -210.97195857    -1.00000000 ) (  -976.54615670  -213.43824339    -1.00000000 ) (  -975.64978419  -215.98167414    -1.00000000 ) (  -974.71054248  -218.60573336    -1.00000000 ) (  -973.72564630  -221.31410149    -1.00000000 ) (  -972.69208408  -224.11066969    -1.00000000 ) (  -971.60659611  -226.99955341    -1.00000000 ) (  -970.46565028  -229.98510684    -1.00000000 ) (  -969.26541505  -233.07193816    -1.00000000 ) (  -968.00172943  -236.26492578    -1.00000000 ) (  -966.67006950  -239.56923532    -1.00000000 ) (  -965.26551103  -242.99033757    -1.00000000 ) (  -963.78268785  -246.53402714    -1.00000000 ) (  -962.21574515  -250.20644199    -1.00000000 ) (  -960.55828746  -254.01408349    -1.00000000 ) (  -958.80332018  -257.96383701    -1.00000000 ) (  -956.94318425  -262.06299274    -1.00000000 ) (  -954.96948280  -266.31926641    -1.00000000 ) (  -952.87299887  -270.74081959    -1.00000000 ) (  -950.64360306  -275.33627889    -1.00000000 ) (  -948.27014990  -280.11475334    -1.00000000 ) (  -945.74036142  -285.08584919    -1.00000000 ) (  -943.04069648  -290.25968055    -1.00000000 ) (  -940.15620413  -295.64687465    -1.00000000 ) (  -937.07035923  -301.25856949    -1.00000000 ) (  -933.76487834  -307.10640136    -1.00000000 ) (  -930.21951394  -313.20247914    -1.00000000 ) (  -926.41182499  -319.55934106    -1.00000000 ) (  -922.31692192  -326.18988912    -1.00000000 ) (  -917.90718451  -333.10729463    -1.00000000 ) (  -913.15195146  -340.32486704    -1.00000000 ) (  -908.35446057  -347.38122212    -1.00000000 ) (  -908.24016186  -347.67978478    -1.00000000 ) (  -906.11618164  -350.59997438    -1.00000000 ) (  -906.11485168  -350.60107036    -1.00000000 ) (  -906.11352170  -350.60216665    -1.00000000 ) (  -906.11219171  -350.60326326    -1.00000000 ) (  -906.11086170  -350.60436019    -1.00000000 ) (  -906.10953167  -350.60545744    -1.00000000 ) (  -906.10820163  -350.60655503    -1.00000000 ) (  -902.95555996  -355.11251146    -1.00000000 ) (  -899.22138528  -360.33074568    -1.00000000 ) (  -895.28730580  -365.69504425    -1.00000000 ) (  -891.14030159  -371.20862383    -1.00000000 ) (  -886.76645493  -376.87444792    -1.00000000 ) (  -882.15090007  -382.69515599    -1.00000000 ) (  -877.27777433  -388.67298121    -1.00000000 ) (  -872.13017164  -394.80965527    -1.00000000 ) (  -866.72465752  -401.06689202    -1.00000000 ) (  -861.01626648  -407.47726146    -1.00000000 ) (  -854.98092206  -414.04527813    -1.00000000 ) (  -848.59766358  -420.76945554    -1.00000000 ) (  -841.84439929  -427.64712071    -1.00000000 ) (  -834.69792588  -434.67421771    -1.00000000 ) (  -832.28264354  -436.99300478    -1.00000000 ) (  -832.28132250  -436.99410011    -1.00000000 ) (  -832.28000144  -436.99519579    -1.00000000 ) (  -832.27868036  -436.99629181    -1.00000000 ) (  -832.27735926  -436.99738816    -1.00000000 ) (  -832.27603815  -436.99848486    -1.00000000 ) (  -832.27471702  -436.99958190    -1.00000000 ) (  -832.27339587  -437.00067927    -1.00000000 ) (  -830.56095874  -438.61007484    -1.00000000 ) (  -829.00044644  -440.12784758    -1.00000000 ) (  -828.99790721  -440.13014582    -1.00000000 ) (  -828.99536803  -440.13244312    -1.00000000 ) (  -828.99282889  -440.13473948    -1.00000000 ) (  -828.99028981  -440.13703491    -1.00000000 ) (  -823.63878174  -445.17770835    -1.00000000 ) (  -815.55875541  -452.54342544    -1.00000000 ) (  -807.00205689  -460.03732017    -1.00000000 ) (  -802.53655441  -463.82844338    -1.00000000 ) (  -798.00688208  -467.59305239    -1.00000000 ) (  -793.34793044  -471.38221919    -1.00000000 ) (  -788.55631346  -475.19386900    -1.00000000 ) (  -783.62863961  -479.02573583    -1.00000000 ) (  -778.56152269  -482.87535305    -1.00000000 ) (  -773.35159375  -486.74004416    -1.00000000 ) (  -767.99551433  -490.61691369    -1.00000000 ) (  -762.48999100  -494.50283834    -1.00000000 ) (  -758.88934712  -496.99120895    -1.00000000 ) (  -758.88809564  -496.99233648    -1.00000000 ) (  -758.88684417  -496.99346378    -1.00000000 ) (  -758.88559272  -496.99459085    -1.00000000 ) (  -758.88434128  -496.99571769    -1.00000000 ) (  -758.88308984  -496.99684430    -1.00000000 ) )
    polyLine 35 36 ( (  -755.08908439  -499.65698079    -1.00000000 ) (  -754.57300396  -499.94865146    -1.00000000 ) (  -754.57251630  -499.94892462    -1.00000000 ) (  -754.57202864  -499.94919776    -1.00000000 ) (  -754.57154098  -499.94947091    -1.00000000 ) (  -754.57105332  -499.94974405    -1.00000000 ) (  -754.57056567  -499.95001718    -1.00000000 ) (  -754.57007801  -499.95029032    -1.00000000 ) (  -754.56959035  -499.95056345    -1.00000000 ) (  -754.56910269  -499.95083657    -1.00000000 ) (  -754.56861503  -499.95110970    -1.00000000 ) (  -754.39420295  -500.07051837    -1.00000000 ) (  -752.99479838  -501.02553725    -1.00000000 ) (  -751.58603002  -501.98070216    -1.00000000 ) (  -750.16785199  -502.93595792    -1.00000000 ) (  -748.74021879  -503.89124844    -1.00000000 ) (  -747.30308526  -504.84651669    -1.00000000 ) (  -745.85640667  -505.80170472    -1.00000000 ) (  -744.40013868  -506.75675365    -1.00000000 ) (  -742.93423740  -507.71160367    -1.00000000 ) (  -741.45865938  -508.66619402    -1.00000000 ) (  -739.97336166  -509.62046297    -1.00000000 ) (  -738.47830175  -510.57434788    -1.00000000 ) (  -736.97343767  -511.52778513    -1.00000000 ) (  -735.45872800  -512.48071013    -1.00000000 ) (  -733.93413184  -513.43305735    -1.00000000 ) (  -732.39960886  -514.38476027    -1.00000000 ) (  -730.85511935  -515.33575140    -1.00000000 ) (  -729.30062420  -516.28596230    -1.00000000 ) (  -727.73608492  -517.23532351    -1.00000000 ) (  -726.16146370  -518.18376464    -1.00000000 ) (  -724.57672340  -519.13121428    -1.00000000 ) (  -722.98182759  -520.07760004    -1.00000000 ) (  -721.37674054  -521.02284857    -1.00000000 ) (  -719.76142731  -521.96688551    -1.00000000 ) (  -718.13585369  -522.90963552    -1.00000000 ) (  -716.49998629  -523.85102227    -1.00000000 ) (  -714.85379253  -524.79096846    -1.00000000 ) (  -713.19724068  -525.72939577    -1.00000000 ) (  -710.58743105  -527.19281437    -1.00000000 ) (  -706.41878688  -529.49256782    -1.00000000 ) (  -702.18630338  -531.78060386    -1.00000000 ) (  -697.88960042  -534.05565007    -1.00000000 ) (  -694.35096230  -535.89369113    -1.00000000 ) (  -694.34976008  -535.89436412    -1.00000000 ) (  -694.34855787  -535.89503710    -1.00000000 ) (  -694.34735565  -535.89571005    -1.00000000 ) (  -694.34615343  -535.89638299    -1.00000000 ) (  -694.34495122  -535.89705590    -1.00000000 ) (  -694.34374900  -535.89772880    -1.00000000 ) (  -694.34254679  -535.89840167    -1.00000000 ) (  -694.34134458  -535.89907452    -1.00000000 ) (  -694.34014237  -535.89974735    -1.00000000 ) (  -694.33894016  -535.90042016    -1.00000000 ) (  -694.33773795  -535.90109296    -1.00000000 ) (  -693.30202328  -536.47300374    -1.00000000 ) (  -692.14855600  -537.09022821    -1.00000000 ) (  -690.98540207  -537.68899013    -1.00000000 ) (  -689.81150937  -538.26640323    -1.00000000 ) (  -689.02695377  -538.63583757    -1.00000000 ) (  -689.02373752  -538.63732340    -1.00000000 ) (  -689.02052129  -538.63880899    -1.00000000 ) (  -689.01730506  -538.64029433    -1.00000000 ) (  -689.01408885  -538.64177943    -1.00000000 ) (  -685.46250676  -540.45436439    -1.00000000 ) (  -681.53203305  -542.42350672    -1.00000000 ) (  -680.19112552  -543.08649871    -1.00000000 ) (  -678.84442475  -543.74788137    -1.00000000 ) (  -677.49192576  -544.40761699    -1.00000000 ) (  -676.13362396  -545.06566762    -1.00000000 ) (  -674.76951517  -545.72199504    -1.00000000 ) (  -673.39959557  -546.37656080    -1.00000000 ) (  -672.02386179  -547.02932617    -1.00000000 ) (  -670.64231084  -547.68025218    -1.00000000 ) (  -669.25494015  -548.32929963    -1.00000000 ) (  -667.86174757  -548.97642907    -1.00000000 ) (  -666.46273140  -549.62160078    -1.00000000 ) (  -665.05789033  -550.26477485    -1.00000000 ) (  -663.64722353  -550.90591110    -1.00000000 ) (  -662.23073060  -551.54496913    -1.00000000 ) (  -660.80841159  -552.18190832    -1.00000000 ) (  -659.38026699  -552.81668782    -1.00000000 ) (  -657.94629779  -553.44926656    -1.00000000 ) (  -656.50650542  -554.07960323    -1.00000000 ) (  -655.06089180  -554.70765636    -1.00000000 ) (  -653.60945930  -555.33338421    -1.00000000 ) (  -652.15221082  -555.95674487    -1.00000000 ) (  -650.68914971  -556.57769623    -1.00000000 ) (  -649.22027985  -557.19619596    -1.00000000 ) (  -647.74560559  -557.81220156    -1.00000000 ) (  -646.26513181  -558.42567033    -1.00000000 ) (  -644.77886392  -559.03655938    -1.00000000 ) (  -643.30097932  -559.63907216    -1.00000000 ) (  -643.30041350  -559.63933314    -1.00000000 ) (  -643.29984768  -559.63959411    -1.00000000 ) (  -643.29928187  -559.63985508    -1.00000000 ) (  -643.29871605  -559.64011604    -1.00000000 ) (  -643.29815024  -559.64037698    -1.00000000 ) (  -642.26415775  -560.10538299    -1.00000000 ) )
    polyLine 36 37 ( (  -639.25700442  -561.34490480    -1.00000000 ) (  -637.43934929  -562.03593108    -1.00000000 ) (  -636.97025853  -562.20974897    -1.00000000 ) (  -636.96663143  -562.21108755    -1.00000000 ) (  -636.96300433  -562.21242606    -1.00000000 ) (  -636.95937724  -562.21376448    -1.00000000 ) (  -636.95575015  -562.21510283    -1.00000000 ) (  -631.92416716  -564.22955109    -1.00000000 ) (  -626.61380330  -566.29477857    -1.00000000 ) (  -621.23401289  -568.32403588    -1.00000000 ) (  -615.78527890  -570.31543968    -1.00000000 ) (  -610.26817001  -572.26709012    -1.00000000 ) (  -609.66354742  -572.47711422    -1.00000000 ) (  -609.65992036  -572.47845202    -1.00000000 ) (  -609.65629330  -572.47978974    -1.00000000 ) (  -609.65266625  -572.48112739    -1.00000000 ) (  -609.64903920  -572.48246495    -1.00000000 ) (  -608.31068650  -572.97075109    -1.00000000 ) (  -606.47836204  -573.62191626    -1.00000000 ) (  -604.63959259  -574.25465031    -1.00000000 ) (  -602.79430726  -574.86812070    -1.00000000 ) (  -602.35659307  -575.01040840    -1.00000000 ) (  -602.35153624  -575.01204489    -1.00000000 ) (  -602.34647942  -575.01368122    -1.00000000 ) (  -602.34142261  -575.01531737    -1.00000000 ) (  -602.33636580  -575.01695335    -1.00000000 ) (  -602.33130901  -575.01858917    -1.00000000 ) (  -602.32625222  -575.02022481    -1.00000000 ) (  -600.63158091  -575.60445861    -1.00000000 ) (  -594.61451127  -577.63039043    -1.00000000 ) (  -588.52101656  -579.60521462    -1.00000000 ) (  -581.22839259  -581.86820046    -1.00000000 ) (  -580.17689741  -582.18648931    -1.00000000 ) (  -578.74060664  -582.64388816    -1.00000000 ) (  -576.88256516  -583.21757302    -1.00000000 ) (  -575.01954119  -583.77486960    -1.00000000 ) (  -573.15236993  -584.31811643    -1.00000000 ) (  -571.91855066  -584.67002509    -1.00000000 ) (  -571.91215378  -584.67183668    -1.00000000 ) (  -571.90575691  -584.67364815    -1.00000000 ) (  -571.89936004  -584.67545948    -1.00000000 ) (  -571.66334510  -584.74628548    -1.00000000 ) (  -566.18510247  -586.36111754    -1.00000000 ) (  -560.65155323  -587.93102009    -1.00000000 ) (  -556.08192231  -589.18145353    -1.00000000 ) (  -556.07552547  -589.18326423    -1.00000000 ) (  -554.44872489  -589.63968617    -1.00000000 ) (  -552.57385398  -590.15574035    -1.00000000 ) (  -550.69630308  -590.66195579    -1.00000000 ) )
    polyLine 37 38 ( (  -547.55344248  -591.48597682    -1.00000000 ) (  -546.80763160  -591.67728277    -1.00000000 ) (  -546.80256354  -591.67857726    -1.00000000 ) (  -546.79749548  -591.67987166    -1.00000000 ) (  -546.79242743  -591.68116599    -1.00000000 ) (  -543.36378418  -592.59211293    -1.00000000 ) (  -539.52879903  -593.58362331    -1.00000000 ) (  -535.66993023  -594.55225393    -1.00000000 ) (  -532.93063914  -595.22227169    -1.00000000 ) (  -532.92557111  -595.22356564    -1.00000000 ) (  -532.92050309  -595.22485952    -1.00000000 ) (  -532.91543506  -595.22615333    -1.00000000 ) (  -532.38655570  -595.36076373    -1.00000000 ) (  -531.12159602  -595.67951181    -1.00000000 ) (  -529.85559954  -595.99411755    -1.00000000 ) (  -528.58861436  -596.30471841    -1.00000000 ) (  -527.32068789  -596.61145367    -1.00000000 ) (  -526.05186626  -596.91446453    -1.00000000 ) (  -524.78219467  -597.21389392    -1.00000000 ) (  -523.51171716  -597.50988647    -1.00000000 ) (  -522.71983413  -597.69261392    -1.00000000 ) (  -522.71388825  -597.69398094    -1.00000000 ) (  -522.70794237  -597.69534789    -1.00000000 ) (  -522.70199650  -597.69671476    -1.00000000 ) (  -520.43305244  -598.24055665    -1.00000000 ) (  -516.57783592  -599.14185813    -1.00000000 ) (  -512.70070576  -600.01945090    -1.00000000 ) (  -510.83642492  -600.43121320    -1.00000000 ) (  -510.83047907  -600.43257970    -1.00000000 ) (  -510.79993808  -600.43959761    -1.00000000 ) (  -509.52819812  -600.73011758    -1.00000000 ) (  -508.25574891  -601.01751516    -1.00000000 ) (  -506.98261440  -601.30186158    -1.00000000 ) (  -505.70881807  -601.58322876    -1.00000000 ) (  -504.43438310  -601.86168931    -1.00000000 ) (  -503.15933234  -602.13731647    -1.00000000 ) (  -501.88368819  -602.41018415    -1.00000000 ) (  -500.60747266  -602.68036684    -1.00000000 ) (  -499.69915429  -602.87099894    -1.00000000 ) (  -499.69215414  -602.87246281    -1.00000000 ) (  -497.84083905  -603.27468478    -1.00000000 ) (  -493.96747453  -604.09519863    -1.00000000 ) (  -490.07394677  -604.89131279    -1.00000000 ) (  -489.58073455  -604.99017190    -1.00000000 ) (  -489.57373442  -604.99163536    -1.00000000 ) (  -489.56673429  -604.99309874    -1.00000000 ) (  -489.11628507  -605.08709737    -1.00000000 ) (  -487.83893576  -605.35186807    -1.00000000 ) (  -486.56107286  -605.61414888    -1.00000000 ) )
    polyLine 39 40 ( (    -5.71378784    80.65671405     1.00000000 ) (    -7.17134694    80.55850355     1.00000000 ) (    -8.62882952    80.45916404     1.00000000 ) (   -10.08623325    80.35867424     1.00000000 ) (   -11.54355572    80.25701289     1.00000000 ) (   -13.00079448    80.15415871     1.00000000 ) (   -14.45794705    80.05009047     1.00000000 ) (   -15.91501086    79.94478691     1.00000000 ) (   -17.37198332    79.83822680     1.00000000 ) (   -18.82886175    79.73038894     1.00000000 ) (   -20.28564346    79.62125211     1.00000000 ) (   -21.74232566    79.51079512     1.00000000 ) (   -23.19890552    79.39899679     1.00000000 ) (   -24.65538016    79.28583595     1.00000000 ) (   -26.11174664    79.17129146     1.00000000 ) (   -27.56800294    79.05535463     1.00000000 ) (   -29.02414990    78.93805240     1.00000000 ) (   -30.48018893    78.81941800     1.00000000 ) (   -31.93612155    78.69948470     1.00000000 ) (   -33.39194936    78.57828571     1.00000000 ) (   -34.84767404    78.45585425     1.00000000 ) (   -36.30329736    78.33222353     1.00000000 ) (   -37.75882117    78.20742675     1.00000000 ) (   -39.21424742    78.08149707     1.00000000 ) (   -40.66957809    77.95446767     1.00000000 ) (   -42.12481527    77.82637171     1.00000000 ) (   -43.57996112    77.69724233     1.00000000 ) (   -45.03501786    77.56711266     1.00000000 ) (   -46.48998778    77.43601581     1.00000000 ) (   -47.94487323    77.30398472     1.00000000 ) (   -49.39967478    77.17103252     1.00000000 ) (   -50.85438960    77.03713464     1.00000000 ) (   -52.30901440    76.90226235     1.00000000 ) (   -53.76354584    76.76638689     1.00000000 ) (   -55.21798051    76.62947954     1.00000000 ) (   -56.67231495    76.49151158     1.00000000 ) (   -58.12654564    76.35245433     1.00000000 ) (   -59.58066900    76.21227910     1.00000000 ) (   -61.03468136    76.07095724     1.00000000 ) (   -62.48857901    75.92846012     1.00000000 ) (   -63.94235817    75.78475911     1.00000000 ) (   -65.39601496    75.63982561     1.00000000 ) (   -66.84954548    75.49363106     1.00000000 ) (   -68.30294571    75.34614689     1.00000000 ) (   -69.75621168    75.19734567     1.00000000 ) (   -71.20934232    75.04722858     1.00000000 ) (   -72.66233978    74.89582777     1.00000000 ) (   -74.11520644    74.74317690     1.00000000 ) (   -75.56794479    74.58930964     1.00000000 ) )
    polyLine 40 41 ( (   -78.47308240    74.27805656     1.00000000 ) (   -79.92548701    74.12073790     1.00000000 ) (   -81.37777402    73.96233718     1.00000000 ) (   -82.82994628    73.80288795     1.00000000 ) (   -84.28200675    73.64242376     1.00000000 ) (   -85.73395842    73.48097811     1.00000000 ) (   -87.18580437    73.31858450     1.00000000 ) (   -88.63754775    73.15527641     1.00000000 ) (   -90.08919175    72.99108728     1.00000000 ) (   -91.54073913    72.82604615     1.00000000 ) (   -92.99218860    72.66014622     1.00000000 ) (   -94.44353690    72.49336344     1.00000000 ) (   -95.89478067    72.32567365     1.00000000 ) (   -97.34591654    72.15705269     1.00000000 ) (   -98.79694109    71.98747645     1.00000000 ) (  -100.24785085    71.81692082     1.00000000 ) (  -101.69864229    71.64536169     1.00000000 ) (  -103.14931185    71.47277500     1.00000000 ) (  -104.59985591    71.29913669     1.00000000 ) (  -106.05027080    71.12442273     1.00000000 ) (  -107.50055280    70.94860910     1.00000000 ) (  -108.95069814    70.77167181     1.00000000 ) (  -110.40070300    70.59358690     1.00000000 ) (  -111.85056349    70.41433048     1.00000000 ) (  -113.30027730    70.23389164     1.00000000 ) (  -114.74984568    70.05228813     1.00000000 ) (  -116.19927040    69.86954156     1.00000000 ) (  -117.64855328    69.68567350     1.00000000 ) (  -119.09769619    69.50070551     1.00000000 ) (  -120.54670105    69.31465913     1.00000000 ) (  -121.99556983    69.12755590     1.00000000 ) (  -123.44430453    68.93941733     1.00000000 ) (  -124.89290721    68.75026491     1.00000000 ) (  -126.34137997    68.56012013     1.00000000 ) (  -127.78972494    68.36900447     1.00000000 ) (  -129.23794432    68.17693936     1.00000000 ) (  -130.68604033    67.98394626     1.00000000 ) (  -132.13401522    67.79004658     1.00000000 ) (  -133.58187097    67.59525926     1.00000000 ) (  -135.02960713    67.39958506     1.00000000 ) (  -136.47722215    67.20301662     1.00000000 ) (  -137.92471444    67.00554652     1.00000000 ) (  -139.37208243    66.80716738     1.00000000 ) (  -140.81932452    66.60787181     1.00000000 ) (  -142.26643909    66.40765244     1.00000000 ) (  -143.71342453    66.20650188     1.00000000 ) (  -145.16027918    66.00441278     1.00000000 ) (  -146.60700140    65.80137778     1.00000000 ) (  -148.05358952    65.59738953     1.00000000 ) )
    polyLine 41 42 ( (  -150.94631102    65.18653047     1.00000000 ) (  -152.39244100    64.97964506     1.00000000 ) (  -153.83843009    64.77177717     1.00000000 ) (  -155.28427658    64.56291977     1.00000000 ) (  -156.72997880    64.35306605     1.00000000 ) (  -158.17553505    64.14220918     1.00000000 ) (  -159.62094362    63.93034237     1.00000000 ) (  -161.06620280    63.71745884     1.00000000 ) (  -162.51131084    63.50355179     1.00000000 ) (  -163.95626601    63.28861447     1.00000000 ) (  -165.40106653    63.07264009     1.00000000 ) (  -166.84571063    62.85562192     1.00000000 ) (  -168.29019653    62.63755319     1.00000000 ) (  -169.73452241    62.41842718     1.00000000 ) (  -171.17868647    62.19823716     1.00000000 ) (  -172.62268687    61.97697642     1.00000000 ) (  -174.06652190    61.75463914     1.00000000 ) (  -175.51019190    61.53123275     1.00000000 ) (  -176.95369876    61.30677469     1.00000000 ) (  -178.39704446    61.08128262     1.00000000 ) (  -179.84023101    60.85477422     1.00000000 ) (  -181.28326047    60.62726711     1.00000000 ) (  -182.72613490    60.39877893     1.00000000 ) (  -184.16885644    60.16932728     1.00000000 ) (  -185.61142723    59.93892975     1.00000000 ) (  -187.05384945    59.70760392     1.00000000 ) (  -188.49612532    59.47536734     1.00000000 ) (  -189.93825708    59.24223757     1.00000000 ) (  -191.38024701    59.00823214     1.00000000 ) (  -192.82209743    58.77336855     1.00000000 ) (  -194.26380974    58.53765874     1.00000000 ) (  -195.70538021    58.30108302     1.00000000 ) (  -197.14680323    58.06361056     1.00000000 ) (  -198.58807313    57.82521056     1.00000000 ) (  -200.02918419    57.58585225     1.00000000 ) (  -201.47013063    57.34550490     1.00000000 ) (  -202.91090660    57.10413780     1.00000000 ) (  -204.35150621    56.86172031     1.00000000 ) (  -205.79192349    56.61822179     1.00000000 ) (  -207.23215242    56.37361167     1.00000000 ) (  -208.67218690    56.12785941     1.00000000 ) (  -210.11202077    55.88093452     1.00000000 ) (  -211.55164780    55.63280655     1.00000000 ) (  -212.99106182    55.38344584     1.00000000 ) (  -214.43026036    55.13284444     1.00000000 ) (  -215.86924521    54.88101891     1.00000000 ) (  -217.30801845    54.62798710     1.00000000 ) (  -218.74658217    54.37376684     1.00000000 ) (  -220.18493854    54.11837593     1.00000000 ) )
    polyLine 42 43 ( (  -223.06105461    53.60415028     1.00000000 ) (  -224.49881880    53.34535102     1.00000000 ) (  -225.93638463    53.08545208     1.00000000 ) (  -227.37375442    52.82447117     1.00000000 ) (  -228.81093056    52.56242596     1.00000000 ) (  -230.24791548    52.29933410     1.00000000 ) (  -231.68471158    52.03521305     1.00000000 ) (  -233.12131957    51.77007072     1.00000000 ) (  -234.55773746    51.50390045     1.00000000 ) (  -235.99396303    51.23669439     1.00000000 ) (  -237.42999405    50.96844469     1.00000000 ) (  -238.86582825    50.69914353     1.00000000 ) (  -240.30146337    50.42878308     1.00000000 ) (  -241.73689713    50.15735556     1.00000000 ) (  -243.17212722    49.88485316     1.00000000 ) (  -244.60715132    49.61126812     1.00000000 ) (  -246.04196711    49.33659267     1.00000000 ) (  -247.47657223    49.06081907     1.00000000 ) (  -248.91096433    48.78393959     1.00000000 ) (  -250.34514105    48.50594666     1.00000000 ) (  -251.77910047    48.22683504     1.00000000 ) (  -253.21284105    47.94660143     1.00000000 ) (  -254.64636123    47.66524257     1.00000000 ) (  -256.07965946    47.38275522     1.00000000 ) (  -257.51273418    47.09913616     1.00000000 ) (  -258.94558381    46.81438215     1.00000000 ) (  -260.37820678    46.52848999     1.00000000 ) (  -261.81060152    46.24145645     1.00000000 ) (  -263.24276641    45.95327836     1.00000000 ) (  -264.67469988    45.66395251     1.00000000 ) (  -266.10640032    45.37347572     1.00000000 ) (  -267.53786611    45.08184478     1.00000000 ) (  -268.96909360    44.78904660     1.00000000 ) (  -270.40007462    44.49504626     1.00000000 ) (  -271.83080033    44.19980599     1.00000000 ) (  -273.26126180    43.90328809     1.00000000 ) (  -274.69145000    43.60545495     1.00000000 ) (  -276.12135581    43.30626902     1.00000000 ) (  -277.55097003    43.00569285     1.00000000 ) (  -278.98028336    42.70368906     1.00000000 ) (  -280.40928637    42.40022037     1.00000000 ) (  -281.83796957    42.09524960     1.00000000 ) (  -283.26632335    41.78873963     1.00000000 ) (  -284.69433801    41.48065360     1.00000000 ) (  -286.12200760    41.17097235     1.00000000 ) (  -287.54933390    40.85971269     1.00000000 ) (  -288.97631972    40.54689573     1.00000000 ) (  -290.40296792    40.23254257     1.00000000 ) (  -291.82928143    39.91667423     1.00000000 ) )
    polyLine 43 44 ( (  -294.68091439    39.28047643     1.00000000 ) (  -296.10623997    38.96018883     1.00000000 ) (  -297.53124315    38.63846979     1.00000000 ) (  -298.95592712    38.31534013     1.00000000 ) (  -300.38029517    37.99082064     1.00000000 ) (  -301.80434988    37.66492896     1.00000000 ) (  -303.22808647    37.33765028     1.00000000 ) (  -304.65149562    37.00895041     1.00000000 ) (  -306.07456786    36.67879499     1.00000000 ) (  -307.49729364    36.34714976     1.00000000 ) (  -308.91966331    36.01398055     1.00000000 ) (  -310.34166712    35.67925330     1.00000000 ) (  -311.76329525    35.34293404     1.00000000 ) (  -313.18453776    35.00498891     1.00000000 ) (  -314.60538462    34.66538417     1.00000000 ) (  -316.02582569    34.32408617     1.00000000 ) (  -317.44585102    33.98106251     1.00000000 ) (  -318.86545435    33.63629655     1.00000000 ) (  -320.28463219    33.28978330     1.00000000 ) (  -321.70338111    32.94151807     1.00000000 ) (  -323.12169767    32.59149620     1.00000000 ) (  -324.53957842    32.23971306     1.00000000 ) (  -325.95701987    31.88616404     1.00000000 ) (  -327.37401855    31.53084458     1.00000000 ) (  -328.79057097    31.17375012     1.00000000 ) (  -330.20667361    30.81487616     1.00000000 ) (  -331.62232295    30.45421821     1.00000000 ) (  -333.03751412    30.09176664     1.00000000 ) (  -334.45223737    29.72749293     1.00000000 ) (  -335.86648172    29.36136435     1.00000000 ) (  -337.28023609    28.99334830     1.00000000 ) (  -338.69348930    28.62341234     1.00000000 ) (  -340.10623006    28.25152416     1.00000000 ) (  -341.51844697    27.87765161     1.00000000 ) (  -342.93012853    27.50176266     1.00000000 ) (  -344.34126301    27.12382551     1.00000000 ) (  -345.75183871    26.74380844     1.00000000 ) (  -347.16184448    26.36168218     1.00000000 ) (  -348.57127193    25.97742830     1.00000000 ) (  -349.98011346    25.59103168     1.00000000 ) (  -351.38836140    25.20247725     1.00000000 ) (  -352.79600806    24.81175006     1.00000000 ) (  -354.20304567    24.41883527     1.00000000 ) (  -355.60946644    24.02371810     1.00000000 ) (  -357.01526251    23.62638393     1.00000000 ) (  -358.42042596    23.22681818     1.00000000 ) (  -359.82494878    22.82500620     1.00000000 ) (  -361.22882044    22.42092487     1.00000000 ) (  -362.63202705    22.01453998     1.00000000 ) )
    polyLine 44 45 ( (  -365.43597204    21.19484321     1.00000000 ) (  -366.83668211    20.78146392     1.00000000 ) (  -368.23667004    20.36564489     1.00000000 ) (  -369.63592110    19.94735233     1.00000000 ) (  -371.03442044    19.52655269     1.00000000 ) (  -372.43215257    19.10321239     1.00000000 ) (  -373.82909757    18.67728366     1.00000000 ) (  -375.22523049    18.24870004     1.00000000 ) (  -376.62052509    17.81739450     1.00000000 ) (  -378.01495484    17.38330052     1.00000000 ) (  -379.40849293    16.94635212     1.00000000 ) (  -380.80111229    16.50648386     1.00000000 ) (  -382.19278486    16.06363105     1.00000000 ) (  -383.58348326    15.61772930     1.00000000 ) (  -384.97317788    15.16870867     1.00000000 ) (  -386.36183000    14.71647397     1.00000000 ) (  -387.74939815    14.26092395     1.00000000 ) (  -389.13584037    13.80195841     1.00000000 ) (  -390.52111421    13.33947814     1.00000000 ) (  -391.90517672    12.87338506     1.00000000 ) (  -393.28798442    12.40358219     1.00000000 ) (  -394.66949334    11.92997364     1.00000000 ) (  -396.04964957    11.45243841     1.00000000 ) (  -397.42837494    10.97078898     1.00000000 ) (  -398.80558697    10.48482930     1.00000000 ) (  -400.18120163     9.99436617     1.00000000 ) (  -401.55513371     9.49920925     1.00000000 ) (  -402.92729684     8.99917118     1.00000000 ) (  -404.29760346     8.49406778     1.00000000 ) (  -405.66597245     7.98373829     1.00000000 ) (  -407.03235938     7.46812520     1.00000000 ) (  -408.39673134     6.94720341     1.00000000 ) (  -409.75905540     6.42094883     1.00000000 ) (  -411.11929861     5.88933837     1.00000000 ) (  -412.47742664     5.35235045     1.00000000 ) (  -413.83340510     4.80995789     1.00000000 ) (  -415.18705102     4.26177153     1.00000000 ) (  -416.53794491     3.70683921     1.00000000 ) (  -417.88563937     3.14418196     1.00000000 ) (  -419.22967926     2.57284914     1.00000000 ) (  -420.56960152     1.99192217     1.00000000 ) (  -421.90493548     1.40052933     1.00000000 ) (  -423.23541250     0.79829858     1.00000000 ) (  -424.56107520     0.18553499     1.00000000 ) (  -425.88198916    -0.43740996     1.00000000 ) (  -427.19821314    -1.07018842     1.00000000 ) (  -428.50982836    -1.71247033     1.00000000 ) (  -429.81636451    -2.36502920     1.00000000 ) (  -431.11526190    -3.03261156     1.00000000 ) )
    polyLine 45 46 ( (  -434.53669209    -4.93598670     1.00000000 ) (  -439.57435508    -8.24231295     1.00000000 ) )
    polyLine 46 47 ( (  -443.57801497   -11.65636660     1.00000000 ) (  -446.54020003   -15.14891387     1.00000000 ) (  -448.45788747   -18.65760927     1.00000000 ) (  -448.83669315   -20.45117417     1.00000000 ) (  -449.10890281   -22.02202908     1.00000000 ) (  -449.28739481   -23.12582741     1.00000000 ) (  -449.34962474   -23.51675359     1.00000000 ) )
    polyLine 47 48 ( (  -449.33213770   -23.84854263     1.00000000 ) (  -449.22915893   -24.23076144     1.00000000 ) (  -448.93562608   -25.30968155     1.00000000 ) (  -448.49979847   -26.84321914     1.00000000 ) (  -447.93455445   -28.58702762     1.00000000 ) (  -445.65866242   -31.87469913     1.00000000 ) (  -442.34575707   -35.03651585     1.00000000 ) )
    polyLine 48 49 ( (  -438.00539813   -38.01079545     1.00000000 ) (  -432.64808894   -40.76925151     1.00000000 ) )
    polyLine 49 50 ( (  -429.87258918   -41.97046055     1.00000000 ) (  -429.34469931   -42.18348739     1.00000000 ) (  -428.81543873   -42.39308221     1.00000000 ) (  -428.28495298   -42.59956475     1.00000000 ) (  -427.75339292   -42.80326379     1.00000000 ) (  -427.22090380   -43.00452011     1.00000000 ) (  -426.68762866   -43.20368389     1.00000000 ) (  -426.15370775   -43.40111254     1.00000000 ) (  -425.61923700   -43.59704883     1.00000000 ) (  -425.08422466   -43.79150069     1.00000000 ) (  -424.54866823   -43.98444840     1.00000000 ) (  -424.01256534   -44.17587205     1.00000000 ) (  -423.47591372   -44.36575156     1.00000000 ) (  -422.93871098   -44.55406670     1.00000000 ) (  -422.40095483   -44.74079707     1.00000000 ) (  -421.86264393   -44.92592178     1.00000000 ) (  -421.32377649   -45.10941992     1.00000000 ) (  -420.78435087   -45.29127041     1.00000000 ) (  -420.24436553   -45.47145196     1.00000000 ) (  -419.70381910   -45.64994306     1.00000000 ) (  -419.16271034   -45.82672202     1.00000000 ) (  -418.62103885   -46.00176907     1.00000000 ) (  -418.07881662   -46.17510261     1.00000000 ) (  -417.53606608   -46.34677483     1.00000000 ) (  -416.99280979   -46.51683990     1.00000000 ) (  -416.44907002   -46.68535283     1.00000000 ) (  -415.90486877   -46.85236947     1.00000000 ) (  -415.36022776   -47.01794648     1.00000000 ) (  -414.81516845   -47.18214126     1.00000000 ) (  -414.26971201   -47.34501194     1.00000000 ) (  -413.72387938   -47.50661736     1.00000000 ) (  -413.17769121   -47.66701700     1.00000000 ) (  -412.63116790   -47.82627099     1.00000000 ) (  -412.08432963   -47.98444002     1.00000000 ) (  -411.53719631   -48.14158537     1.00000000 ) (  -410.98978744   -48.29776887     1.00000000 ) (  -410.44212258   -48.45305261     1.00000000 ) (  -409.89421562   -48.60747988     1.00000000 ) (  -409.34606964   -48.76105643     1.00000000 ) (  -408.79768645   -48.91378368     1.00000000 ) (  -408.24906788   -49.06566307     1.00000000 ) (  -407.70021575   -49.21669605     1.00000000 ) (  -407.15113186   -49.36688413     1.00000000 ) (  -406.60181791   -49.51622883     1.00000000 ) (  -406.05227557   -49.66473173     1.00000000 ) (  -405.50250690   -49.81239430     1.00000000 ) (  -404.95251371   -49.95921814     1.00000000 ) (  -404.40229779   -50.10520484     1.00000000 ) (  -403.85186093   -50.25035601     1.00000000 ) )
    polyLine 50 51 ( (  -402.74990510   -50.53826917     1.00000000 ) (  -402.19838931   -50.68103323     1.00000000 ) (  -401.64665935   -50.82296723     1.00000000 ) (  -401.09471701   -50.96407295     1.00000000 ) (  -400.54256492   -51.10435556     1.00000000 ) (  -399.99020708   -51.24382574     1.00000000 ) (  -399.43764757   -51.38249474     1.00000000 ) (  -398.88489046   -51.52037390     1.00000000 ) (  -398.33193976   -51.65747462     1.00000000 ) (  -397.77879947   -51.79380839     1.00000000 ) (  -397.22547355   -51.92938674     1.00000000 ) (  -396.67196587   -52.06422130     1.00000000 ) (  -396.11828027   -52.19832376     1.00000000 ) (  -395.56442070   -52.33170585     1.00000000 ) (  -395.01039098   -52.46437937     1.00000000 ) (  -394.45619490   -52.59635620     1.00000000 ) (  -393.90183620   -52.72764828     1.00000000 ) (  -393.34731861   -52.85826759     1.00000000 ) (  -392.79264580   -52.98822620     1.00000000 ) (  -392.23782143   -53.11753622     1.00000000 ) (  -391.68284912   -53.24620982     1.00000000 ) (  -391.12773245   -53.37425922     1.00000000 ) (  -390.57247486   -53.50169615     1.00000000 ) (  -390.01707881   -53.62852829     1.00000000 ) (  -389.46154634   -53.75476151     1.00000000 ) (  -388.90587944   -53.88040173     1.00000000 ) (  -388.35008013   -54.00545487     1.00000000 ) (  -387.79415038   -54.12992687     1.00000000 ) (  -387.23809217   -54.25382372     1.00000000 ) (  -386.68190745   -54.37715142     1.00000000 ) (  -386.12559817   -54.49991600     1.00000000 ) (  -385.56916624   -54.62212352     1.00000000 ) (  -385.01261359   -54.74378003     1.00000000 ) (  -384.45594210   -54.86489165     1.00000000 ) (  -383.89915368   -54.98546451     1.00000000 ) (  -383.34225017   -55.10550473     1.00000000 ) (  -382.78523345   -55.22501851     1.00000000 ) (  -382.22810536   -55.34401201     1.00000000 ) (  -381.67086772   -55.46249147     1.00000000 ) (  -381.11352236   -55.58046311     1.00000000 ) (  -380.55607106   -55.69793319     1.00000000 ) (  -379.99851563   -55.81490798     1.00000000 ) (  -379.44085780   -55.93139364     1.00000000 ) (  -378.88309900   -56.04739487     1.00000000 ) (  -378.32524049   -56.16291561     1.00000000 ) (  -377.76728352   -56.27795982     1.00000000 ) (  -377.20922931   -56.39253146     1.00000000 ) (  -376.65107911   -56.50663449     1.00000000 ) (  -376.09283413   -56.62027290     1.00000000 ) )
    polyLine 52 53 ( (   -24.59332047   360.01508836     1.00000000 ) (   -26.09126448   359.91518353     1.00000000 ) (   -27.78364885   359.80089229     1.00000000 ) (   -29.47592919   359.68507095     1.00000000 ) (   -31.16810182   359.56768620     1.00000000 ) (   -32.86016289   359.44870475     1.00000000 ) (   -34.55210860   359.32809333     1.00000000 ) (   -36.24393488   359.20581868     1.00000000 ) (   -37.93563771   359.08184758     1.00000000 ) (   -39.62721292   358.95614680     1.00000000 ) (   -41.31865615   358.82868317     1.00000000 ) (   -43.00996314   358.69942350     1.00000000 ) (   -44.70112927   358.56833466     1.00000000 ) (   -46.07421970   358.46052436     1.00000000 ) (   -46.13984326   358.45534059     1.00000000 ) (   -49.81863652   358.16519418     1.00000000 ) (   -51.46502384   358.03414095     1.00000000 ) (   -53.15576916   357.89773138     1.00000000 ) (   -54.84636938   357.75953538     1.00000000 ) (   -56.53682698   357.61960496     1.00000000 ) (   -58.22714441   357.47799216     1.00000000 ) (   -59.91732451   357.33474895     1.00000000 ) (   -61.60737009   357.18992729     1.00000000 ) (   -63.29728414   357.04357913     1.00000000 ) (   -64.98706992   356.89575639     1.00000000 ) (   -66.67673055   356.74651097     1.00000000 ) (   -68.36626961   356.59589474     1.00000000 ) (   -70.05569054   356.44395956     1.00000000 ) (   -71.28016521   356.33303702     1.00000000 ) (   -71.35801094   356.32596291     1.00000000 ) (   -75.12355570   355.98375309     1.00000000 ) (   -76.81272426   355.82903741     1.00000000 ) (   -78.50177420   355.67303146     1.00000000 ) (   -80.19070018   355.51569025     1.00000000 ) (   -81.87949708   355.35696878     1.00000000 ) (   -83.56815938   355.19682212     1.00000000 ) (   -85.25668162   355.03520534     1.00000000 ) (   -86.94505820   354.87207356     1.00000000 ) (   -88.63328326   354.70738192     1.00000000 ) (   -90.32135110   354.54108560     1.00000000 ) (   -92.00925554   354.37313984     1.00000000 ) (   -93.69699059   354.20349988     1.00000000 ) (   -95.38454996   354.03212103     1.00000000 ) (   -95.89770524   353.97965268     1.00000000 ) (   -99.30384012   353.63105770     1.00000000 ) (  -100.44677529   353.51354500     1.00000000 ) (  -102.13396731   353.33858673     1.00000000 ) (  -103.82098144   353.16192120     1.00000000 ) (  -105.50782144   352.98360111     1.00000000 ) )
    polyLine 53 54 ( (  -108.81443957   352.62939835     1.00000000 ) (  -110.43423836   352.45373479     1.00000000 ) (  -112.05389169   352.27673496     1.00000000 ) (  -113.67340357   352.09844540     1.00000000 ) (  -115.29277812   351.91891262     1.00000000 ) (  -116.91201955   351.73818309     1.00000000 ) (  -118.53113220   351.55630326     1.00000000 ) (  -120.15012040   351.37331957     1.00000000 ) (  -123.37841515   351.00720531     1.00000000 ) (  -123.45965917   350.99797847     1.00000000 ) (  -125.00678913   350.82175696     1.00000000 ) (  -126.62549741   350.63631294     1.00000000 ) (  -128.24407782   350.44975612     1.00000000 ) (  -129.86252570   350.26205301     1.00000000 ) (  -131.48083625   350.07317014     1.00000000 ) (  -133.09900475   349.88307403     1.00000000 ) (  -134.71702632   349.69173128     1.00000000 ) (  -136.33489601   349.49910849     1.00000000 ) (  -137.95260880   349.30517228     1.00000000 ) (  -139.57015958   349.10988933     1.00000000 ) (  -141.18754317   348.91322634     1.00000000 ) (  -142.80475420   348.71515005     1.00000000 ) (  -144.38795227   348.51981735     1.00000000 ) (  -144.46262259   348.51056933     1.00000000 ) (  -147.65565670   348.11498569     1.00000000 ) (  -149.27248155   347.91378079     1.00000000 ) (  -150.88912550   347.71112815     1.00000000 ) (  -152.50559109   347.50705770     1.00000000 ) (  -154.12188088   347.30159938     1.00000000 ) (  -155.73799748   347.09478307     1.00000000 ) (  -157.35394359   346.88663867     1.00000000 ) (  -158.96972196   346.67719603     1.00000000 ) (  -160.58533542   346.46648497     1.00000000 ) (  -162.20078686   346.25453531     1.00000000 ) (  -163.81607917   346.04137683     1.00000000 ) (  -165.43121546   345.82703928     1.00000000 ) (  -167.04619883   345.61155240     1.00000000 ) (  -168.31658406   345.44124278     1.00000000 ) (  -171.00687842   345.08032986     1.00000000 ) (  -171.89065604   344.96140779     1.00000000 ) (  -173.50528390   344.74327273     1.00000000 ) (  -175.11976112   344.52402573     1.00000000 ) (  -176.73408550   344.30365653     1.00000000 ) (  -178.34825490   344.08215485     1.00000000 ) (  -179.96226709   343.85951047     1.00000000 ) (  -181.57611983   343.63571315     1.00000000 ) (  -183.18981085   343.41075266     1.00000000 ) (  -184.80333787   343.18461880     1.00000000 ) (  -186.41669859   342.95730137     1.00000000 ) )
    polyLine 54 55 ( (  -189.69166644   342.49211256     1.00000000 ) (  -191.35325833   342.25414598     1.00000000 ) (  -194.23797601   341.83930155     1.00000000 ) (  -194.67616415   341.77627755     1.00000000 ) (  -196.33749392   341.53648793     1.00000000 ) (  -197.99863324   341.29538379     1.00000000 ) (  -199.65957992   341.05295473     1.00000000 ) (  -201.32033095   340.80919050     1.00000000 ) (  -202.98088415   340.56408075     1.00000000 ) (  -204.64123644   340.31761525     1.00000000 ) (  -206.30138558   340.06978368     1.00000000 ) (  -207.96132849   339.82057584     1.00000000 ) (  -209.62106283   339.56998144     1.00000000 ) (  -211.28058552   339.31799033     1.00000000 ) (  -212.93989409   339.06459224     1.00000000 ) (  -214.27904375   338.85902938     1.00000000 ) (  -214.36278611   338.84614319     1.00000000 ) (  -217.91705098   338.29938186     1.00000000 ) (  -219.57584580   338.04264184     1.00000000 ) (  -221.23442532   337.78451595     1.00000000 ) (  -222.89279294   337.52503093     1.00000000 ) (  -224.55095139   337.26421360     1.00000000 ) (  -226.20890407   337.00209069     1.00000000 ) (  -227.86665399   336.73868893     1.00000000 ) (  -229.52420451   336.47403500     1.00000000 ) (  -231.18155888   336.20815557     1.00000000 ) (  -232.83872047   335.94107729     1.00000000 ) (  -234.49569276   335.67282674     1.00000000 ) (  -236.15247908   335.40343054     1.00000000 ) (  -236.84105128   335.29112804     1.00000000 ) (  -239.46568684   334.86239801     1.00000000 ) (  -241.12219657   334.59130532     1.00000000 ) (  -242.77851635   334.31905576     1.00000000 ) (  -244.43463800   334.04560249     1.00000000 ) (  -246.09055257   333.77089887     1.00000000 ) (  -247.74625155   333.49489822     1.00000000 ) (  -249.40172594   333.21755400     1.00000000 ) (  -251.05696685   332.93881968     1.00000000 ) (  -252.71196526   332.65864882     1.00000000 ) (  -254.36671184   332.37699506     1.00000000 ) (  -256.02119758   332.09381208     1.00000000 ) (  -257.67541266   331.80905371     1.00000000 ) (  -258.64306788   331.64170937     1.00000000 ) (  -261.62776224   331.12429963     1.00000000 ) (  -262.63707495   330.94908509     1.00000000 ) (  -264.29065732   330.66067450     1.00000000 ) (  -265.94395861   330.37065730     1.00000000 ) (  -267.59698219   330.07906051     1.00000000 ) (  -269.24973094   329.78591121     1.00000000 ) )
    polyLine 55 56 ( (  -272.57182065   329.19193516     1.00000000 ) (  -274.24116278   328.89113139     1.00000000 ) (  -275.91023849   328.58885277     1.00000000 ) (  -277.57905134   328.28512699     1.00000000 ) (  -279.24760542   327.97998167     1.00000000 ) (  -280.41254838   327.76608215     1.00000000 ) (  -283.15865815   327.26139667     1.00000000 ) (  -284.25241328   327.05988880     1.00000000 ) (  -285.92035494   326.75141336     1.00000000 ) (  -287.58803822   326.44154580     1.00000000 ) (  -289.25546013   326.13027376     1.00000000 ) (  -290.92261693   325.81758501     1.00000000 ) (  -292.58950498   325.50346732     1.00000000 ) (  -294.25612103   325.18790844     1.00000000 ) (  -295.92246095   324.87089628     1.00000000 ) (  -297.58852158   324.55241858     1.00000000 ) (  -299.25429907   324.23246324     1.00000000 ) (  -300.91978960   323.91101819     1.00000000 ) (  -304.15557330   323.28401413     1.00000000 ) (  -304.25029300   323.26565585     1.00000000 ) (  -305.91537624   322.94210782     1.00000000 ) (  -307.58016526   322.61704857     1.00000000 ) (  -309.24465753   322.29047301     1.00000000 ) (  -310.90885044   321.96237612     1.00000000 ) (  -312.57274195   321.63275274     1.00000000 ) (  -314.23632900   321.30159797     1.00000000 ) (  -315.89960967   320.96890665     1.00000000 ) (  -317.56258122   320.63467383     1.00000000 ) (  -319.22524112   320.29889451     1.00000000 ) (  -320.88758718   319.96156366     1.00000000 ) (  -321.79176796   319.77740287     1.00000000 ) (  -324.72674298   319.17794452     1.00000000 ) (  -325.87341847   318.94364479     1.00000000 ) (  -327.53502963   318.60271375     1.00000000 ) (  -329.19629958   318.26012262     1.00000000 ) (  -330.85721369   317.91581253     1.00000000 ) (  -332.51775859   317.56972442     1.00000000 ) (  -334.17791936   317.22179968     1.00000000 ) (  -335.83768193   316.87197964     1.00000000 ) (  -337.49703156   316.52020589     1.00000000 ) (  -339.15595321   316.16642019     1.00000000 ) (  -340.81443238   315.81056435     1.00000000 ) (  -341.73201767   315.61272735     1.00000000 ) (  -345.19827396   314.86371441     1.00000000 ) (  -345.78836374   314.73606882     1.00000000 ) (  -347.44593087   314.37598966     1.00000000 ) (  -349.10303643   314.01379268     1.00000000 ) (  -350.75968519   313.64951085     1.00000000 ) (  -352.41588107   313.28317726     1.00000000 ) )
    polyLine 56 57 ( (  -355.86570131   312.51334615     1.00000000 ) (  -357.65925904   312.10957612     1.00000000 ) (  -359.45230881   311.70355612     1.00000000 ) (  -361.24485680   311.29532768     1.00000000 ) (  -364.83875153   310.47370283     1.00000000 ) (  -364.91544698   310.45616267     1.00000000 ) (  -366.62120647   310.06496953     1.00000000 ) (  -368.41263116   309.65184020     1.00000000 ) (  -370.20352510   309.23641447     1.00000000 ) (  -371.99386881   308.81862416     1.00000000 ) (  -373.78364293   308.39840123     1.00000000 ) (  -375.57282857   307.97567773     1.00000000 ) (  -377.36140489   307.55038640     1.00000000 ) (  -379.14935295   307.12245972     1.00000000 ) (  -380.55329256   306.78444125     1.00000000 ) (  -384.11944621   305.92305041     1.00000000 ) (  -384.51074899   305.82849481     1.00000000 ) (  -386.29735383   305.39499355     1.00000000 ) (  -388.08328442   304.95872552     1.00000000 ) (  -389.86853511   304.51968110     1.00000000 ) (  -391.65309801   304.07785126     1.00000000 ) (  -393.43696689   303.63322664     1.00000000 ) (  -395.22013463   303.18579816     1.00000000 ) (  -397.00259393   302.73555686     1.00000000 ) (  -398.78433860   302.28249356     1.00000000 ) (  -399.01381974   302.22392198     1.00000000 ) (  -402.78214706   301.26121178     1.00000000 ) (  -404.12783689   300.91655671     1.00000000 ) (  -405.90814506   300.45788446     1.00000000 ) (  -407.68769132   299.99626225     1.00000000 ) (  -409.46645235   299.53162552     1.00000000 ) (  -411.24440653   299.06390956     1.00000000 ) (  -413.02153070   298.59305038     1.00000000 ) (  -414.79780206   298.11898417     1.00000000 ) (  -416.57319748   297.64164755     1.00000000 ) (  -416.93549001   297.54380367     1.00000000 ) (  -420.91413338   296.46806116     1.00000000 ) (  -421.89725092   296.20172740     1.00000000 ) (  -423.67102183   295.71838944     1.00000000 ) (  -425.44386425   295.23165694     1.00000000 ) (  -427.21576285   294.74149994     1.00000000 ) (  -428.98670238   294.24788868     1.00000000 ) (  -430.75666710   293.75079377     1.00000000 ) (  -432.52564153   293.25018592     1.00000000 ) (  -434.26050407   292.75551196     1.00000000 ) (  -438.37395963   291.57783179     1.00000000 ) (  -438.43361517   291.56075140     1.00000000 ) (  -439.59567602   291.22715115     1.00000000 ) (  -441.36188090   290.71686024     1.00000000 ) )
    polyLine 57 58 ( (  -445.62741580   289.46779663     1.00000000 ) (  -448.12552442   288.72496722     1.00000000 ) (  -450.62125903   287.97419996     1.00000000 ) (  -450.95018570   287.87459508     1.00000000 ) (  -455.60933365   286.46153606     1.00000000 ) (  -458.10194155   285.70045308     1.00000000 ) (  -460.59191257   284.93078709     1.00000000 ) (  -463.07909596   284.15216009     1.00000000 ) (  -465.56333809   283.36419950     1.00000000 ) (  -467.01632175   282.89840550     1.00000000 ) (  -471.98670319   281.29658858     1.00000000 ) (  -473.00560802   280.96759084     1.00000000 ) (  -475.48338215   280.15952306     1.00000000 ) (  -477.95762821   279.34071680     1.00000000 ) (  -480.42810512   278.51060819     1.00000000 ) (  -482.73930229   277.72204869     1.00000000 ) (  -484.87156067   277.00348054     1.00000000 ) (  -488.59891012   275.70316288     1.00000000 ) (  -490.28595347   275.11942687     1.00000000 ) (  -492.74499161   274.25602411     1.00000000 ) (  -495.19896967   273.37834368     1.00000000 ) (  -497.64739983   272.48530952     1.00000000 ) (  -498.38709533   272.21190395     1.00000000 ) (  -498.43608251   272.19373627     1.00000000 ) (  -504.78447526   269.84275754     1.00000000 ) (  -507.41850803   268.85175550     1.00000000 ) (  -509.85290082   267.92113210     1.00000000 ) (  -512.28071715   266.97349032     1.00000000 ) (  -514.09547368   266.25218622     1.00000000 ) (  -514.13813335   266.23509568     1.00000000 ) (  -521.79652084   263.15107764     1.00000000 ) (  -521.95431498   263.08778385     1.00000000 ) (  -524.36900355   262.10718426     1.00000000 ) (  -526.77409726   261.10328373     1.00000000 ) (  -529.16699864   260.07068645     1.00000000 ) (  -529.78626210   259.79712898     1.00000000 ) (  -533.97652201   257.99741674     1.00000000 ) (  -540.45249750   255.05655455     1.00000000 ) (  -540.48275758   255.04310201     1.00000000 ) (  -541.07501503   254.77844444     1.00000000 ) (  -543.44482860   253.69391384     1.00000000 ) (  -545.79949575   252.57686257     1.00000000 ) (  -547.46474161   251.76388839     1.00000000 ) (  -560.50958215   245.22008128     1.00000000 ) (  -560.53368787   245.20817206     1.00000000 ) (  -560.55779340   245.19625901     1.00000000 ) (  -560.58189871   245.18434207     1.00000000 ) (  -560.60600382   245.17242120     1.00000000 ) (  -562.11568078   244.41578171     1.00000000 ) )
    polyLine 58 59 ( (  -565.04032897   242.86124268     1.00000000 ) (  -565.65487483   242.51349264     1.00000000 ) (  -566.26550769   242.15891714     1.00000000 ) (  -566.54422614   241.99386226     1.00000000 ) (  -566.54480367   241.99351808     1.00000000 ) (  -566.54538119   241.99317390     1.00000000 ) (  -566.54595871   241.99282970     1.00000000 ) (  -566.54653623   241.99248550     1.00000000 ) (  -567.14096016   241.67371894     1.00000000 ) (  -567.90436230   241.26163961     1.00000000 ) (  -568.66425257   240.84841959     1.00000000 ) (  -569.42063042   240.43408604     1.00000000 ) (  -570.17349564   240.01866592     1.00000000 ) (  -570.92284835   239.60218606     1.00000000 ) (  -571.66868898   239.18467312     1.00000000 ) (  -572.41101831   238.76615358     1.00000000 ) (  -573.14983739   238.34665375     1.00000000 ) (  -573.88514763   237.92619979     1.00000000 ) (  -574.61695070   237.50481764     1.00000000 ) (  -575.34524861   237.08253310     1.00000000 ) (  -576.07004365   236.65937176     1.00000000 ) (  -576.79133840   236.23535906     1.00000000 ) (  -577.50913574   235.81052021     1.00000000 ) (  -578.22343881   235.38488028     1.00000000 ) (  -578.93425107   234.95846413     1.00000000 ) (  -579.64157621   234.53129640     1.00000000 ) (  -580.34541823   234.10340160     1.00000000 ) (  -581.04578137   233.67480398     1.00000000 ) (  -581.74267014   233.24552765     1.00000000 ) (  -582.43608931   232.81559648     1.00000000 ) (  -583.12604389   232.38503417     1.00000000 ) (  -583.81253916   231.95386421     1.00000000 ) (  -584.49558062   231.52210988     1.00000000 ) (  -585.87249176   230.64334600     1.00000000 ) (  -588.18220379   229.14378170     1.00000000 ) (  -588.18547905   229.14182777     1.00000000 ) (  -588.18875429   229.13987356     1.00000000 ) (  -588.19202952   229.13791906     1.00000000 ) (  -588.19530474   229.13596428     1.00000000 ) (  -588.72427005   228.81646807     1.00000000 ) (  -589.32472967   228.44492467     1.00000000 ) (  -589.92116910   228.06696010     1.00000000 ) (  -590.51379994   227.68305074     1.00000000 ) (  -591.10283480   227.29364573     1.00000000 ) (  -591.68848610   226.89916937     1.00000000 ) (  -592.27096485   226.50002357     1.00000000 ) (  -592.85048177   226.09658877     1.00000000 ) (  -593.18897083   225.85819780     1.00000000 ) (  -593.19018379   225.85734002     1.00000000 ) (  -593.19139675   225.85648222     1.00000000 ) (  -593.19260972   225.85562440     1.00000000 ) (  -593.19382268   225.85476655     1.00000000 ) (  -593.19503564   225.85390868     1.00000000 ) (  -593.19624859   225.85305079     1.00000000 ) (  -593.19746155   225.85219287     1.00000000 ) (  -593.19867451   225.85133492     1.00000000 ) (  -593.19988746   225.85047696     1.00000000 ) (  -593.20110041   225.84961897     1.00000000 ) (  -595.29739559   224.46021975     1.00000000 ) (  -597.46401478   222.99550272     1.00000000 ) (  -599.59279285   221.52740972     1.00000000 ) (  -601.61072545   220.10875636     1.00000000 ) (  -602.44943495   219.51127390     1.00000000 ) (  -603.28204409   218.91352526     1.00000000 ) (  -604.10857766   218.31555755     1.00000000 ) (  -604.92906094   217.71741714     1.00000000 ) (  -605.74351972   217.11914970     1.00000000 ) (  -606.55198026   216.52080016     1.00000000 ) (  -607.35446924   215.92241274     1.00000000 ) (  -608.15101382   215.32403094     1.00000000 ) (  -608.94164155   214.72569754     1.00000000 ) (  -609.72638038   214.12745461     1.00000000 ) (  -610.50525866   213.52934350     1.00000000 ) (  -611.27830510   212.93140488     1.00000000 ) (  -612.04554878   212.33367870     1.00000000 ) (  -612.80701910   211.73620419     1.00000000 ) (  -613.56274578   211.13901993     1.00000000 ) (  -614.31275888   210.54216376     1.00000000 ) (  -615.05708872   209.94567288     1.00000000 ) (  -615.79576591   209.34958377     1.00000000 ) (  -616.52882133   208.75393225     1.00000000 ) (  -617.25628613   208.15875347     1.00000000 ) (  -617.97819165   207.56408189     1.00000000 ) (  -618.69456950   206.96995134     1.00000000 ) (  -619.40545148   206.37639497     1.00000000 ) (  -620.11086960   205.78344528     1.00000000 ) (  -620.81085605   205.19113412     1.00000000 ) (  -621.26261283   204.80680147     1.00000000 ) (  -621.26310514   204.80645308     1.00000000 ) (  -621.26359744   204.80610469     1.00000000 ) (  -621.26408975   204.80575629     1.00000000 ) (  -621.26458205   204.80540789     1.00000000 ) (  -621.26507435   204.80505949     1.00000000 ) (  -621.26556666   204.80471108     1.00000000 ) (  -621.26605896   204.80436267     1.00000000 ) (  -621.26655126   204.80401425     1.00000000 ) (  -621.26704357   204.80366583     1.00000000 ) (  -621.66508243   204.52015906     1.00000000 ) (  -622.23549067   204.10395817     1.00000000 ) )
    polyLine 59 60 ( (  -624.37259372   202.31540981     1.00000000 ) (  -625.24314471   201.41489792     1.00000000 ) (  -625.24431854   201.41359285     1.00000000 ) (  -625.24549235   201.41228752     1.00000000 ) (  -625.24666614   201.41098194     1.00000000 ) (  -625.24783993   201.40967612     1.00000000 ) (  -625.51598381   201.18042657     1.00000000 ) (  -628.19773573   198.85795285     1.00000000 ) (  -630.79829814   196.54811529     1.00000000 ) (  -633.31970331   194.25254100     1.00000000 ) (  -635.76399969   191.97271787     1.00000000 ) (  -638.13324324   189.71000079     1.00000000 ) (  -640.42948959   187.46561812     1.00000000 ) (  -642.65478709   185.24067808     1.00000000 ) (  -644.81117053   183.03617522     1.00000000 ) (  -646.90065571   180.85299679     1.00000000 ) (  -650.66991396   176.79235061     1.00000000 ) (  -654.47558458   172.52368027     1.00000000 ) (  -657.12555357   169.44487559     1.00000000 ) (  -657.12793311   169.44221901     1.00000000 ) (  -657.13031260   169.43956142     1.00000000 ) (  -657.13269203   169.43690281     1.00000000 ) (  -657.13507141   169.43424318     1.00000000 ) (  -658.06989567   168.32636843     1.00000000 ) (  -659.39129192   166.71677901     1.00000000 ) (  -660.06100817   165.98054138     1.00000000 ) (  -660.06225747   165.97925910     1.00000000 ) (  -660.06350679   165.97797718     1.00000000 ) (  -660.06475613   165.97669564     1.00000000 ) (  -660.06600548   165.97541446     1.00000000 ) (  -660.06725486   165.97413365     1.00000000 ) (  -660.06850426   165.97285322     1.00000000 ) (  -660.06975367   165.97157315     1.00000000 ) (  -662.67713189   162.85195623     1.00000000 ) (  -665.89881685   158.86623594     1.00000000 ) (  -668.92323897   154.98424255     1.00000000 ) (  -671.76332887   151.20648365     1.00000000 ) (  -674.43127791   147.53279032     1.00000000 ) (  -676.93854530   143.96243053     1.00000000 ) (  -679.30886055   140.47479015     1.00000000 ) (  -681.54066167   137.08435592     1.00000000 ) (  -683.64023393   133.79398056     1.00000000 ) (  -685.61650569   130.60150425     1.00000000 ) (  -687.47778846   127.50458098     1.00000000 ) (  -689.23181210   124.50072711     1.00000000 ) (  -690.88576017   121.58736227     1.00000000 ) (  -692.24615084   119.12870551     1.00000000 ) (  -692.24740934   119.12742199     1.00000000 ) (  -692.24866786   119.12613882     1.00000000 ) (  -692.24992640   119.12485601     1.00000000 ) (  -692.25118495   119.12357355     1.00000000 ) (  -692.25244353   119.12229143     1.00000000 ) (  -692.52970991   118.84314537     1.00000000 ) (  -693.67670927   117.12314740     1.00000000 ) (  -694.13552036   115.70616501     1.00000000 ) (  -694.14435382   115.67154975     1.00000000 ) (  -697.06148134   110.18305116     1.00000000 ) (  -699.05341424   106.26285824     1.00000000 ) (  -700.88369707   102.52022111     1.00000000 ) (  -702.56792136    98.94594046     1.00000000 ) (  -704.12000430    95.53111993     1.00000000 ) (  -705.55237626    92.26721440     1.00000000 ) (  -706.87614857    89.14605964     1.00000000 ) (  -708.10126286    86.15988803     1.00000000 ) (  -709.23662358    83.30133370     1.00000000 ) (  -710.29021535    80.56342995     1.00000000 ) (  -711.26920669    77.93960109     1.00000000 ) (  -712.18004155    75.42365035     1.00000000 ) (  -713.02852013    73.00974521     1.00000000 ) (  -713.81987010    70.69240097     1.00000000 ) (  -714.55880951    68.46646341     1.00000000 ) (  -715.24960223    66.32709111     1.00000000 ) (  -715.89610692    64.26973770     1.00000000 ) (  -716.50182025    62.29013444     1.00000000 ) (  -717.06991518    60.38427330     1.00000000 ) (  -717.60327479    58.54839070     1.00000000 ) (  -718.10452218    56.77895198     1.00000000 ) (  -718.57604712    55.07263659     1.00000000 ) (  -719.02002954    53.42632421     1.00000000 ) (  -719.43846058    51.83708159     1.00000000 ) (  -719.83316112    50.30215021     1.00000000 ) (  -720.20579848    48.81893477     1.00000000 ) (  -720.55790113    47.38499234     1.00000000 ) (  -720.89087201    45.99802233     1.00000000 ) (  -721.20600026    44.65585709     1.00000000 ) (  -721.50447184    43.35645312     1.00000000 ) (  -721.78737901    42.09788298     1.00000000 ) (  -722.05572881    40.87832766     1.00000000 ) (  -722.31045075    39.69606956     1.00000000 ) (  -722.55240363    38.54948591     1.00000000 ) (  -722.78238176    37.43704273     1.00000000 ) (  -723.00112055    36.35728908     1.00000000 ) (  -723.20930154    35.30885187     1.00000000 ) (  -723.40755695    34.29043092     1.00000000 ) (  -723.59647378    33.30079439     1.00000000 ) (  -723.77659762    32.33877461     1.00000000 ) (  -723.90634022    31.63422565     1.00000000 ) (  -724.10783138    30.74148475     1.00000000 ) (  -724.27761184    29.87079231     1.00000000 ) (  -724.48434798    28.69330603     1.00000000 ) (  -724.54982150    28.29993739     1.00000000 ) (  -724.72831351    27.19613907     1.00000000 ) (  -724.79054343    26.80521288     1.00000000 ) )
    polyLine 60 61 ( (  -717.95725385  -102.84567531     1.00000000 ) (  -717.85427508  -103.22789412     1.00000000 ) (  -717.56074224  -104.30681423     1.00000000 ) (  -717.45428109  -104.69112100     1.00000000 ) (  -717.12491462  -105.84035183     1.00000000 ) (  -716.86454882  -106.68837328     1.00000000 ) (  -716.57033030  -107.55498765     1.00000000 ) (  -716.36724532  -108.24199483     1.00000000 ) (  -716.08699324  -109.17975036     1.00000000 ) (  -715.79509385  -110.14404532     1.00000000 ) (  -715.49088185  -111.13598358     1.00000000 ) (  -715.17364399  -112.15672842     1.00000000 ) (  -714.84261488  -113.20750639     1.00000000 ) (  -714.49697242  -114.28961131     1.00000000 ) (  -714.13583276  -115.40440878     1.00000000 ) (  -713.75824474  -116.55334080     1.00000000 ) (  -713.36318372  -117.73793085     1.00000000 ) (  -712.94954481  -118.95978931     1.00000000 ) (  -712.51613532  -120.22061926     1.00000000 ) (  -712.06166644  -121.52222266     1.00000000 ) (  -711.58474397  -122.86650699     1.00000000 ) (  -711.08385804  -124.25549240     1.00000000 ) (  -710.55737167  -125.69131925     1.00000000 ) (  -710.00350804  -127.17625626     1.00000000 ) (  -709.42033627  -128.71270910     1.00000000 ) (  -708.80575558  -130.30322959     1.00000000 ) (  -708.15747755  -131.95052542     1.00000000 ) (  -707.47300629  -133.65747048     1.00000000 ) (  -706.74961624  -135.42711571     1.00000000 ) (  -705.98432726  -137.26270044     1.00000000 ) (  -705.17387663  -139.16766435     1.00000000 ) (  -704.31468766  -141.14565972     1.00000000 ) (  -703.40283431  -143.20056406     1.00000000 ) (  -702.43400139  -145.33649296     1.00000000 ) (  -701.40343975  -147.55781280     1.00000000 ) (  -700.30591566  -149.86915328     1.00000000 ) (  -699.13565387  -152.27541918     1.00000000 ) (  -697.88627321  -154.78180102     1.00000000 ) (  -696.55071404  -157.39378384     1.00000000 ) (  -695.12115632  -160.11715336     1.00000000 ) (  -693.58892735  -162.95799835     1.00000000 ) (  -691.94439771  -165.92270785     1.00000000 ) (  -690.17686433  -169.01796140     1.00000000 ) (  -688.27441923  -172.25070997     1.00000000 ) (  -686.22380266  -175.62814469     1.00000000 ) (  -684.01023937  -179.15764969     1.00000000 ) (  -681.61725718  -182.84673431     1.00000000 ) (  -678.13934812  -187.99818056     1.00000000 ) (  -678.12692489  -188.03167548     1.00000000 ) (  -677.52170455  -189.39257777     1.00000000 ) (  -676.20025612  -190.98247544     1.00000000 ) (  -675.89518244  -191.23092909     1.00000000 ) (  -675.89379606  -191.23207181     1.00000000 ) (  -675.89240967  -191.23321487     1.00000000 ) (  -675.89102326  -191.23435828     1.00000000 ) (  -675.88963682  -191.23550204     1.00000000 ) (  -675.88825037  -191.23664615     1.00000000 ) (  -674.27694612  -193.53867883     1.00000000 ) (  -672.32591258  -196.26204202     1.00000000 ) (  -670.26584583  -199.06487309     1.00000000 ) (  -668.08933089  -201.94898300     1.00000000 ) (  -665.78841963  -204.91602908     1.00000000 ) (  -663.35459997  -207.96747063     1.00000000 ) (  -660.77876600  -211.10451699     1.00000000 ) (  -658.05496713  -214.32367053     1.00000000 ) (  -655.18627953  -217.61068897     1.00000000 ) (  -652.14693823  -220.98357783     1.00000000 ) (  -648.92547056  -224.44186049     1.00000000 ) (  -645.50973494  -227.98442340     1.00000000 ) (  -641.88692574  -231.60940254     1.00000000 ) (  -638.96606342  -234.43765186     1.00000000 ) (  -638.96468636  -234.43879349     1.00000000 ) (  -638.96330929  -234.43993550     1.00000000 ) (  -638.96193220  -234.44107788     1.00000000 ) (  -638.96055509  -234.44222063     1.00000000 ) (  -638.95917796  -234.44336374     1.00000000 ) (  -638.95780081  -234.44450723     1.00000000 ) (  -638.95642364  -234.44565109     1.00000000 ) (  -638.21302555  -235.10741010     1.00000000 ) (  -636.72975245  -236.56917856     1.00000000 ) (  -635.68364915  -237.57264792     1.00000000 ) (  -635.68100338  -237.57504270     1.00000000 ) (  -635.67835766  -237.57743645     1.00000000 ) (  -635.67571199  -237.57982920     1.00000000 ) (  -635.67306638  -237.58222092     1.00000000 ) (  -632.71413938  -240.36540703     1.00000000 ) (  -628.48083667  -244.21038082     1.00000000 ) (  -624.30561181  -247.85231060     1.00000000 ) (  -621.99821035  -249.80374978     1.00000000 ) (  -619.62203966  -251.76936300     1.00000000 ) (  -617.17518841  -253.74805601     1.00000000 ) (  -614.65573759  -255.73862590     1.00000000 ) (  -612.06176671  -257.73975524     1.00000000 ) (  -609.39136066  -259.75000643     1.00000000 ) (  -606.64261728  -261.76781593     1.00000000 ) (  -603.81365589  -263.79148878     1.00000000 ) (  -600.90262649  -265.81919326     1.00000000 ) (  -600.61186982  -266.01898578     1.00000000 ) (  -600.61056528  -266.02016099     1.00000000 ) (  -600.60926074  -266.02133594     1.00000000 ) (  -600.60795622  -266.02251065     1.00000000 ) (  -600.60665171  -266.02368510     1.00000000 ) (  -599.64626328  -266.82769677     1.00000000 ) )
    polyLine 61 62 ( (  -597.33299074  -268.38168672     1.00000000 ) (  -596.72199228  -268.73562121     1.00000000 ) (  -596.29635683  -268.97571598     1.00000000 ) (  -596.29583063  -268.97601072     1.00000000 ) (  -596.29530443  -268.97630546     1.00000000 ) (  -596.29477823  -268.97660019     1.00000000 ) (  -596.29425203  -268.97689492     1.00000000 ) (  -596.29372583  -268.97718964     1.00000000 ) (  -596.29319963  -268.97748436     1.00000000 ) (  -596.29267343  -268.97777907     1.00000000 ) (  -596.29214723  -268.97807379     1.00000000 ) (  -596.29162103  -268.97836849     1.00000000 ) (  -595.80196661  -269.31308379     1.00000000 ) (  -595.04359538  -269.82853175     1.00000000 ) (  -594.27975545  -270.34404375     1.00000000 ) (  -593.51041815  -270.85958472     1.00000000 ) (  -592.73555508  -271.37511896     1.00000000 ) (  -591.95513809  -271.89061017     1.00000000 ) (  -591.16913931  -272.40602139     1.00000000 ) (  -590.37753118  -272.92131506     1.00000000 ) (  -589.58028643  -273.43645293     1.00000000 ) (  -588.77737812  -273.95139616     1.00000000 ) (  -587.96877964  -274.46610522     1.00000000 ) (  -587.15446474  -274.98053997     1.00000000 ) (  -586.33440751  -275.49465958     1.00000000 ) (  -585.50858246  -276.00842259     1.00000000 ) (  -584.67696446  -276.52178688     1.00000000 ) (  -583.83952879  -277.03470967     1.00000000 ) (  -582.99625119  -277.54714750     1.00000000 ) (  -582.14710782  -278.05905626     1.00000000 ) (  -581.29207528  -278.57039119     1.00000000 ) (  -580.43113068  -279.08110683     1.00000000 ) (  -579.56425160  -279.59115709     1.00000000 ) (  -578.69141613  -280.10049517     1.00000000 ) (  -577.81260289  -280.60907364     1.00000000 ) (  -576.92779104  -281.11684437     1.00000000 ) (  -576.03696031  -281.62375859     1.00000000 ) (  -575.14009099  -282.12976683     1.00000000 ) (  -572.98421150  -283.32843816     1.00000000 ) (  -570.71290362  -284.56462328     1.00000000 ) (  -568.40431916  -285.79347334     1.00000000 ) (  -566.17358640  -286.95481523     1.00000000 ) (  -566.17228998  -286.95554096     1.00000000 ) (  -566.17099355  -286.95626667     1.00000000 ) (  -566.16969713  -286.95699236     1.00000000 ) (  -566.16840071  -286.95771802     1.00000000 ) (  -566.16710429  -286.95844366     1.00000000 ) (  -566.16580788  -286.95916927     1.00000000 ) (  -566.16451146  -286.95989486     1.00000000 ) (  -566.16321504  -286.96062043     1.00000000 ) (  -566.16191863  -286.96134597     1.00000000 ) (  -566.16062222  -286.96207149     1.00000000 ) (  -565.79894917  -287.16356020     1.00000000 ) (  -565.18023445  -287.50384184     1.00000000 ) (  -564.55902516  -287.83954689     1.00000000 ) (  -563.93515174  -288.17027488     1.00000000 ) (  -563.30844660  -288.49560394     1.00000000 ) (  -562.67874310  -288.81508980     1.00000000 ) (  -562.04587702  -289.12826345     1.00000000 ) (  -561.40968801  -289.43462891     1.00000000 ) (  -560.85006834  -289.69675092     1.00000000 ) (  -560.84660578  -289.69835058     1.00000000 ) (  -560.84314324  -289.69994996     1.00000000 ) (  -560.83968072  -289.70154906     1.00000000 ) (  -560.83621821  -289.70314787     1.00000000 ) (  -558.38167059  -290.95161041     1.00000000 ) (  -556.92001353  -291.68076669     1.00000000 ) (  -556.19537091  -292.03832860     1.00000000 ) (  -555.46735506  -292.39494633     1.00000000 ) (  -554.73596293  -292.75059612     1.00000000 ) (  -554.00119175  -293.10525408     1.00000000 ) (  -553.26303903  -293.45889612     1.00000000 ) (  -552.52150253  -293.81149797     1.00000000 ) (  -551.77658031  -294.16303522     1.00000000 ) (  -551.02827069  -294.51348326     1.00000000 ) (  -550.27657228  -294.86281735     1.00000000 ) (  -549.52148399  -295.21101256     1.00000000 ) (  -548.76300500  -295.55804381     1.00000000 ) (  -548.00113482  -295.90388586     1.00000000 ) (  -547.23587325  -296.24851331     1.00000000 ) (  -546.46722037  -296.59190060     1.00000000 ) (  -545.69517660  -296.93402204     1.00000000 ) (  -544.91974268  -297.27485178     1.00000000 ) (  -544.14091964  -297.61436381     1.00000000 ) (  -543.35870886  -297.95253200     1.00000000 ) (  -542.57311203  -298.28933006     1.00000000 ) (  -541.78413119  -298.62473158     1.00000000 ) (  -540.99176869  -298.95871000     1.00000000 ) (  -540.19602723  -299.29123864     1.00000000 ) (  -539.39690988  -299.62229068     1.00000000 ) (  -538.59442002  -299.95183919     1.00000000 ) (  -537.96978109  -300.20635468     1.00000000 ) (  -537.96917059  -300.20663627     1.00000000 ) (  -537.96856008  -300.20691785     1.00000000 ) (  -537.96794958  -300.20719942     1.00000000 ) (  -537.96733908  -300.20748098     1.00000000 ) (  -537.67281447  -300.34232291     1.00000000 ) (  -537.02829222  -300.63074508     1.00000000 ) (  -536.38059614  -300.91196827     1.00000000 ) )
    polyLine 62 63 ( (  -534.56577473  -301.66013878     1.00000000 ) (  -533.39498790  -302.11741009     1.00000000 ) (  -532.21925153  -302.56181374     1.00000000 ) (  -531.63950455  -302.77685538     1.00000000 ) (  -531.63482497  -302.77858237     1.00000000 ) (  -531.63014540  -302.78030924     1.00000000 ) (  -531.62546583  -302.78203597     1.00000000 ) (  -528.91022200  -303.86784082     1.00000000 ) (  -525.47239088  -305.19592622     1.00000000 ) (  -521.97692044  -306.49350388     1.00000000 ) (  -518.42437609  -307.75854234     1.00000000 ) (  -517.96684796  -307.91765915     1.00000000 ) (  -517.96216843  -307.91938511     1.00000000 ) (  -517.95748891  -307.92111093     1.00000000 ) (  -517.95280940  -307.92283662     1.00000000 ) (  -516.92015516  -308.30052000     1.00000000 ) (  -515.73721990  -308.72539941     1.00000000 ) (  -514.55161003  -309.14275552     1.00000000 ) (  -513.36330320  -309.55236864     1.00000000 ) (  -512.17227995  -309.95401432     1.00000000 ) (  -510.97852398  -310.34746338     1.00000000 ) (  -510.65980981  -310.45094188     1.00000000 ) (  -510.65329049  -310.45305160     1.00000000 ) (  -510.64677118  -310.45516103     1.00000000 ) (  -510.64025188  -310.45727018     1.00000000 ) (  -510.63373260  -310.45937904     1.00000000 ) (  -510.62721334  -310.46148762     1.00000000 ) (  -507.01007020  -311.68756080     1.00000000 ) (  -503.07573893  -312.95935633     1.00000000 ) (  -499.54565878  -314.04684519     1.00000000 ) (  -499.01961647  -314.21594467     1.00000000 ) (  -497.82113387  -314.59475336     1.00000000 ) (  -496.62025891  -314.96590933     1.00000000 ) (  -495.41722764  -315.33001607     1.00000000 ) (  -494.21226961  -315.68769528     1.00000000 ) (  -493.00560811  -316.03958508     1.00000000 ) (  -491.79745976  -316.38633841     1.00000000 ) (  -491.26271188  -316.53823150     1.00000000 ) (  -491.25447058  -316.54056534     1.00000000 ) (  -491.24622930  -316.54289898     1.00000000 ) (  -490.44977050  -316.78106345     1.00000000 ) (  -486.90275864  -317.81121875     1.00000000 ) (  -483.32558034  -318.79927359     1.00000000 ) (  -483.31733910  -318.80160638     1.00000000 ) (  -482.12553444  -319.13677232     1.00000000 ) (  -480.91439820  -319.47294223     1.00000000 ) (  -479.70212481  -319.80498685     1.00000000 ) (  -478.48873353  -320.13292244     1.00000000 ) (  -477.27424334  -320.45676583     1.00000000 ) )
    polyLine 63 64 ( (  -475.15171842  -321.01229575     1.00000000 ) (  -474.24418139  -321.24580977     1.00000000 ) (  -474.04652820  -321.29635018     1.00000000 ) (  -474.03927593  -321.29820245     1.00000000 ) (  -473.12283973  -321.54307046     1.00000000 ) (  -470.37888399  -322.25671713     1.00000000 ) (  -467.61048035  -322.94693383     1.00000000 ) (  -467.08950889  -323.07357456     1.00000000 ) (  -467.08225667  -323.07542606     1.00000000 ) (  -466.98066006  -323.10134784     1.00000000 ) (  -466.07233815  -323.33178861     1.00000000 ) (  -465.16346511  -323.56004822     1.00000000 ) (  -464.25405980  -323.78617688     1.00000000 ) (  -463.34414006  -324.01022549     1.00000000 ) (  -462.43372274  -324.23224569     1.00000000 ) (  -461.52282590  -324.45228922     1.00000000 ) (  -460.61146653  -324.67040851     1.00000000 ) (  -459.69966095  -324.88665656     1.00000000 ) (  -458.78742640  -325.10108654     1.00000000 ) (  -457.87477881  -325.31375229     1.00000000 ) (  -456.96173439  -325.52470797     1.00000000 ) (  -456.87758314  -325.54406219     1.00000000 ) (  -456.86908039  -325.54601695     1.00000000 ) (  -456.12852938  -325.72402240     1.00000000 ) (  -453.36765439  -326.36931472     1.00000000 ) (  -450.92267811  -326.91639615     1.00000000 ) (  -450.91417538  -326.91835029     1.00000000 ) (  -450.56950934  -326.99743712     1.00000000 ) (  -449.65589053  -327.20589159     1.00000000 ) (  -448.74190559  -327.41273346     1.00000000 ) (  -447.82756281  -327.61798923     1.00000000 ) (  -446.91287154  -327.82168531     1.00000000 ) (  -445.99784013  -328.02384851     1.00000000 ) (  -445.08247733  -328.22450571     1.00000000 ) (  -444.16679161  -328.42368400     1.00000000 ) (  -443.25079125  -328.62141065     1.00000000 ) (  -442.33448474  -328.81771305     1.00000000 ) (  -441.41787998  -329.01261884     1.00000000 ) (  -440.50098537  -329.20615570     1.00000000 ) (  -439.78317006  -329.35669266     1.00000000 ) (  -439.77316768  -329.35878432     1.00000000 ) (  -437.13722630  -329.92292881     1.00000000 ) (  -434.71145344  -330.41889437     1.00000000 ) (  -434.70145109  -330.42098554     1.00000000 ) (  -434.69144875  -330.42307654     1.00000000 ) (  -434.08052889  -330.55048092     1.00000000 ) (  -433.16294123  -330.74070584     1.00000000 ) (  -432.24508759  -330.92964203     1.00000000 ) (  -431.32697298  -331.11730724     1.00000000 ) )
    polyLine 65 66 ( (   -44.74771531   639.28847379     1.00000000 ) (   -45.01112338   639.27099738     1.00000000 ) (   -46.93842743   639.14202870     1.00000000 ) (   -48.86559950   639.01110268     1.00000000 ) (   -50.79263420   638.87817013     1.00000000 ) (   -52.71952598   638.74318188     1.00000000 ) (   -54.64626913   638.60608878     1.00000000 ) (   -56.57285782   638.46684173     1.00000000 ) (   -58.49928602   638.32539165     1.00000000 ) (   -60.42554754   638.18168950     1.00000000 ) (   -62.35163598   638.03568627     1.00000000 ) (   -64.27754483   637.88733301     1.00000000 ) (   -66.20326739   637.73658077     1.00000000 ) (   -66.30554073   637.72850602     1.00000000 ) (   -66.34364494   637.72549581     1.00000000 ) (   -73.60808879   637.15256508     1.00000000 ) (   -73.90579933   637.12900539     1.00000000 ) (   -75.83128251   636.97522546     1.00000000 ) (   -77.75657551   636.81908320     1.00000000 ) (   -79.68168182   636.66065547     1.00000000 ) (   -81.60660512   636.50001908     1.00000000 ) (   -83.53134934   636.33725082     1.00000000 ) (   -85.45591868   636.17242743     1.00000000 ) (   -87.38031751   636.00562563     1.00000000 ) (   -89.30455057   635.83692207     1.00000000 ) (   -91.22862277   635.66639340     1.00000000 ) (   -93.15253922   635.49411619     1.00000000 ) (   -95.07630524   635.32016701     1.00000000 ) (   -95.12355230   635.31587432     1.00000000 ) (   -95.16892157   635.31175133     1.00000000 ) (   -99.19001755   634.95389235     1.00000000 ) (  -102.77102650   634.62058990     1.00000000 ) (  -104.69451562   634.44360546     1.00000000 ) (  -106.61784670   634.26491177     1.00000000 ) (  -108.54101200   634.08444241     1.00000000 ) (  -110.46400350   633.90213098     1.00000000 ) (  -112.38681310   633.71791115     1.00000000 ) (  -114.30943250   633.53171665     1.00000000 ) (  -116.23185317   633.34348124     1.00000000 ) (  -118.15406638   633.15313876     1.00000000 ) (  -120.07606311   632.96062313     1.00000000 ) (  -121.99783419   632.76586831     1.00000000 ) (  -122.71122294   632.69298332     1.00000000 ) (  -126.91340899   632.27239651     1.00000000 ) (  -129.46438705   632.00184871     1.00000000 ) (  -129.68415232   631.97931920     1.00000000 ) (  -131.60556400   631.78104984     1.00000000 ) (  -133.52674301   631.58053807     1.00000000 ) (  -135.44769490   631.37786172     1.00000000 ) )
    polyLine 66 67 ( (  -139.15579516   630.98072537     1.00000000 ) (  -140.94298353   630.78667458     1.00000000 ) (  -142.72999586   630.59100874     1.00000000 ) (  -144.51683747   630.39379035     1.00000000 ) (  -146.30351397   630.19508187     1.00000000 ) (  -148.09003116   629.99494571     1.00000000 ) (  -149.87639489   629.79344422     1.00000000 ) (  -152.95217025   629.45128672     1.00000000 ) (  -156.31242513   629.06363197     1.00000000 ) (  -156.35839925   629.05841087     1.00000000 ) (  -157.02135074   628.98302659     1.00000000 ) (  -158.80743101   628.77902816     1.00000000 ) (  -160.59335823   628.57369375     1.00000000 ) (  -162.37912605   628.36697835     1.00000000 ) (  -164.16472823   628.15883697     1.00000000 ) (  -165.95015839   627.94922468     1.00000000 ) (  -167.73540993   627.73809657     1.00000000 ) (  -169.52047612   627.52540780     1.00000000 ) (  -171.30535035   627.31111354     1.00000000 ) (  -173.09002573   627.09516904     1.00000000 ) (  -174.87449509   626.87752958     1.00000000 ) (  -176.65875143   626.65815049     1.00000000 ) (  -177.33769310   626.57419946     1.00000000 ) (  -177.37986069   626.56897674     1.00000000 ) (  -183.42236937   625.82038817     1.00000000 ) (  -183.79498122   625.77418440     1.00000000 ) (  -185.57887638   625.55188725     1.00000000 ) (  -187.36255218   625.32783622     1.00000000 ) (  -189.14601181   625.10207154     1.00000000 ) (  -190.92925878   624.87463340     1.00000000 ) (  -192.71229674   624.64556192     1.00000000 ) (  -194.49512935   624.41489723     1.00000000 ) (  -196.27776018   624.18267942     1.00000000 ) (  -198.06019331   623.94894852     1.00000000 ) (  -199.84243272   623.71374453     1.00000000 ) (  -201.62448239   623.47710744     1.00000000 ) (  -203.40634645   623.23907718     1.00000000 ) (  -204.24836865   623.12611388     1.00000000 ) (  -209.50677426   622.42070399     1.00000000 ) (  -209.55507522   622.41421383     1.00000000 ) (  -210.53321522   622.28256674     1.00000000 ) (  -212.31470326   622.04173774     1.00000000 ) (  -214.09600745   621.79955290     1.00000000 ) (  -215.87712483   621.55599845     1.00000000 ) (  -217.65805255   621.31106060     1.00000000 ) (  -219.43878762   621.06472559     1.00000000 ) (  -221.21932684   620.81697972     1.00000000 ) (  -222.99966726   620.56780924     1.00000000 ) (  -224.77980585   620.31720046     1.00000000 ) )
    polyLine 67 68 ( (  -228.43701897   619.79767294     1.00000000 ) (  -231.76254956   619.32592060     1.00000000 ) (  -235.40500863   618.79637049     1.00000000 ) (  -235.45472869   618.78922447     1.00000000 ) (  -235.94483680   618.71871995     1.00000000 ) (  -237.82160140   618.44766381     1.00000000 ) (  -239.69812259   618.17492769     1.00000000 ) (  -241.57439667   617.90049668     1.00000000 ) (  -243.45041988   617.62435594     1.00000000 ) (  -245.32618842   617.34649064     1.00000000 ) (  -247.20169846   617.06688595     1.00000000 ) (  -249.07694614   616.78552710     1.00000000 ) (  -250.95192756   616.50239933     1.00000000 ) (  -252.82663878   616.21748791     1.00000000 ) (  -254.70107580   615.93077813     1.00000000 ) (  -255.47908931   615.81123076     1.00000000 ) (  -255.52761554   615.80376374     1.00000000 ) (  -260.69352834   615.01105494     1.00000000 ) (  -262.19786359   614.77767646     1.00000000 ) (  -264.07171802   614.48718317     1.00000000 ) (  -265.94529928   614.19493333     1.00000000 ) (  -267.81861175   613.90096556     1.00000000 ) (  -269.69165993   613.60531843     1.00000000 ) (  -271.56444838   613.30803050     1.00000000 ) (  -273.43698179   613.00914024     1.00000000 ) (  -275.30926490   612.70868610     1.00000000 ) (  -277.18130258   612.40670648     1.00000000 ) (  -279.05309977   612.10323973     1.00000000 ) (  -280.69860068   611.83523176     1.00000000 ) (  -280.75189357   611.82653286     1.00000000 ) (  -283.38590095   611.40189607     1.00000000 ) (  -286.53894955   610.88114234     1.00000000 ) (  -288.41018979   610.57425999     1.00000000 ) (  -290.28118186   610.26586820     1.00000000 ) (  -292.15191335   609.95589962     1.00000000 ) (  -294.02237168   609.64428698     1.00000000 ) (  -295.89254413   609.33096311     1.00000000 ) (  -297.76241778   609.01586098     1.00000000 ) (  -299.63197950   608.69891364     1.00000000 ) (  -301.50121604   608.38005427     1.00000000 ) (  -303.37011396   608.05921616     1.00000000 ) (  -304.98791621   607.77978589     1.00000000 ) (  -305.03321531   607.77193857     1.00000000 ) (  -305.98513437   607.61107044     1.00000000 ) (  -310.93660426   606.74855294     1.00000000 ) (  -312.71199380   606.43989773     1.00000000 ) (  -314.57985685   606.11308836     1.00000000 ) (  -316.44736372   605.78424973     1.00000000 ) (  -318.31451905   605.45342079     1.00000000 ) )
    polyLine 68 69 ( (  -322.08258171   604.77969107     1.00000000 ) (  -323.98348637   604.43679817     1.00000000 ) (  -325.88404692   604.09200268     1.00000000 ) (  -327.78426886   603.74534549     1.00000000 ) (  -329.66500373   603.40038988     1.00000000 ) (  -329.71494574   603.39120498     1.00000000 ) (  -335.08617410   602.40408827     1.00000000 ) (  -335.38344752   602.34938248     1.00000000 ) (  -337.28294173   601.99875950     1.00000000 ) (  -339.18210261   601.64633678     1.00000000 ) (  -341.08092530   601.29209611     1.00000000 ) (  -342.97940460   600.93601938     1.00000000 ) (  -344.87753527   600.57808853     1.00000000 ) (  -346.77531192   600.21828556     1.00000000 ) (  -348.67272910   599.85659249     1.00000000 ) (  -350.56978163   599.49299135     1.00000000 ) (  -352.46646407   599.12746425     1.00000000 ) (  -356.22051414   598.40687627     1.00000000 ) (  -358.77812279   597.90452280     1.00000000 ) (  -358.82785043   597.89488490     1.00000000 ) (  -360.05162922   597.65726029     1.00000000 ) (  -361.94748398   597.28746447     1.00000000 ) (  -363.84295440   596.91570331     1.00000000 ) (  -365.73803688   596.54196932     1.00000000 ) (  -367.63272749   596.16625510     1.00000000 ) (  -369.52702292   595.78855314     1.00000000 ) (  -371.42091951   595.40885602     1.00000000 ) (  -373.31441358   595.02715635     1.00000000 ) (  -375.20750144   594.64344677     1.00000000 ) (  -376.37763442   594.40522267     1.00000000 ) (  -376.42402759   594.39576104     1.00000000 ) (  -382.18130863   593.21982471     1.00000000 ) (  -382.77770736   593.09806299     1.00000000 ) (  -384.66997243   592.71031701     1.00000000 ) (  -386.56179814   592.32043345     1.00000000 ) (  -388.45316403   591.92832509     1.00000000 ) (  -390.34404924   591.53390497     1.00000000 ) (  -392.23443264   591.13708639     1.00000000 ) (  -394.12429276   590.73778289     1.00000000 ) (  -396.01360750   590.33590837     1.00000000 ) (  -397.90235516   589.93137685     1.00000000 ) (  -399.16461626   589.65943175     1.00000000 ) (  -399.22581535   589.64621378     1.00000000 ) (  -403.54830409   588.72215644     1.00000000 ) (  -406.10248552   588.16024314     1.00000000 ) (  -407.34238550   587.89161430     1.00000000 ) (  -409.22967397   587.48032839     1.00000000 ) (  -411.11636740   587.06632117     1.00000000 ) (  -413.00247246   586.64964134     1.00000000 ) )
    polyLine 69 70 ( (  -417.05046689   585.74611914     1.00000000 ) (  -419.21219253   585.25858376     1.00000000 ) (  -421.37318406   584.76780406     1.00000000 ) (  -423.17975497   584.35914973     1.00000000 ) (  -428.84219851   583.06055620     1.00000000 ) (  -428.88943271   583.04975394     1.00000000 ) (  -430.01426882   582.79203883     1.00000000 ) (  -432.17375838   582.29469128     1.00000000 ) (  -434.33247948   581.79402032     1.00000000 ) (  -436.49039911   581.28990624     1.00000000 ) (  -438.64748355   580.78222993     1.00000000 ) (  -440.80369849   580.27087281     1.00000000 ) (  -442.95900908   579.75571690     1.00000000 ) (  -444.54259201   579.37458040     1.00000000 ) (  -451.57832206   577.67511629     1.00000000 ) (  -451.62117412   577.66476941     1.00000000 ) (  -451.66402609   577.65442088     1.00000000 ) (  -453.72925256   577.15368766     1.00000000 ) (  -455.88191699   576.62758447     1.00000000 ) (  -458.03359110   576.09744520     1.00000000 ) (  -460.18426273   575.56325368     1.00000000 ) (  -462.33391941   575.02499394     1.00000000 ) (  -464.48254940   574.48265000     1.00000000 ) (  -466.42725949   573.98801539     1.00000000 ) (  -466.48227185   573.97397087     1.00000000 ) (  -466.53728405   573.95992352     1.00000000 ) (  -473.90680758   572.07718803     1.00000000 ) (  -475.21815816   571.74134619     1.00000000 ) (  -477.36402573   571.18817224     1.00000000 ) (  -479.50877912   570.63069477     1.00000000 ) (  -481.65237935   570.06880041     1.00000000 ) (  -483.79478716   569.50237645     1.00000000 ) (  -485.93596248   568.93131103     1.00000000 ) (  -488.00761005   568.37393942     1.00000000 ) (  -488.04562574   568.36366607     1.00000000 ) (  -495.91697764   566.23541114     1.00000000 ) (  -495.95499316   566.22513455     1.00000000 ) (  -496.63263039   566.04167440     1.00000000 ) (  -498.77077030   565.45934664     1.00000000 ) (  -500.90756045   564.87208532     1.00000000 ) (  -503.04297403   564.27983802     1.00000000 ) (  -505.17698399   563.68255285     1.00000000 ) (  -507.30956298   563.08017845     1.00000000 ) (  -509.30045956   562.51280932     1.00000000 ) (  -509.33703065   562.50234156     1.00000000 ) (  -517.48120123   560.17066392     1.00000000 ) (  -517.51777214   560.16019291     1.00000000 ) (  -517.96235549   560.03276683     1.00000000 ) (  -520.09169066   559.41902460     1.00000000 ) )
    polyLine 70 71 ( (  -525.81841701   557.73925287     1.00000000 ) (  -529.41253148   556.66233363     1.00000000 ) (  -530.00527125   556.48298450     1.00000000 ) (  -538.79615747   553.81684261     1.00000000 ) (  -540.18372284   553.39479877     1.00000000 ) (  -543.76960498   552.29077876     1.00000000 ) (  -547.34974121   551.16826743     1.00000000 ) (  -550.42700197   550.18621311     1.00000000 ) (  -554.00541100   549.05591167     1.00000000 ) (  -560.33122722   546.99434252     1.00000000 ) (  -561.63669677   546.57245350     1.00000000 ) (  -565.20208358   545.40394486     1.00000000 ) (  -568.75987943   544.21252628     1.00000000 ) (  -571.08552364   543.41901822     1.00000000 ) (  -572.20621937   543.04473603     1.00000000 ) (  -582.65855425   539.43152209     1.00000000 ) (  -582.95162325   539.33060938     1.00000000 ) (  -586.49412235   538.09446068     1.00000000 ) (  -590.02626561   536.82903139     1.00000000 ) (  -592.44348733   535.94201213     1.00000000 ) (  -592.47910634   535.92880568     1.00000000 ) (  -592.51472513   535.91559527     1.00000000 ) (  -594.02613888   535.37357597     1.00000000 ) (  -607.61564727   530.30609652     1.00000000 ) (  -611.12043080   528.96676698     1.00000000 ) (  -614.61151169   527.59211121     1.00000000 ) (  -614.88988255   527.48072441     1.00000000 ) (  -614.92086277   527.46831168     1.00000000 ) (  -628.54957600   522.00493604     1.00000000 ) (  -630.21427900   521.30963376     1.00000000 ) (  -632.01271504   520.58254822     1.00000000 ) (  -635.47639880   519.14031695     1.00000000 ) (  -638.16068871   517.97382404     1.00000000 ) (  -638.18261037   517.96409186     1.00000000 ) (  -641.34080916   516.62635614     1.00000000 ) (  -659.43788150   508.51723862     1.00000000 ) (  -659.45980261   508.50749600     1.00000000 ) (  -659.48172354   508.49774991     1.00000000 ) (  -659.50364428   508.48800034     1.00000000 ) (  -662.89867606   506.93576379     1.00000000 ) (  -666.27971179   505.30923295     1.00000000 ) (  -674.52400643   501.35530829     1.00000000 ) (  -692.53112119   492.14187061     1.00000000 ) (  -692.54856286   492.13325377     1.00000000 ) (  -692.56600443   492.12463492     1.00000000 ) (  -692.58344589   492.11601405     1.00000000 ) (  -692.60088725   492.10739113     1.00000000 ) (  -692.61832849   492.09876616     1.00000000 ) (  -693.11098763   491.85419228     1.00000000 ) )
    polyLine 71 72 ( (  -697.58331346   489.48831362     1.00000000 ) (  -698.56269653   488.91719204     1.00000000 ) (  -698.56323178   488.91687305     1.00000000 ) (  -698.56376703   488.91655406     1.00000000 ) (  -698.56430228   488.91623507     1.00000000 ) (  -698.56483753   488.91591606     1.00000000 ) (  -698.56537277   488.91559705     1.00000000 ) (  -699.97173413   488.16106920     1.00000000 ) (  -701.38555185   487.39733026     1.00000000 ) (  -702.79333636   486.63163496     1.00000000 ) (  -704.19508681   485.86402652     1.00000000 ) (  -705.59080286   485.09454791     1.00000000 ) (  -706.98048461   484.32324187     1.00000000 ) (  -708.36413269   483.55015089     1.00000000 ) (  -709.74174816   482.77531720     1.00000000 ) (  -711.11333258   481.99878280     1.00000000 ) (  -712.47888794   481.22058941     1.00000000 ) (  -713.83841671   480.44077852     1.00000000 ) (  -715.19192180   479.65939132     1.00000000 ) (  -716.53940657   478.87646878     1.00000000 ) (  -717.88087481   478.09205156     1.00000000 ) (  -719.21633073   477.30618008     1.00000000 ) (  -720.54577898   476.51889446     1.00000000 ) (  -721.86922463   475.73023456     1.00000000 ) (  -723.18667314   474.94023997     1.00000000 ) (  -724.49813041   474.14894996     1.00000000 ) (  -725.80360271   473.35640357     1.00000000 ) (  -727.10309672   472.56263950     1.00000000 ) (  -728.39661949   471.76769621     1.00000000 ) (  -729.68417848   470.97161182     1.00000000 ) (  -730.96578150   470.17442421     1.00000000 ) (  -732.24143674   469.37617092     1.00000000 ) (  -733.51115276   468.57688922     1.00000000 ) (  -734.77493845   467.77661607     1.00000000 ) (  -738.47664262   465.40521748     1.00000000 ) (  -741.81801146   463.22933744     1.00000000 ) (  -741.82105374   463.22752249     1.00000000 ) (  -741.82409600   463.22570729     1.00000000 ) (  -741.82713826   463.22389184     1.00000000 ) (  -741.83018050   463.22207616     1.00000000 ) (  -742.57155500   462.77221721     1.00000000 ) (  -743.67824711   462.07460519     1.00000000 ) (  -744.77201579   461.35689147     1.00000000 ) (  -745.85421073   460.62183575     1.00000000 ) (  -746.82406875   459.94422064     1.00000000 ) (  -746.82519358   459.94342521     1.00000000 ) (  -746.82631840   459.94262975     1.00000000 ) (  -746.82744323   459.94183427     1.00000000 ) (  -746.82856805   459.94103877     1.00000000 ) (  -746.82969287   459.94024325     1.00000000 ) (  -746.83081769   459.93944771     1.00000000 ) (  -746.83194251   459.93865215     1.00000000 ) (  -746.83306732   459.93785656     1.00000000 ) (  -746.83419214   459.93706096     1.00000000 ) (  -746.83531695   459.93626534     1.00000000 ) (  -746.83644177   459.93546970     1.00000000 ) (  -750.16226243   457.73563524     1.00000000 ) (  -754.19601064   455.02153007     1.00000000 ) (  -758.16452972   452.30125769     1.00000000 ) (  -762.06833144   449.57604352     1.00000000 ) (  -764.50984940   447.84639316     1.00000000 ) (  -766.05857727   446.73903060     1.00000000 ) (  -767.59684478   445.63124641     1.00000000 ) (  -769.12469171   444.52311513     1.00000000 ) (  -770.64215858   443.41471021     1.00000000 ) (  -772.14928663   442.30610406     1.00000000 ) (  -773.64611779   441.19736798     1.00000000 ) (  -775.13269464   440.08857226     1.00000000 ) (  -776.60906040   438.97978610     1.00000000 ) (  -778.07525892   437.87107764     1.00000000 ) (  -779.53133464   436.76251399     1.00000000 ) (  -780.97733257   435.65416119     1.00000000 ) (  -782.41329827   434.54608426     1.00000000 ) (  -783.83927783   433.43834715     1.00000000 ) (  -785.25531785   432.33101281     1.00000000 ) (  -786.66146542   431.22414313     1.00000000 ) (  -788.05776809   430.11779901     1.00000000 ) (  -789.44427385   429.01204030     1.00000000 ) (  -790.82103115   427.90692586     1.00000000 ) (  -792.18808880   426.80251354     1.00000000 ) (  -793.54549603   425.69886019     1.00000000 ) (  -794.89330244   424.59602165     1.00000000 ) (  -796.23155795   423.49405282     1.00000000 ) (  -797.56031285   422.39300758     1.00000000 ) (  -798.87961772   421.29293885     1.00000000 ) (  -800.18952344   420.19389861     1.00000000 ) (  -801.49008119   419.09593784     1.00000000 ) (  -802.78134238   417.99910661     1.00000000 ) (  -802.94223609   417.86202553     1.00000000 ) (  -802.94269234   417.86170266     1.00000000 ) (  -802.94314858   417.86137979     1.00000000 ) (  -802.94360483   417.86105691     1.00000000 ) (  -802.94406107   417.86073403     1.00000000 ) (  -802.94451732   417.86041114     1.00000000 ) (  -802.94497356   417.86008825     1.00000000 ) (  -802.94542981   417.85976536     1.00000000 ) (  -802.94588605   417.85944246     1.00000000 ) (  -802.94634229   417.85911956     1.00000000 ) (  -803.42890347   417.51481518     1.00000000 ) )
    polyLine 72 73 ( (  -806.92225912   414.47059610     1.00000000 ) (  -806.92338519   414.46934418     1.00000000 ) (  -806.92451125   414.46809204     1.00000000 ) (  -806.92563729   414.46683966     1.00000000 ) (  -806.92676333   414.46558706     1.00000000 ) (  -806.92788935   414.46433422     1.00000000 ) (  -810.24701051   411.61125528     1.00000000 ) (  -815.31354855   407.16812691     1.00000000 ) (  -820.23242252   402.74971284     1.00000000 ) (  -825.00723591   398.35877283     1.00000000 ) (  -829.64161305   393.99783541     1.00000000 ) (  -834.13918556   389.66920810     1.00000000 ) (  -838.50358019   385.37498790     1.00000000 ) (  -842.73840787   381.11707176     1.00000000 ) (  -846.84725397   376.89716700     1.00000000 ) (  -850.88949860   372.65764039     1.00000000 ) (  -858.61104261   364.30579592     1.00000000 ) (  -865.87202919   356.13152607     1.00000000 ) (  -870.66401969   350.55623644     1.00000000 ) (  -870.66630342   350.55368683     1.00000000 ) (  -870.66858709   350.55113628     1.00000000 ) (  -870.67087072   350.54858479     1.00000000 ) (  -870.67315429   350.54603237     1.00000000 ) (  -872.06547472   348.87262967     1.00000000 ) (  -873.59924700   347.09214165     1.00000000 ) (  -873.60044547   347.09091148     1.00000000 ) (  -873.60164397   347.08968165     1.00000000 ) (  -873.60284248   347.08845215     1.00000000 ) (  -873.60404101   347.08722299     1.00000000 ) (  -873.60523955   347.08599418     1.00000000 ) (  -873.60643812   347.08476571     1.00000000 ) (  -873.60763670   347.08353757     1.00000000 ) (  -875.76578997   344.52370619     1.00000000 ) (  -882.13399108   336.78431414     1.00000000 ) (  -888.12686963   329.23485963     1.00000000 ) (  -893.76792673   321.87693701     1.00000000 ) (  -899.07941273   314.71088218     1.00000000 ) (  -904.08232842   307.73597006     1.00000000 ) (  -908.80014232   300.94518022     1.00000000 ) (  -913.27414708   294.30139640     1.00000000 ) (  -917.49189355   287.84443399     1.00000000 ) (  -921.47001209   281.57079375     1.00000000 ) (  -925.22404277   275.47658741     1.00000000 ) (  -928.76849150   269.55762745     1.00000000 ) (  -932.11688737   263.80950380     1.00000000 ) (  -935.28184007   258.22764896     1.00000000 ) (  -937.94335527   253.41525562     1.00000000 ) (  -937.94456257   253.41402431     1.00000000 ) (  -937.94576989   253.41279332     1.00000000 ) (  -937.94697722   253.41156266     1.00000000 ) (  -937.94818457   253.41033232     1.00000000 ) (  -937.94939194   253.40910229     1.00000000 ) (  -937.95059932   253.40787259     1.00000000 ) (  -939.75584578   250.28059190     1.00000000 ) (  -939.83812675   249.97166845     1.00000000 ) (  -943.86728386   242.45010220     1.00000000 ) (  -947.83747030   234.77265389     1.00000000 ) (  -951.49562838   227.43002749     1.00000000 ) (  -954.87085045   220.40576420     1.00000000 ) (  -957.98921917   213.68386230     1.00000000 ) (  -960.87412996   207.24887491     1.00000000 ) (  -963.54658153   201.08597429     1.00000000 ) (  -966.02543636   195.18099025     1.00000000 ) (  -968.32765340   189.52042906     1.00000000 ) (  -970.46849542   184.09147730     1.00000000 ) (  -972.46171343   178.88199502     1.00000000 ) (  -974.31971035   173.88050069     1.00000000 ) (  -976.05368635   169.07615068     1.00000000 ) (  -977.67376761   164.45871480     1.00000000 ) (  -979.18912059   160.01854944     1.00000000 ) (  -980.60805325   155.74656941     1.00000000 ) (  -981.93810489   151.63421903     1.00000000 ) (  -983.18612579   147.67344339     1.00000000 ) (  -984.35834801   143.85666002     1.00000000 ) (  -985.46044819   140.17673127     1.00000000 ) (  -986.49760347   136.62693776     1.00000000 ) (  -987.47454118   133.20095287     1.00000000 ) (  -988.39558318   129.89281852     1.00000000 ) (  -989.26468534   126.69692214     1.00000000 ) (  -990.08547276   123.60797497     1.00000000 ) (  -990.86127136   120.62099157     1.00000000 ) (  -991.59513598   117.73127060     1.00000000 ) (  -992.28987566   114.93437675     1.00000000 ) (  -992.94807623   112.22612385     1.00000000 ) (  -993.57212066   109.60255905     1.00000000 ) (  -994.16420730   107.05994807     1.00000000 ) (  -994.72636627   104.59476133     1.00000000 ) (  -995.26047426   102.20366115     1.00000000 ) (  -995.76826789    99.88348966     1.00000000 ) (  -996.25135569    97.63125763     1.00000000 ) (  -996.71122903    95.44413401     1.00000000 ) (  -997.14927192    93.31943616     1.00000000 ) (  -997.56676995    91.25462078     1.00000000 ) (  -997.96491834    89.24727542     1.00000000 ) (  -998.34482930    87.29511058     1.00000000 ) (  -998.70753870    85.39595233     1.00000000 ) (  -999.05401207    83.54773540     1.00000000 ) (  -999.34720906    81.95639228     1.00000000 ) (  -999.58303409    80.89575568     1.00000000 ) (  -999.71853054    80.19275878     1.00000000 ) (  -999.99074019    78.62190387     1.00000000 ) ( -1000.16923220    77.51810554     1.00000000 ) ( -1000.23146213    77.12717936     1.00000000 ) )
    polyLine 73 74 ( (  -986.58237000  -181.84280799     1.00000000 ) (  -986.47939123  -182.22502680     1.00000000 ) (  -986.18585839  -183.30394691     1.00000000 ) (  -985.75003078  -184.83748451     1.00000000 ) (  -985.54138697  -185.52234340     1.00000000 ) (  -985.19537585  -186.55231414     1.00000000 ) (  -984.73652348  -188.10402027     1.00000000 ) (  -984.19768769  -189.90557671     1.00000000 ) (  -983.63735095  -191.75608553     1.00000000 ) (  -983.05433597  -193.65749907     1.00000000 ) (  -982.44738409  -195.61187031     1.00000000 ) (  -981.81514862  -197.62135917     1.00000000 ) (  -981.15618734  -199.68823908     1.00000000 ) (  -980.46895446  -201.81490412     1.00000000 ) (  -979.75179162  -204.00387656     1.00000000 ) (  -979.00291814  -206.25781503     1.00000000 ) (  -978.22042015  -208.57952309     1.00000000 ) (  -977.40223872  -210.97195857     1.00000000 ) (  -976.54615670  -213.43824339     1.00000000 ) (  -975.64978419  -215.98167414     1.00000000 ) (  -974.71054248  -218.60573336     1.00000000 ) (  -973.72564630  -221.31410149     1.00000000 ) (  -972.69208408  -224.11066969     1.00000000 ) (  -971.60659611  -226.99955341     1.00000000 ) (  -970.46565028  -229.98510684     1.00000000 ) (  -969.26541505  -233.07193816     1.00000000 ) (  -968.00172943  -236.26492578     1.00000000 ) (  -966.67006950  -239.56923532     1.00000000 ) (  -965.26551103  -242.99033757     1.00000000 ) (  -963.78268785  -246.53402714     1.00000000 ) (  -962.21574515  -250.20644199     1.00000000 ) (  -960.55828746  -254.01408349     1.00000000 ) (  -958.80332018  -257.96383701     1.00000000 ) (  -956.94318425  -262.06299274     1.00000000 ) (  -954.96948280  -266.31926641     1.00000000 ) (  -952.87299887  -270.74081959     1.00000000 ) (  -950.64360306  -275.33627889     1.00000000 ) (  -948.27014990  -280.11475334     1.00000000 ) (  -945.74036142  -285.08584919     1.00000000 ) (  -943.04069648  -290.25968055     1.00000000 ) (  -940.15620413  -295.64687465     1.00000000 ) (  -937.07035923  -301.25856949     1.00000000 ) (  -933.76487834  -307.10640136     1.00000000 ) (  -930.21951394  -313.20247914     1.00000000 ) (  -926.41182499  -319.55934106     1.00000000 ) (  -922.31692192  -326.18988912     1.00000000 ) (  -917.90718451  -333.10729463     1.00000000 ) (  -913.15195146  -340.32486704     1.00000000 ) (  -908.35446057  -347.38122212     1.00000000 ) (  -908.24016186  -347.67978478     1.00000000 ) (  -906.11618164  -350.59997438     1.00000000 ) (  -906.11485168  -350.60107036     1.00000000 ) (  -906.11352170  -350.60216665     1.00000000 ) (  -906.11219171  -350.60326326     1.00000000 ) (  -906.11086170  -350.60436019     1.00000000 ) (  -906.10953167  -350.60545744     1.00000000 ) (  -906.10820163  -350.60655503     1.00000000 ) (  -902.95555996  -355.11251146     1.00000000 ) (  -899.22138528  -360.33074568     1.00000000 ) (  -895.28730580  -365.69504425     1.00000000 ) (  -891.14030159  -371.20862383     1.00000000 ) (  -886.76645493  -376.87444792     1.00000000 ) (  -882.15090007  -382.69515599     1.00000000 ) (  -877.27777433  -388.67298121     1.00000000 ) (  -872.13017164  -394.80965527     1.00000000 ) (  -866.72465752  -401.06689202     1.00000000 ) (  -861.01626648  -407.47726146     1.00000000 ) (  -854.98092206  -414.04527813     1.00000000 ) (  -848.59766358  -420.76945554     1.00000000 ) (  -841.84439929  -427.64712071     1.00000000 ) (  -834.69792588  -434.67421771     1.00000000 ) (  -832.28264354  -436.99300478     1.00000000 ) (  -832.28132250  -436.99410011     1.00000000 ) (  -832.28000144  -436.99519579     1.00000000 ) (  -832.27868036  -436.99629181     1.00000000 ) (  -832.27735926  -436.99738816     1.00000000 ) (  -832.27603815  -436.99848486     1.00000000 ) (  -832.27471702  -436.99958190     1.00000000 ) (  -832.27339587  -437.00067927     1.00000000 ) (  -830.56095874  -438.61007484     1.00000000 ) (  -829.00044644  -440.12784758     1.00000000 ) (  -828.99790721  -440.13014582     1.00000000 ) (  -828.99536803  -440.13244312     1.00000000 ) (  -828.99282889  -440.13473948     1.00000000 ) (  -828.99028981  -440.13703491     1.00000000 ) (  -823.63878174  -445.17770835     1.00000000 ) (  -815.55875541  -452.54342544     1.00000000 ) (  -807.00205689  -460.03732017     1.00000000 ) (  -802.53655441  -463.82844338     1.00000000 ) (  -798.00688208  -467.59305239     1.00000000 ) (  -793.34793044  -471.38221919     1.00000000 ) (  -788.55631346  -475.19386900     1.00000000 ) (  -783.62863961  -479.02573583     1.00000000 ) (  -778.56152269  -482.87535305     1.00000000 ) (  -773.35159375  -486.74004416     1.00000000 ) (  -767.99551433  -490.61691369     1.00000000 ) (  -762.48999100  -494.50283834     1.00000000 ) (  -758.88934712  -496.99120895     1.00000000 ) (  -758.88809564  -496.99233648     1.00000000 ) (  -758.88684417  -496.99346378     1.00000000 ) (  -758.88559272  -496.99459085     1.00000000 ) (  -758.88434128  -496.99571769     1.00000000 ) (  -758.88308984  -496.99684430     1.00000000 ) )
    polyLine 74 75 ( (  -755.08908439  -499.65698079     1.00000000 ) (  -754.57300396  -499.94865146     1.00000000 ) (  -754.57251630  -499.94892462     1.00000000 ) (  -754.57202864  -499.94919776     1.00000000 ) (  -754.57154098  -499.94947091     1.00000000 ) (  -754.57105332  -499.94974405     1.00000000 ) (  -754.57056567  -499.95001718     1.00000000 ) (  -754.57007801  -499.95029032     1.00000000 ) (  -754.56959035  -499.95056345     1.00000000 ) (  -754.56910269  -499.95083657     1.00000000 ) (  -754.56861503  -499.95110970     1.00000000 ) (  -754.39420295  -500.07051837     1.00000000 ) (  -752.99479838  -501.02553725     1.00000000 ) (  -751.58603002  -501.98070216     1.00000000 ) (  -750.16785199  -502.93595792     1.00000000 ) (  -748.74021879  -503.89124844     1.00000000 ) (  -747.30308526  -504.84651669     1.00000000 ) (  -745.85640667  -505.80170472     1.00000000 ) (  -744.40013868  -506.75675365     1.00000000 ) (  -742.93423740  -507.71160367     1.00000000 ) (  -741.45865938  -508.66619402     1.00000000 ) (  -739.97336166  -509.62046297     1.00000000 ) (  -738.47830175  -510.57434788     1.00000000 ) (  -736.97343767  -511.52778513     1.00000000 ) (  -735.45872800  -512.48071013     1.00000000 ) (  -733.93413184  -513.43305735     1.00000000 ) (  -732.39960886  -514.38476027     1.00000000 ) (  -730.85511935  -515.33575140     1.00000000 ) (  -729.30062420  -516.28596230     1.00000000 ) (  -727.73608492  -517.23532351     1.00000000 ) (  -726.16146370  -518.18376464     1.00000000 ) (  -724.57672340  -519.13121428     1.00000000 ) (  -722.98182759  -520.07760004     1.00000000 ) (  -721.37674054  -521.02284857     1.00000000 ) (  -719.76142731  -521.96688551     1.00000000 ) (  -718.13585369  -522.90963552     1.00000000 ) (  -716.49998629  -523.85102227     1.00000000 ) (  -714.85379253  -524.79096846     1.00000000 ) (  -713.19724068  -525.72939577     1.00000000 ) (  -710.58743105  -527.19281437     1.00000000 ) (  -706.41878688  -529.49256782     1.00000000 ) (  -702.18630338  -531.78060386     1.00000000 ) (  -697.88960042  -534.05565007     1.00000000 ) (  -694.35096230  -535.89369113     1.00000000 ) (  -694.34976008  -535.89436412     1.00000000 ) (  -694.34855787  -535.89503710     1.00000000 ) (  -694.34735565  -535.89571005     1.00000000 ) (  -694.34615343  -535.89638299     1.00000000 ) (  -694.34495122  -535.89705590     1.00000000 ) (  -694.34374900  -535.89772880     1.00000000 ) (  -694.34254679  -535.89840167     1.00000000 ) (  -694.34134458  -535.89907452     1.00000000 ) (  -694.34014237  -535.89974735     1.00000000 ) (  -694.33894016  -535.90042016     1.00000000 ) (  -694.33773795  -535.90109296     1.00000000 ) (  -693.30202328  -536.47300374     1.00000000 ) (  -692.14855600  -537.09022821     1.00000000 ) (  -690.98540207  -537.68899013     1.00000000 ) (  -689.81150937  -538.26640323     1.00000000 ) (  -689.02695377  -538.63583757     1.00000000 ) (  -689.02373752  -538.63732340     1.00000000 ) (  -689.02052129  -538.63880899     1.00000000 ) (  -689.01730506  -538.64029433     1.00000000 ) (  -689.01408885  -538.64177943     1.00000000 ) (  -685.46250676  -540.45436439     1.00000000 ) (  -681.53203305  -542.42350672     1.00000000 ) (  -680.19112552  -543.08649871     1.00000000 ) (  -678.84442475  -543.74788137     1.00000000 ) (  -677.49192576  -544.40761699     1.00000000 ) (  -676.13362396  -545.06566762     1.00000000 ) (  -674.76951517  -545.72199504     1.00000000 ) (  -673.39959557  -546.37656080     1.00000000 ) (  -672.02386179  -547.02932617     1.00000000 ) (  -670.64231084  -547.68025218     1.00000000 ) (  -669.25494015  -548.32929963     1.00000000 ) (  -667.86174757  -548.97642907     1.00000000 ) (  -666.46273140  -549.62160078     1.00000000 ) (  -665.05789033  -550.26477485     1.00000000 ) (  -663.64722353  -550.90591110     1.00000000 ) (  -662.23073060  -551.54496913     1.00000000 ) (  -660.80841159  -552.18190832     1.00000000 ) (  -659.38026699  -552.81668782     1.00000000 ) (  -657.94629779  -553.44926656     1.00000000 ) (  -656.50650542  -554.07960323     1.00000000 ) (  -655.06089180  -554.70765636     1.00000000 ) (  -653.60945930  -555.33338421     1.00000000 ) (  -652.15221082  -555.95674487     1.00000000 ) (  -650.68914971  -556.57769623     1.00000000 ) (  -649.22027985  -557.19619596     1.00000000 ) (  -647.74560559  -557.81220156     1.00000000 ) (  -646.26513181  -558.42567033     1.00000000 ) (  -644.77886392  -559.03655938     1.00000000 ) (  -643.30097932  -559.63907216     1.00000000 ) (  -643.30041350  -559.63933314     1.00000000 ) (  -643.29984768  -559.63959411     1.00000000 ) (  -643.29928187  -559.63985508     1.00000000 ) (  -643.29871605  -559.64011604     1.00000000 ) (  -643.29815024  -559.64037698     1.00000000 ) (  -642.26415775  -560.10538299     1.00000000 ) )
    polyLine 75 76 ( (  -639.25700442  -561.34490480     1.00000000 ) (  -637.43934929  -562.03593108     1.00000000 ) (  -636.97025853  -562.20974897     1.00000000 ) (  -636.96663143  -562.21108755     1.00000000 ) (  -636.96300433  -562.21242606     1.00000000 ) (  -636.95937724  -562.21376448     1.00000000 ) (  -636.95575015  -562.21510283     1.00000000 ) (  -631.92416716  -564.22955109     1.00000000 ) (  -626.61380330  -566.29477857     1.00000000 ) (  -621.23401289  -568.32403588     1.00000000 ) (  -615.78527890  -570.31543968     1.00000000 ) (  -610.26817001  -572.26709012     1.00000000 ) (  -609.66354742  -572.47711422     1.00000000 ) (  -609.65992036  -572.47845202     1.00000000 ) (  -609.65629330  -572.47978974     1.00000000 ) (  -609.65266625  -572.48112739     1.00000000 ) (  -609.64903920  -572.48246495     1.00000000 ) (  -608.31068650  -572.97075109     1.00000000 ) (  -606.47836204  -573.62191626     1.00000000 ) (  -604.63959259  -574.25465031     1.00000000 ) (  -602.79430726  -574.86812070     1.00000000 ) (  -602.35659307  -575.01040840     1.00000000 ) (  -602.35153624  -575.01204489     1.00000000 ) (  -602.34647942  -575.01368122     1.00000000 ) (  -602.34142261  -575.01531737     1.00000000 ) (  -602.33636580  -575.01695335     1.00000000 ) (  -602.33130901  -575.01858917     1.00000000 ) (  -602.32625222  -575.02022481     1.00000000 ) (  -600.63158091  -575.60445861     1.00000000 ) (  -594.61451127  -577.63039043     1.00000000 ) (  -588.52101656  -579.60521462     1.00000000 ) (  -581.22839259  -581.86820046     1.00000000 ) (  -580.17689741  -582.18648931     1.00000000 ) (  -578.74060664  -582.64388816     1.00000000 ) (  -576.88256516  -583.21757302     1.00000000 ) (  -575.01954119  -583.77486960     1.00000000 ) (  -573.15236993  -584.31811643     1.00000000 ) (  -571.91855066  -584.67002509     1.00000000 ) (  -571.91215378  -584.67183668     1.00000000 ) (  -571.90575691  -584.67364815     1.00000000 ) (  -571.89936004  -584.67545948     1.00000000 ) (  -571.66334510  -584.74628548     1.00000000 ) (  -566.18510247  -586.36111754     1.00000000 ) (  -560.65155323  -587.93102009     1.00000000 ) (  -556.08192231  -589.18145353     1.00000000 ) (  -556.07552547  -589.18326423     1.00000000 ) (  -554.44872489  -589.63968617     1.00000000 ) (  -552.57385398  -590.15574035     1.00000000 ) (  -550.69630308  -590.66195579     1.00000000 ) )
    polyLine 76 77 ( (  -547.55344248  -591.48597682     1.00000000 ) (  -546.80763160  -591.67728277     1.00000000 ) (  -546.80256354  -591.67857726     1.00000000 ) (  -546.79749548  -591.67987166     1.00000000 ) (  -546.79242743  -591.68116599     1.00000000 ) (  -543.36378418  -592.59211293     1.00000000 ) (  -539.52879903  -593.58362331     1.00000000 ) (  -535.66993023  -594.55225393     1.00000000 ) (  -532.93063914  -595.22227169     1.00000000 ) (  -532.92557111  -595.22356564     1.00000000 ) (  -532.92050309  -595.22485952     1.00000000 ) (  -532.91543506  -595.22615333     1.00000000 ) (  -532.38655570  -595.36076373     1.00000000 ) (  -531.12159602  -595.67951181     1.00000000 ) (  -529.85559954  -595.99411755     1.00000000 ) (  -528.58861436  -596.30471841     1.00000000 ) (  -527.32068789  -596.61145367     1.00000000 ) (  -526.05186626  -596.91446453     1.00000000 ) (  -524.78219467  -597.21389392     1.00000000 ) (  -523.51171716  -597.50988647     1.00000000 ) (  -522.71983413  -597.69261392     1.00000000 ) (  -522.71388825  -597.69398094     1.00000000 ) (  -522.70794237  -597.69534789     1.00000000 ) (  -522.70199650  -597.69671476     1.00000000 ) (  -520.43305244  -598.24055665     1.00000000 ) (  -516.57783592  -599.14185813     1.00000000 ) (  -512.70070576  -600.01945090     1.00000000 ) (  -510.83642492  -600.43121320     1.00000000 ) (  -510.83047907  -600.43257970     1.00000000 ) (  -510.79993808  -600.43959761     1.00000000 ) (  -509.52819812  -600.73011758     1.00000000 ) (  -508.25574891  -601.01751516     1.00000000 ) (  -506.98261440  -601.30186158     1.00000000 ) (  -505.70881807  -601.58322876     1.00000000 ) (  -504.43438310  -601.86168931     1.00000000 ) (  -503.15933234  -602.13731647     1.00000000 ) (  -501.88368819  -602.41018415     1.00000000 ) (  -500.60747266  -602.68036684     1.00000000 ) (  -499.69915429  -602.87099894     1.00000000 ) (  -499.69215414  -602.87246281     1.00000000 ) (  -497.84083905  -603.27468478     1.00000000 ) (  -493.96747453  -604.09519863     1.00000000 ) (  -490.07394677  -604.89131279     1.00000000 ) (  -489.58073455  -604.99017190     1.00000000 ) (  -489.57373442  -604.99163536     1.00000000 ) (  -489.56673429  -604.99309874     1.00000000 ) (  -489.11628507  -605.08709737     1.00000000 ) (  -487.83893576  -605.35186807     1.00000000 ) (  -486.56107286  -605.61414888     1.00000000 ) )
);

boundary
(
    airfoil
    {
        type wall;
        faces
        (
            (0 39 40 1)
            (1 40 41 2)
            (2 41 42 3)
            (3 42 43 4)
            (4 43 44 5)
            (5 44 45 6)
            (6 45 46 7)
            (7 46 47 8)
            (8 47 48 9)
            (9 48 49 10)
            (10 49 50 11)
            (11 50 51 12)
        );
    }

    farfield
    {
        type patch;
        faces
        (
            (26 27 66 65)
            (27 28 67 66)
            (28 29 68 67)
            (29 30 69 68)
            (30 31 70 69)
            (31 32 71 70)
            (32 33 72 71)
            (33 34 73 72)
            (34 35 74 73)
            (35 36 75 74)
            (36 37 76 75)
            (37 38 77 76)
        );
    }

    suctionOutlet
    {
        type patch;
        faces
        (
            (0 13 52 39)
            (13 26 65 52)
        );
    }

    pressureOutlet
    {
        type patch;
        faces
        (
            (12 25 64 51)
            (25 38 77 64)
        );
    }

    front
    {
        type cyclic;
        neighbourPatch  back;
        faces
        (
            (0 1 14 13)
            (13 14 27 26)
            (1 2 15 14)
            (14 15 28 27)
            (2 3 16 15)
            (15 16 29 28)
            (3 4 17 16)
            (16 17 30 29)
            (4 5 18 17)
            (17 18 31 30)
            (5 6 19 18)
            (18 19 32 31)
            (6 7 20 19)
            (19 20 33 32)
            (7 8 21 20)
            (20 21 34 33)
            (8 9 22 21)
            (21 22 35 34)
            (9 10 23 22)
            (22 23 36 35)
            (10 11 24 23)
            (23 24 37 36)
            (11 12 25 24)
            (24 25 38 37)
        );
    }

    back
    {
        type cyclic;
        neighbourPatch  front;
        faces
        (
            (39 40 53 52)
            (52 53 66 65)
            (40 41 54 53)
            (53 54 67 66)
            (41 42 55 54)
            (54 55 68 67)
            (42 43 56 55)
            (55 56 69 68)
            (43 44 57 56)
            (56 57 70 69)
            (44 45 58 57)
            (57 58 71 70)
            (45 46 59 58)
            (58 59 72 71)
            (46 47 60 59)
            (59 60 73 72)
            (47 48 61 60)
            (60 61 74 73)
            (48 49 62 61)
            (61 62 75 74)
            (49 50 63 62)
            (62 63 76 75)
            (50 51 64 63)
            (63 64 77 76)
        );
    }

);

mergePatchPairs
(
);

// ********************************************************** //
