/*--------------------------------*- C++ -*----------------------------------*\
| =========                 |                                                 |
| \\      /  F ield         | OpenFOAM: The Open Source CFD Toolbox           |
|  \\    /   O peration     | Version:  v2412                                 |
|   \\  /    A nd           | Website:  www.openfoam.com                      |
|    \\/     M anipulation  |                                                 |
\*---------------------------------------------------------------------------*/
FoamFile
{
    version     2.0;
    format      ascii;
    class       dictionary;
    object      sampleDict;
}
// * * * * * * * * * * * * * * * * * * * * * * * * * * * * * * * * * * * * * //

type            sets;
libs            (sampling);

interpolationScheme cellPoint;
setFormat       raw;

fields          (U p);

sets
{
    suctionOutletProbes
    {
        type    cloud;
        axis    xyz;
        points
        (
            (-0.004256766007 0.08076307629 0.005)
            (-0.004257997134 0.080781719 0.005)
            (-0.004259244718 0.08080061092 0.005)
            (-0.004260508979 0.08081975537 0.005)
            (-0.004261790139 0.08083915575 0.005)
            (-0.004263088427 0.08085881546 0.005)
            (-0.00426440407 0.08087873797 0.005)
            (-0.004265737299 0.08089892679 0.005)
            (-0.00426708835 0.08091938549 0.005)
            (-0.00426845746 0.08094011768 0.005)
            (-0.004269844873 0.08096112699 0.005)
            (-0.004271250833 0.08098241716 0.005)
            (-0.004272675586 0.08100399192 0.005)
            (-0.004274119386 0.08102585508 0.005)
            (-0.004275582485 0.0810480105 0.005)
            (-0.004277065141 0.08107046208 0.005)
            (-0.004278567618 0.08109321379 0.005)
            (-0.004280090179 0.08111626963 0.005)
            (-0.004281633093 0.08113963367 0.005)
            (-0.004283196632 0.08116331003 0.005)
            (-0.004284781071 0.08118730289 0.005)
            (-0.004286386691 0.08121161646 0.005)
            (-0.004288013774 0.08123625506 0.005)
            (-0.004289662606 0.08126122301 0.005)
            (-0.00429133348 0.08128652473 0.005)
            (-0.00429302669 0.08131216466 0.005)
            (-0.004294742532 0.08133814733 0.005)
            (-0.004296481312 0.08136447734 0.005)
            (-0.004298243336 0.08139115931 0.005)
            (-0.004300028913 0.08141819795 0.005)
            (-0.004301838359 0.08144559803 0.005)
            (-0.004303671992 0.08147336438 0.005)
            (-0.004305530137 0.08150150191 0.005)
            (-0.004307413121 0.08153001556 0.005)
            (-0.004309321276 0.08155891037 0.005)
            (-0.004311254938 0.08158819143 0.005)
            (-0.004313214448 0.08161786391 0.005)
            (-0.004315200152 0.08164793304 0.005)
            (-0.0043172124 0.08167840411 0.005)
            (-0.004319251547 0.08170928251 0.005)
            (-0.004321317952 0.08174057368 0.005)
            (-0.00432341198 0.08177228313 0.005)
            (-0.004325534001 0.08180441647 0.005)
            (-0.004327684387 0.08183697935 0.005)
            (-0.004329863519 0.0818699775 0.005)
            (-0.004332071781 0.08190341677 0.005)
            (-0.004334309561 0.08193730304 0.005)
            (-0.004336577255 0.08197164229 0.005)
            (-0.004338875262 0.08200644056 0.005)
            (-0.004341203989 0.082041704 0.005)
            (-0.004343563845 0.08207743884 0.005)
            (-0.004345955245 0.08211365135 0.005)
            (-0.004348378614 0.08215034794 0.005)
            (-0.004350834377 0.08218753507 0.005)
            (-0.004353322968 0.0822252193 0.005)
            (-0.004355844824 0.08226340729 0.005)
            (-0.004358400392 0.08230210575 0.005)
            (-0.004360990121 0.08234132151 0.005)
            (-0.004363614469 0.08238106149 0.005)
            (-0.004366273898 0.08242133269 0.005)
            (-0.004368968877 0.08246214223 0.005)
            (-0.004371699881 0.08250349729 0.005)
            (-0.004374467392 0.08254540516 0.005)
            (-0.004377271898 0.08258787324 0.005)
            (-0.004380113893 0.08263090901 0.005)
            (-0.004382993879 0.08267452007 0.005)
            (-0.004385912363 0.0827187141 0.005)
            (-0.004388869859 0.08276349889 0.005)
            (-0.004391866891 0.08280888235 0.005)
            (-0.004394903986 0.08285487247 0.005)
            (-0.004397981678 0.08290147737 0.005)
            (-0.004401100512 0.08294870526 0.005)
            (-0.004404261038 0.08299656447 0.005)
            (-0.004407463812 0.08304506344 0.005)
            (-0.004410709399 0.08309421072 0.005)
            (-0.004413998371 0.08314401499 0.005)
            (-0.00441733131 0.08319448501 0.005)
            (-0.004420708801 0.0832456297 0.005)
            (-0.004424131441 0.08329745806 0.005)
            (-0.004427599833 0.08334997924 0.005)
            (-0.00443111459 0.0834032025 0.005)
            (-0.00443467633 0.08345713723 0.005)
            (-0.004438285681 0.08351179294 0.005)
            (-0.004441943281 0.08356717925 0.005)
            (-0.004445649774 0.08362330594 0.005)
            (-0.004449405814 0.08368018291 0.005)
            (-0.004453212063 0.08373782019 0.005)
            (-0.004457069192 0.08379622793 0.005)
            (-0.004460977882 0.08385541644 0.005)
            (-0.004464938821 0.08391539616 0.005)
            (-0.004468952707 0.08397617766 0.005)
            (-0.004473020251 0.08403777166 0.005)
            (-0.004477142166 0.08410018902 0.005)
            (-0.004481319182 0.08416344075 0.005)
            (-0.004485552034 0.084227538 0.005)
            (-0.00448984147 0.08429249207 0.005)
            (-0.004494188244 0.08435831441 0.005)
            (-0.004498593124 0.08442501665 0.005)
            (-0.004503056887 0.08449261052 0.005)
            (-0.004507580318 0.08456110796 0.005)
            (-0.004512164218 0.08463052104 0.005)
            (-0.004516809393 0.08470086201 0.005)
            (-0.004521516662 0.08477214326 0.005)
            (-0.004526286856 0.08484437737 0.005)
            (-0.004531120816 0.08491757707 0.005)
            (-0.004536019394 0.08499175527 0.005)
            (-0.004540983454 0.08506692505 0.005)
            (-0.004546013871 0.08514309967 0.005)
            (-0.004551111532 0.08522029255 0.005)
            (-0.004556277337 0.08529851732 0.005)
            (-0.004561512196 0.08537778776 0.005)
            (-0.004566817033 0.08545811785 0.005)
            (-0.004572192782 0.08553952175 0.005)
            (-0.004577640391 0.08562201383 0.005)
            (-0.004583160823 0.08570560862 0.005)
            (-0.004588755048 0.08579032087 0.005)
            (-0.004594424054 0.08587616552 0.005)
            (-0.004600168841 0.0859631577 0.005)
            (-0.004605990422 0.08605131275 0.005)
            (-0.004611889823 0.08614064621 0.005)
            (-0.004617868084 0.08623117385 0.005)
            (-0.004623926261 0.08632291162 0.005)
            (-0.00463006542 0.08641587571 0.005)
            (-0.004636286645 0.08651008249 0.005)
            (-0.004642591032 0.08660554857 0.005)
            (-0.004648979694 0.08670229082 0.005)
            (-0.004655453756 0.08680032627 0.005)
            (-0.004662014361 0.08689967221 0.005)
            (-0.004668662664 0.08700034616 0.005)
            (-0.00467539984 0.08710236589 0.005)
            (-0.004682227075 0.08720574936 0.005)
            (-0.004689145573 0.08731051481 0.005)
            (-0.004696156555 0.08741668072 0.005)
            (-0.004703261256 0.08752426581 0.005)
            (-0.00471046093 0.08763328905 0.005)
            (-0.004717756845 0.08774376966 0.005)
            (-0.004725150289 0.08785572713 0.005)
            (-0.004732642565 0.08796918119 0.005)
            (-0.004740234995 0.08808415186 0.005)
            (-0.004747928917 0.0882006594 0.005)
            (-0.004755725688 0.08831872436 0.005)
            (-0.004763626683 0.08843836756 0.005)
            (-0.004771633294 0.0885596101 0.005)
            (-0.004779746934 0.08868247335 0.005)
            (-0.004787969034 0.08880697899 0.005)
            (-0.004796301043 0.08893314896 0.005)
            (-0.00480474443 0.08906100551 0.005)
            (-0.004813300686 0.08919057119 0.005)
            (-0.004821971317 0.08932186885 0.005)
            (-0.004830757853 0.08945492163 0.005)
            (-0.004839661843 0.08958975301 0.005)
            (-0.004848684858 0.08972638674 0.005)
            (-0.004857828488 0.08986484695 0.005)
            (-0.004867094347 0.09000515802 0.005)
            (-0.004876484067 0.0901473447 0.005)
            (-0.004885999305 0.09029143207 0.005)
            (-0.004895641739 0.09043744554 0.005)
            (-0.004905413068 0.09058541084 0.005)
            (-0.004915315016 0.09073535408 0.005)
            (-0.004925349328 0.0908873017 0.005)
            (-0.004935517775 0.09104128049 0.005)
            (-0.004945822149 0.09119731759 0.005)
            (-0.004956264267 0.09135544052 0.005)
            (-0.004966845971 0.09151567718 0.005)
            (-0.004977569126 0.0916780558 0.005)
            (-0.004988435623 0.09184260502 0.005)
            (-0.004999447379 0.09200935387 0.005)
            (-0.005010606335 0.09217833174 0.005)
            (-0.005021914459 0.09234956843 0.005)
            (-0.005033373744 0.09252309413 0.005)
            (-0.005044986213 0.09269893945 0.005)
            (-0.005056753911 0.09287713539 0.005)
            (-0.005068678915 0.09305771338 0.005)
            (-0.005080763327 0.09324070524 0.005)
            (-0.005093009277 0.09342614326 0.005)
            (-0.005105418927 0.09361406012 0.005)
            (-0.005117994462 0.09380448898 0.005)
            (-0.005130738102 0.09399746341 0.005)
            (-0.005143652093 0.09419301743 0.005)
            (-0.005156738712 0.09439118552 0.005)
            (-0.005170000268 0.09459200265 0.005)
            (-0.005183439098 0.0947955042 0.005)
            (-0.005197057573 0.09500172607 0.005)
            (-0.005210858092 0.09521070462 0.005)
            (-0.005224843091 0.0954224767 0.005)
            (-0.005239015035 0.09563707965 0.005)
            (-0.005253376424 0.09585455132 0.005)
            (-0.005267929788 0.09607493005 0.005)
            (-0.005282677695 0.09629825471 0.005)
            (-0.005297622747 0.09652456467 0.005)
            (-0.005312767576 0.09675389983 0.005)
            (-0.005328114855 0.09698630065 0.005)
            (-0.005343667288 0.0972218081 0.005)
            (-0.005359427621 0.0974604637 0.005)
            (-0.00537539863 0.09770230955 0.005)
            (-0.005391583133 0.09794738827 0.005)
            (-0.005407983983 0.0981957431 0.005)
            (-0.005424604071 0.09844741783 0.005)
            (-0.005441446329 0.09870245683 0.005)
            (-0.005458513728 0.09896090507 0.005)
            (-0.005475809275 0.09922280814 0.005)
            (-0.005493336022 0.0994882122 0.005)
            (-0.005511097059 0.09975716407 0.005)
            (-0.005529095516 0.1000297112 0.005)
            (-0.005547334568 0.1003059016 0.005)
            (-0.005565817433 0.1005857839 0.005)
            (-0.005584547368 0.1008694076 0.005)
            (-0.005603527676 0.1011568227 0.005)
            (-0.005622761705 0.1014480798 0.005)
            (-0.005642252845 0.1017432303 0.005)
            (-0.005662004534 0.1020423263 0.005)
            (-0.005682020255 0.1023454204 0.005)
            (-0.005702303537 0.1026525661 0.005)
            (-0.005722857956 0.1029638176 0.005)
            (-0.005743687139 0.1032792298 0.005)
            (-0.005764794755 0.1035988583 0.005)
            (-0.005786184529 0.1039227594 0.005)
            (-0.005807860232 0.1042509903 0.005)
            (-0.005829825685 0.1045836088 0.005)
            (-0.005852084763 0.1049206736 0.005)
            (-0.005874641391 0.1052622442 0.005)
            (-0.005897499545 0.1056083808 0.005)
            (-0.005920663256 0.1059591443 0.005)
            (-0.00594413661 0.1063145967 0.005)
            (-0.005967923744 0.1066748005 0.005)
            (-0.005992028855 0.1070398195 0.005)
            (-0.006016456192 0.1074097178 0.005)
            (-0.006041210062 0.1077845608 0.005)
            (-0.006066294831 0.1081644145 0.005)
            (-0.006091714922 0.1085493459 0.005)
            (-0.006117474818 0.108939423 0.005)
            (-0.006143579059 0.1093347143 0.005)
            (-0.00617003225 0.1097352898 0.005)
            (-0.006196839056 0.11014122 0.005)
            (-0.006224004202 0.1105525764 0.005)
            (-0.006251532481 0.1109694317 0.005)
            (-0.006279428745 0.1113918593 0.005)
            (-0.006307697914 0.1118199338 0.005)
            (-0.006336344972 0.1122537305 0.005)
            (-0.006365374971 0.1126933261 0.005)
            (-0.00639479303 0.1131387979 0.005)
            (-0.006424604336 0.1135902247 0.005)
            (-0.006454814147 0.1140476859 0.005)
            (-0.006485427788 0.1145112622 0.005)
            (-0.006516450659 0.1149810354 0.005)
            (-0.006547888229 0.1154570884 0.005)
            (-0.006579746043 0.115939505 0.005)
            (-0.006612029717 0.1164283702 0.005)
            (-0.006644744946 0.1169237705 0.005)
            (-0.006677897496 0.117425793 0.005)
            (-0.006711493215 0.1179345264 0.005)
            (-0.006745538026 0.1184500602 0.005)
            (-0.006780037933 0.1189724856 0.005)
            (-0.00681499902 0.1195018944 0.005)
            (-0.006850427449 0.1200383801 0.005)
            (-0.006886329471 0.1205820373 0.005)
            (-0.006922711414 0.1211329619 0.005)
            (-0.006959579695 0.121691251 0.005)
            (-0.006996940814 0.1222570031 0.005)
            (-0.007034801359 0.1228303179 0.005)
            (-0.007073168008 0.1234112964 0.005)
            (-0.007112047525 0.1240000413 0.005)
            (-0.007151446765 0.1245966562 0.005)
            (-0.007191372677 0.1252012464 0.005)
            (-0.0072318323 0.1258139186 0.005)
            (-0.007272832769 0.1264347806 0.005)
            (-0.007314381314 0.127063942 0.005)
            (-0.007356485261 0.1277015137 0.005)
            (-0.007399152035 0.1283476083 0.005)
            (-0.007442389158 0.1290023396 0.005)
            (-0.007486204256 0.129665823 0.005)
            (-0.007530605055 0.1303381755 0.005)
            (-0.007575599383 0.1310195157 0.005)
            (-0.007621195175 0.1317099638 0.005)
            (-0.007667400471 0.1324096415 0.005)
            (-0.007714223419 0.1331186722 0.005)
            (-0.007761672274 0.1338371808 0.005)
            (-0.007809755405 0.1345652942 0.005)
            (-0.007858481289 0.1353031407 0.005)
            (-0.007907858519 0.1360508503 0.005)
            (-0.007957895801 0.136808555 0.005)
            (-0.008008601959 0.1375763883 0.005)
            (-0.008059985934 0.1383544857 0.005)
            (-0.008112056786 0.1391429844 0.005)
            (-0.008164823698 0.1399420233 0.005)
            (-0.008218295975 0.1407517435 0.005)
            (-0.008272483046 0.1415722876 0.005)
            (-0.008327394464 0.1424038004 0.005)
            (-0.008383039913 0.1432464284 0.005)
            (-0.008439429205 0.1441003203 0.005)
            (-0.008496572284 0.1449656267 0.005)
            (-0.008554479225 0.1458425001 0.005)
            (-0.008613160242 0.1467310952 0.005)
            (-0.008672625678 0.1476315686 0.005)
            (-0.008732886023 0.1485440791 0.005)
            (-0.0087939519 0.1494687876 0.005)
            (-0.008855834078 0.1504058573 0.005)
            (-0.008918543469 0.1513554532 0.005)
            (-0.008982091131 0.152317743 0.005)
            (-0.00904648827 0.1532928961 0.005)
            (-0.00911174624 0.1542810847 0.005)
            (-0.009177876549 0.1552824829 0.005)
            (-0.009244890859 0.1562972674 0.005)
            (-0.009312800986 0.157325617 0.005)
            (-0.009381618904 0.1583677132 0.005)
            (-0.009451356748 0.1594237397 0.005)
            (-0.009522026818 0.1604938826 0.005)
            (-0.009593641573 0.1615783307 0.005)
            (-0.009666213641 0.1626772752 0.005)
            (-0.009739755821 0.1637909099 0.005)
            (-0.009814281078 0.1649194312 0.005)
            (-0.009889802555 0.1660630381 0.005)
            (-0.009966333571 0.1672219321 0.005)
            (-0.01004388762 0.1683963177 0.005)
            (-0.01012247838 0.1695864021 0.005)
            (-0.0102021197 0.1707923949 0.005)
            (-0.01028282562 0.1720145088 0.005)
            (-0.01036461039 0.1732529595 0.005)
            (-0.01044748843 0.1745079651 0.005)
            (-0.01053147433 0.1757797471 0.005)
            (-0.01061658292 0.1770685298 0.005)
            (-0.01070282921 0.1783745403 0.005)
            (-0.0107902284 0.179698009 0.005)
            (-0.01087879589 0.1810391692 0.005)
            (-0.01096854733 0.1823982574 0.005)
            (-0.01105949852 0.1837755133 0.005)
            (-0.0111516655 0.1851711797 0.005)
            (-0.01124506452 0.1865855029 0.005)
            (-0.01133971207 0.1880187319 0.005)
            (-0.01143562482 0.1894711198 0.005)
            (-0.01153281969 0.1909429225 0.005)
            (-0.01163131382 0.1924343997 0.005)
            (-0.01173112457 0.1939458142 0.005)
            (-0.01183226954 0.1954774326 0.005)
            (-0.01193476658 0.197029525 0.005)
            (-0.01203863375 0.1986023651 0.005)
            (-0.01214388937 0.2001962301 0.005)
            (-0.01225055199 0.2018114013 0.005)
            (-0.01235864044 0.2034481633 0.005)
            (-0.01246817376 0.2051068049 0.005)
            (-0.01257917128 0.2067876183 0.005)
            (-0.01269165256 0.2084909002 0.005)
            (-0.01280563744 0.2102169507 0.005)
            (-0.01292114602 0.2119660744 0.005)
            (-0.01303819867 0.2137385796 0.005)
            (-0.01315681602 0.2155347787 0.005)
            (-0.013277019 0.2173549887 0.005)
            (-0.01339882879 0.2191995303 0.005)
            (-0.01352226688 0.221068729 0.005)
            (-0.01364735503 0.2229629143 0.005)
            (-0.01377411532 0.2248824202 0.005)
            (-0.01390257007 0.2268275852 0.005)
            (-0.01403274194 0.2287987523 0.005)
            (-0.0141646539 0.2307962691 0.005)
            (-0.0142983292 0.2328204877 0.005)
            (-0.0144337914 0.2348717652 0.005)
            (-0.01457106441 0.2369504632 0.005)
            (-0.01471017242 0.2390569484 0.005)
            (-0.01485113996 0.2411915921 0.005)
            (-0.01499399189 0.2433547707 0.005)
            (-0.0151387534 0.2455468657 0.005)
            (-0.01528545002 0.2477682637 0.005)
            (-0.01543410762 0.2500193563 0.005)
            (-0.0155847524 0.2523005405 0.005)
            (-0.01573741093 0.2546122185 0.005)
            (-0.01589211013 0.256954798 0.005)
            (-0.01604887728 0.2593286921 0.005)
            (-0.01620774002 0.2617343194 0.005)
            (-0.01636872637 0.2641721039 0.005)
            (-0.01653186471 0.2666424755 0.005)
            (-0.01669718381 0.2691458701 0.005)
            (-0.01686471282 0.2716827289 0.005)
            (-0.01703448128 0.2742534993 0.005)
            (-0.01720651914 0.2768586346 0.005)
            (-0.01738085671 0.2794985942 0.005)
            (-0.01755752476 0.2821738435 0.005)
            (-0.01773655442 0.2848848543 0.005)
            (-0.01791797727 0.2876321048 0.005)
            (-0.0181018253 0.2904160792 0.005)
            (-0.01828813092 0.2932372685 0.005)
            (-0.01847692699 0.2960961703 0.005)
            (-0.01866824681 0.2989932885 0.005)
            (-0.0188621241 0.3019291341 0.005)
            (-0.01905859305 0.3049042248 0.005)
            (-0.01925768832 0.3079190851 0.005)
            (-0.019459445 0.3109742467 0.005)
            (-0.01966389867 0.3140702483 0.005)
            (-0.01987108539 0.3172076359 0.005)
            (-0.02008104168 0.3203869627 0.005)
            (-0.02029380458 0.3236087893 0.005)
            (-0.02050941159 0.3268736837 0.005)
            (-0.02072790074 0.3301822219 0.005)
            (-0.02094931056 0.3335349871 0.005)
            (-0.02117368008 0.3369325705 0.005)
            (-0.02140104887 0.3403755713 0.005)
            (-0.02163145702 0.3438645965 0.005)
            (-0.02186494517 0.3474002615 0.005)
            (-0.02210155449 0.3509831896 0.005)
            (-0.02234132668 0.3546140127 0.005)
            (-0.02258430405 0.3582933711 0.005)
            (-0.004256766007 0.08076307629 0.005)
            (-0.004257997134 0.080781719 0.005)
            (-0.004259244718 0.08080061092 0.005)
            (-0.004260508979 0.08081975537 0.005)
            (-0.004261790139 0.08083915575 0.005)
            (-0.004263088427 0.08085881546 0.005)
            (-0.00426440407 0.08087873797 0.005)
            (-0.004265737299 0.08089892679 0.005)
            (-0.00426708835 0.08091938549 0.005)
            (-0.00426845746 0.08094011768 0.005)
            (-0.004269844873 0.08096112699 0.005)
            (-0.004271250833 0.08098241716 0.005)
            (-0.004272675586 0.08100399192 0.005)
            (-0.004274119386 0.08102585508 0.005)
            (-0.004275582485 0.0810480105 0.005)
            (-0.004277065141 0.08107046208 0.005)
            (-0.004278567618 0.08109321379 0.005)
            (-0.004280090179 0.08111626963 0.005)
            (-0.004281633093 0.08113963367 0.005)
            (-0.004283196632 0.08116331003 0.005)
            (-0.004284781071 0.08118730289 0.005)
            (-0.004286386691 0.08121161646 0.005)
            (-0.004288013774 0.08123625506 0.005)
            (-0.004289662606 0.08126122301 0.005)
            (-0.00429133348 0.08128652473 0.005)
            (-0.00429302669 0.08131216466 0.005)
            (-0.004294742532 0.08133814733 0.005)
            (-0.004296481312 0.08136447734 0.005)
            (-0.004298243336 0.08139115931 0.005)
            (-0.004300028913 0.08141819795 0.005)
            (-0.004301838359 0.08144559803 0.005)
            (-0.004303671992 0.08147336438 0.005)
            (-0.004305530137 0.08150150191 0.005)
            (-0.004307413121 0.08153001556 0.005)
            (-0.004309321276 0.08155891037 0.005)
            (-0.004311254938 0.08158819143 0.005)
            (-0.004313214448 0.08161786391 0.005)
            (-0.004315200152 0.08164793304 0.005)
            (-0.0043172124 0.08167840411 0.005)
            (-0.004319251547 0.08170928251 0.005)
            (-0.004321317952 0.08174057368 0.005)
            (-0.00432341198 0.08177228313 0.005)
            (-0.004325534001 0.08180441647 0.005)
            (-0.004327684387 0.08183697935 0.005)
            (-0.004329863519 0.0818699775 0.005)
            (-0.004332071781 0.08190341677 0.005)
            (-0.004334309561 0.08193730304 0.005)
            (-0.004336577255 0.08197164229 0.005)
            (-0.004338875262 0.08200644056 0.005)
            (-0.004341203989 0.082041704 0.005)
            (-0.004343563845 0.08207743884 0.005)
            (-0.004345955245 0.08211365135 0.005)
            (-0.004348378614 0.08215034794 0.005)
            (-0.004350834377 0.08218753507 0.005)
            (-0.004353322968 0.0822252193 0.005)
            (-0.004355844824 0.08226340729 0.005)
            (-0.004358400392 0.08230210575 0.005)
            (-0.004360990121 0.08234132151 0.005)
            (-0.004363614469 0.08238106149 0.005)
            (-0.004366273898 0.08242133269 0.005)
            (-0.004368968877 0.08246214223 0.005)
            (-0.004371699881 0.08250349729 0.005)
            (-0.004374467392 0.08254540516 0.005)
            (-0.004377271898 0.08258787324 0.005)
            (-0.004380113893 0.08263090901 0.005)
            (-0.004382993879 0.08267452007 0.005)
            (-0.004385912363 0.0827187141 0.005)
            (-0.004388869859 0.08276349889 0.005)
            (-0.004391866891 0.08280888235 0.005)
            (-0.004394903986 0.08285487247 0.005)
            (-0.004397981678 0.08290147737 0.005)
            (-0.004401100512 0.08294870526 0.005)
            (-0.004404261038 0.08299656447 0.005)
            (-0.004407463812 0.08304506344 0.005)
            (-0.004410709399 0.08309421072 0.005)
            (-0.004413998371 0.08314401499 0.005)
            (-0.00441733131 0.08319448501 0.005)
            (-0.004420708801 0.0832456297 0.005)
            (-0.004424131441 0.08329745806 0.005)
            (-0.004427599833 0.08334997924 0.005)
            (-0.00443111459 0.0834032025 0.005)
            (-0.00443467633 0.08345713723 0.005)
            (-0.004438285681 0.08351179294 0.005)
            (-0.004441943281 0.08356717925 0.005)
            (-0.004445649774 0.08362330594 0.005)
            (-0.004449405814 0.08368018291 0.005)
            (-0.004453212063 0.08373782019 0.005)
            (-0.004457069192 0.08379622793 0.005)
            (-0.004460977882 0.08385541644 0.005)
            (-0.004464938821 0.08391539616 0.005)
            (-0.004468952707 0.08397617766 0.005)
            (-0.004473020251 0.08403777166 0.005)
            (-0.004477142166 0.08410018902 0.005)
            (-0.004481319182 0.08416344075 0.005)
            (-0.004485552034 0.084227538 0.005)
            (-0.00448984147 0.08429249207 0.005)
            (-0.004494188244 0.08435831441 0.005)
            (-0.004498593124 0.08442501665 0.005)
            (-0.004503056887 0.08449261052 0.005)
            (-0.004507580318 0.08456110796 0.005)
            (-0.004512164218 0.08463052104 0.005)
            (-0.004516809393 0.08470086201 0.005)
            (-0.004521516662 0.08477214326 0.005)
            (-0.004526286856 0.08484437737 0.005)
            (-0.004531120816 0.08491757707 0.005)
            (-0.004536019394 0.08499175527 0.005)
            (-0.004540983454 0.08506692505 0.005)
            (-0.004546013871 0.08514309967 0.005)
            (-0.004551111532 0.08522029255 0.005)
            (-0.004556277337 0.08529851732 0.005)
            (-0.004561512196 0.08537778776 0.005)
            (-0.004566817033 0.08545811785 0.005)
            (-0.004572192782 0.08553952175 0.005)
            (-0.004577640391 0.08562201383 0.005)
            (-0.004583160823 0.08570560862 0.005)
            (-0.004588755048 0.08579032087 0.005)
            (-0.004594424054 0.08587616552 0.005)
            (-0.004600168841 0.0859631577 0.005)
            (-0.004605990422 0.08605131275 0.005)
            (-0.004611889823 0.08614064621 0.005)
            (-0.004617868084 0.08623117385 0.005)
            (-0.004623926261 0.08632291162 0.005)
            (-0.00463006542 0.08641587571 0.005)
            (-0.004636286645 0.08651008249 0.005)
            (-0.004642591032 0.08660554857 0.005)
            (-0.004648979694 0.08670229082 0.005)
            (-0.004655453756 0.08680032627 0.005)
            (-0.004662014361 0.08689967221 0.005)
            (-0.004668662664 0.08700034616 0.005)
            (-0.00467539984 0.08710236589 0.005)
            (-0.004682227075 0.08720574936 0.005)
            (-0.004689145573 0.08731051481 0.005)
            (-0.004696156555 0.08741668072 0.005)
            (-0.004703261256 0.08752426581 0.005)
            (-0.00471046093 0.08763328905 0.005)
            (-0.004717756845 0.08774376966 0.005)
            (-0.004725150289 0.08785572713 0.005)
            (-0.004732642565 0.08796918119 0.005)
            (-0.004740234995 0.08808415186 0.005)
            (-0.004747928917 0.0882006594 0.005)
            (-0.004755725688 0.08831872436 0.005)
            (-0.004763626683 0.08843836756 0.005)
            (-0.004771633294 0.0885596101 0.005)
            (-0.004779746934 0.08868247335 0.005)
            (-0.004787969034 0.08880697899 0.005)
            (-0.004796301043 0.08893314896 0.005)
            (-0.00480474443 0.08906100551 0.005)
            (-0.004813300686 0.08919057119 0.005)
            (-0.004821971317 0.08932186885 0.005)
            (-0.004830757853 0.08945492163 0.005)
            (-0.004839661843 0.08958975301 0.005)
            (-0.004848684858 0.08972638674 0.005)
            (-0.004857828488 0.08986484695 0.005)
            (-0.004867094347 0.09000515802 0.005)
            (-0.004876484067 0.0901473447 0.005)
            (-0.004885999305 0.09029143207 0.005)
            (-0.004895641739 0.09043744554 0.005)
            (-0.004905413068 0.09058541084 0.005)
            (-0.004915315016 0.09073535408 0.005)
            (-0.004925349328 0.0908873017 0.005)
            (-0.004935517775 0.09104128049 0.005)
            (-0.004945822149 0.09119731759 0.005)
            (-0.004956264267 0.09135544052 0.005)
            (-0.004966845971 0.09151567718 0.005)
            (-0.004977569126 0.0916780558 0.005)
            (-0.004988435623 0.09184260502 0.005)
            (-0.004999447379 0.09200935387 0.005)
            (-0.005010606335 0.09217833174 0.005)
            (-0.005021914459 0.09234956843 0.005)
            (-0.005033373744 0.09252309413 0.005)
            (-0.005044986213 0.09269893945 0.005)
            (-0.005056753911 0.09287713539 0.005)
            (-0.005068678915 0.09305771338 0.005)
            (-0.005080763327 0.09324070524 0.005)
            (-0.005093009277 0.09342614326 0.005)
            (-0.005105418927 0.09361406012 0.005)
            (-0.005117994462 0.09380448898 0.005)
            (-0.005130738102 0.09399746341 0.005)
            (-0.005143652093 0.09419301743 0.005)
            (-0.005156738712 0.09439118552 0.005)
            (-0.005170000268 0.09459200265 0.005)
            (-0.005183439098 0.0947955042 0.005)
            (-0.005197057573 0.09500172607 0.005)
            (-0.005210858092 0.09521070462 0.005)
            (-0.005224843091 0.0954224767 0.005)
            (-0.005239015035 0.09563707965 0.005)
            (-0.005253376424 0.09585455132 0.005)
            (-0.005267929788 0.09607493005 0.005)
            (-0.005282677695 0.09629825471 0.005)
            (-0.005297622747 0.09652456467 0.005)
            (-0.005312767576 0.09675389983 0.005)
            (-0.005328114855 0.09698630065 0.005)
            (-0.005343667288 0.0972218081 0.005)
            (-0.005359427621 0.0974604637 0.005)
            (-0.00537539863 0.09770230955 0.005)
            (-0.005391583133 0.09794738827 0.005)
            (-0.005407983983 0.0981957431 0.005)
            (-0.005424604071 0.09844741783 0.005)
            (-0.005441446329 0.09870245683 0.005)
            (-0.005458513728 0.09896090507 0.005)
            (-0.005475809275 0.09922280814 0.005)
            (-0.005493336022 0.0994882122 0.005)
            (-0.005511097059 0.09975716407 0.005)
            (-0.005529095516 0.1000297112 0.005)
            (-0.005547334568 0.1003059016 0.005)
            (-0.005565817433 0.1005857839 0.005)
            (-0.005584547368 0.1008694076 0.005)
            (-0.005603527676 0.1011568227 0.005)
            (-0.005622761705 0.1014480798 0.005)
            (-0.005642252845 0.1017432303 0.005)
            (-0.005662004534 0.1020423263 0.005)
            (-0.005682020255 0.1023454204 0.005)
            (-0.005702303537 0.1026525661 0.005)
            (-0.005722857956 0.1029638176 0.005)
            (-0.005743687139 0.1032792298 0.005)
            (-0.005764794755 0.1035988583 0.005)
            (-0.005786184529 0.1039227594 0.005)
            (-0.005807860232 0.1042509903 0.005)
            (-0.005829825685 0.1045836088 0.005)
            (-0.005852084763 0.1049206736 0.005)
            (-0.005874641391 0.1052622442 0.005)
            (-0.005897499545 0.1056083808 0.005)
            (-0.005920663256 0.1059591443 0.005)
            (-0.00594413661 0.1063145967 0.005)
            (-0.005967923744 0.1066748005 0.005)
            (-0.005992028855 0.1070398195 0.005)
            (-0.006016456192 0.1074097178 0.005)
            (-0.006041210062 0.1077845608 0.005)
            (-0.006066294831 0.1081644145 0.005)
            (-0.006091714922 0.1085493459 0.005)
            (-0.006117474818 0.108939423 0.005)
            (-0.006143579059 0.1093347143 0.005)
            (-0.00617003225 0.1097352898 0.005)
            (-0.006196839056 0.11014122 0.005)
            (-0.006224004202 0.1105525764 0.005)
            (-0.006251532481 0.1109694317 0.005)
            (-0.006279428745 0.1113918593 0.005)
            (-0.006307697914 0.1118199338 0.005)
            (-0.006336344972 0.1122537305 0.005)
            (-0.006365374971 0.1126933261 0.005)
            (-0.00639479303 0.1131387979 0.005)
            (-0.006424604336 0.1135902247 0.005)
            (-0.006454814147 0.1140476859 0.005)
            (-0.006485427788 0.1145112622 0.005)
            (-0.006516450659 0.1149810354 0.005)
            (-0.006547888229 0.1154570884 0.005)
            (-0.006579746043 0.115939505 0.005)
            (-0.006612029717 0.1164283702 0.005)
            (-0.006644744946 0.1169237705 0.005)
            (-0.006677897496 0.117425793 0.005)
            (-0.006711493215 0.1179345264 0.005)
            (-0.006745538026 0.1184500602 0.005)
            (-0.006780037933 0.1189724856 0.005)
            (-0.00681499902 0.1195018944 0.005)
            (-0.006850427449 0.1200383801 0.005)
            (-0.006886329471 0.1205820373 0.005)
            (-0.006922711414 0.1211329619 0.005)
            (-0.006959579695 0.121691251 0.005)
            (-0.006996940814 0.1222570031 0.005)
            (-0.007034801359 0.1228303179 0.005)
            (-0.007073168008 0.1234112964 0.005)
            (-0.007112047525 0.1240000413 0.005)
            (-0.007151446765 0.1245966562 0.005)
            (-0.007191372677 0.1252012464 0.005)
            (-0.0072318323 0.1258139186 0.005)
            (-0.007272832769 0.1264347806 0.005)
            (-0.007314381314 0.127063942 0.005)
            (-0.007356485261 0.1277015137 0.005)
            (-0.007399152035 0.1283476083 0.005)
            (-0.007442389158 0.1290023396 0.005)
            (-0.007486204256 0.129665823 0.005)
            (-0.007530605055 0.1303381755 0.005)
            (-0.007575599383 0.1310195157 0.005)
            (-0.007621195175 0.1317099638 0.005)
            (-0.007667400471 0.1324096415 0.005)
            (-0.007714223419 0.1331186722 0.005)
            (-0.007761672274 0.1338371808 0.005)
            (-0.007809755405 0.1345652942 0.005)
            (-0.007858481289 0.1353031407 0.005)
            (-0.007907858519 0.1360508503 0.005)
            (-0.007957895801 0.136808555 0.005)
            (-0.008008601959 0.1375763883 0.005)
            (-0.008059985934 0.1383544857 0.005)
            (-0.008112056786 0.1391429844 0.005)
            (-0.008164823698 0.1399420233 0.005)
            (-0.008218295975 0.1407517435 0.005)
            (-0.008272483046 0.1415722876 0.005)
            (-0.008327394464 0.1424038004 0.005)
            (-0.008383039913 0.1432464284 0.005)
            (-0.008439429205 0.1441003203 0.005)
            (-0.008496572284 0.1449656267 0.005)
            (-0.008554479225 0.1458425001 0.005)
            (-0.008613160242 0.1467310952 0.005)
            (-0.008672625678 0.1476315686 0.005)
            (-0.008732886023 0.1485440791 0.005)
            (-0.0087939519 0.1494687876 0.005)
            (-0.008855834078 0.1504058573 0.005)
            (-0.008918543469 0.1513554532 0.005)
            (-0.008982091131 0.152317743 0.005)
            (-0.00904648827 0.1532928961 0.005)
            (-0.00911174624 0.1542810847 0.005)
            (-0.009177876549 0.1552824829 0.005)
            (-0.009244890859 0.1562972674 0.005)
            (-0.009312800986 0.157325617 0.005)
            (-0.009381618904 0.1583677132 0.005)
            (-0.009451356748 0.1594237397 0.005)
            (-0.009522026818 0.1604938826 0.005)
            (-0.009593641573 0.1615783307 0.005)
            (-0.009666213641 0.1626772752 0.005)
            (-0.009739755821 0.1637909099 0.005)
            (-0.009814281078 0.1649194312 0.005)
            (-0.009889802555 0.1660630381 0.005)
            (-0.009966333571 0.1672219321 0.005)
            (-0.01004388762 0.1683963177 0.005)
            (-0.01012247838 0.1695864021 0.005)
            (-0.0102021197 0.1707923949 0.005)
            (-0.01028282562 0.1720145088 0.005)
            (-0.01036461039 0.1732529595 0.005)
            (-0.01044748843 0.1745079651 0.005)
            (-0.01053147433 0.1757797471 0.005)
            (-0.01061658292 0.1770685298 0.005)
            (-0.01070282921 0.1783745403 0.005)
            (-0.0107902284 0.179698009 0.005)
            (-0.01087879589 0.1810391692 0.005)
            (-0.01096854733 0.1823982574 0.005)
            (-0.01105949852 0.1837755133 0.005)
            (-0.0111516655 0.1851711797 0.005)
            (-0.01124506452 0.1865855029 0.005)
            (-0.01133971207 0.1880187319 0.005)
            (-0.01143562482 0.1894711198 0.005)
            (-0.01153281969 0.1909429225 0.005)
            (-0.01163131382 0.1924343997 0.005)
            (-0.01173112457 0.1939458142 0.005)
            (-0.01183226954 0.1954774326 0.005)
            (-0.01193476658 0.197029525 0.005)
            (-0.01203863375 0.1986023651 0.005)
            (-0.01214388937 0.2001962301 0.005)
            (-0.01225055199 0.2018114013 0.005)
            (-0.01235864044 0.2034481633 0.005)
            (-0.01246817376 0.2051068049 0.005)
            (-0.01257917128 0.2067876183 0.005)
            (-0.01269165256 0.2084909002 0.005)
            (-0.01280563744 0.2102169507 0.005)
            (-0.01292114602 0.2119660744 0.005)
            (-0.01303819867 0.2137385796 0.005)
            (-0.01315681602 0.2155347787 0.005)
            (-0.013277019 0.2173549887 0.005)
            (-0.01339882879 0.2191995303 0.005)
            (-0.01352226688 0.221068729 0.005)
            (-0.01364735503 0.2229629143 0.005)
            (-0.01377411532 0.2248824202 0.005)
            (-0.01390257007 0.2268275852 0.005)
            (-0.01403274194 0.2287987523 0.005)
            (-0.0141646539 0.2307962691 0.005)
            (-0.0142983292 0.2328204877 0.005)
            (-0.0144337914 0.2348717652 0.005)
            (-0.01457106441 0.2369504632 0.005)
            (-0.01471017242 0.2390569484 0.005)
            (-0.01485113996 0.2411915921 0.005)
            (-0.01499399189 0.2433547707 0.005)
            (-0.0151387534 0.2455468657 0.005)
            (-0.01528545002 0.2477682637 0.005)
            (-0.01543410762 0.2500193563 0.005)
            (-0.0155847524 0.2523005405 0.005)
            (-0.01573741093 0.2546122185 0.005)
            (-0.01589211013 0.256954798 0.005)
            (-0.01604887728 0.2593286921 0.005)
            (-0.01620774002 0.2617343194 0.005)
            (-0.01636872637 0.2641721039 0.005)
            (-0.01653186471 0.2666424755 0.005)
            (-0.01669718381 0.2691458701 0.005)
            (-0.01686471282 0.2716827289 0.005)
            (-0.01703448128 0.2742534993 0.005)
            (-0.01720651914 0.2768586346 0.005)
            (-0.01738085671 0.2794985942 0.005)
            (-0.01755752476 0.2821738435 0.005)
            (-0.01773655442 0.2848848543 0.005)
            (-0.01791797727 0.2876321048 0.005)
            (-0.0181018253 0.2904160792 0.005)
            (-0.01828813092 0.2932372685 0.005)
            (-0.01847692699 0.2960961703 0.005)
            (-0.01866824681 0.2989932885 0.005)
            (-0.0188621241 0.3019291341 0.005)
            (-0.01905859305 0.3049042248 0.005)
            (-0.01925768832 0.3079190851 0.005)
            (-0.019459445 0.3109742467 0.005)
            (-0.01966389867 0.3140702483 0.005)
            (-0.01987108539 0.3172076359 0.005)
            (-0.02008104168 0.3203869627 0.005)
            (-0.02029380458 0.3236087893 0.005)
            (-0.02050941159 0.3268736837 0.005)
            (-0.02072790074 0.3301822219 0.005)
            (-0.02094931056 0.3335349871 0.005)
            (-0.02117368008 0.3369325705 0.005)
            (-0.02140104887 0.3403755713 0.005)
            (-0.02163145702 0.3438645965 0.005)
            (-0.02186494517 0.3474002615 0.005)
            (-0.02210155449 0.3509831896 0.005)
            (-0.02234132668 0.3546140127 0.005)
            (-0.02258430405 0.3582933711 0.005)
            (-0.0228296023 0.3620078743 0.005)
            (-0.02307560823 0.3657330936 0.005)
            (-0.02332161417 0.3694583129 0.005)
            (-0.02356762009 0.3731835321 0.005)
            (-0.02381362602 0.3769087515 0.005)
            (-0.02405963196 0.3806339707 0.005)
            (-0.02430563789 0.38435919 0.005)
            (-0.02455164383 0.3880844093 0.005)
            (-0.02479764975 0.3918096286 0.005)
            (-0.02504365568 0.3955348479 0.005)
            (-0.02528966162 0.3992600673 0.005)
            (-0.02553566754 0.4029852865 0.005)
            (-0.02578167347 0.4067105059 0.005)
            (-0.02602767941 0.4104357251 0.005)
            (-0.02627368533 0.4141609445 0.005)
            (-0.02651969126 0.4178861638 0.005)
            (-0.0267656972 0.4216113831 0.005)
            (-0.02701170313 0.4253366025 0.005)
            (-0.02725770906 0.4290618218 0.005)
            (-0.027503715 0.432787041 0.005)
            (-0.02774972092 0.4365122604 0.005)
            (-0.02799572685 0.4402374796 0.005)
            (-0.02824173279 0.4439626989 0.005)
            (-0.02848773871 0.4476879183 0.005)
            (-0.02873374464 0.4514131376 0.005)
            (-0.02897975058 0.4551383569 0.005)
            (-0.02922575651 0.4588635762 0.005)
            (-0.02947176243 0.4625887954 0.005)
            (-0.02971776837 0.4663140148 0.005)
            (-0.0299637743 0.4700392341 0.005)
            (-0.03020978022 0.4737644534 0.005)
            (-0.03045578616 0.4774896727 0.005)
            (-0.03070179209 0.481214892 0.005)
            (-0.03094779803 0.4849401113 0.005)
            (-0.03119380396 0.4886653305 0.005)
            (-0.03143980989 0.4923905498 0.005)
            (-0.03168581581 0.4961157691 0.005)
            (-0.03193182174 0.4998409884 0.005)
            (-0.03217782767 0.5035662077 0.005)
            (-0.03242383361 0.507291427 0.005)
            (-0.03266983954 0.5110166463 0.005)
            (-0.03291584546 0.5147418656 0.005)
            (-0.03316185139 0.5184670849 0.005)
            (-0.03340785733 0.5221923043 0.005)
            (-0.03365386327 0.5259175236 0.005)
            (-0.0338998692 0.5296427429 0.005)
            (-0.03414587513 0.5333679623 0.005)
            (-0.03439188106 0.5370931815 0.005)
            (-0.03463788698 0.5408184008 0.005)
            (-0.03488389291 0.5445436202 0.005)
            (-0.03512989885 0.5482688394 0.005)
            (-0.03537590478 0.5519940587 0.005)
            (-0.03562191071 0.555719278 0.005)
            (-0.03586791664 0.5594444973 0.005)
            (-0.03611392256 0.5631697166 0.005)
            (-0.03635992849 0.5668949359 0.005)
            (-0.03660593443 0.5706201553 0.005)
            (-0.03685194037 0.5743453746 0.005)
            (-0.0370979463 0.5780705938 0.005)
            (-0.03734395222 0.5817958132 0.005)
            (-0.03758995815 0.5855210324 0.005)
            (-0.03783596408 0.5892462518 0.005)
            (-0.03808197002 0.5929714711 0.005)
            (-0.03832797595 0.5966966903 0.005)
            (-0.03857398188 0.6004219096 0.005)
            (-0.0388199878 0.604147129 0.005)
            (-0.03906599373 0.6078723482 0.005)
            (-0.03931199966 0.6115975675 0.005)
            (-0.0395580056 0.6153227868 0.005)
            (-0.03980401154 0.6190480061 0.005)
            (-0.04005001747 0.6227732254 0.005)
            (-0.04029602339 0.6264984447 0.005)
            (-0.04054202932 0.6302236641 0.005)
            (-0.04078803526 0.6339488835 0.005)
            (-0.04103404119 0.6376741027 0.005)
            (-0.0228296023 0.3620078743 0.005)
            (-0.02307560823 0.3657330936 0.005)
            (-0.02332161417 0.3694583129 0.005)
            (-0.02356762009 0.3731835321 0.005)
            (-0.02381362602 0.3769087515 0.005)
            (-0.02405963196 0.3806339707 0.005)
            (-0.02430563789 0.38435919 0.005)
            (-0.02455164383 0.3880844093 0.005)
            (-0.02479764975 0.3918096286 0.005)
            (-0.02504365568 0.3955348479 0.005)
            (-0.02528966162 0.3992600673 0.005)
            (-0.02553566754 0.4029852865 0.005)
            (-0.02578167347 0.4067105059 0.005)
            (-0.02602767941 0.4104357251 0.005)
            (-0.02627368533 0.4141609445 0.005)
            (-0.02651969126 0.4178861638 0.005)
            (-0.0267656972 0.4216113831 0.005)
            (-0.02701170313 0.4253366025 0.005)
            (-0.02725770906 0.4290618218 0.005)
            (-0.027503715 0.432787041 0.005)
            (-0.02774972092 0.4365122604 0.005)
            (-0.02799572685 0.4402374796 0.005)
            (-0.02824173279 0.4439626989 0.005)
            (-0.02848773871 0.4476879183 0.005)
            (-0.02873374464 0.4514131376 0.005)
            (-0.02897975058 0.4551383569 0.005)
            (-0.02922575651 0.4588635762 0.005)
            (-0.02947176243 0.4625887954 0.005)
            (-0.02971776837 0.4663140148 0.005)
            (-0.0299637743 0.4700392341 0.005)
            (-0.03020978022 0.4737644534 0.005)
            (-0.03045578616 0.4774896727 0.005)
            (-0.03070179209 0.481214892 0.005)
            (-0.03094779803 0.4849401113 0.005)
            (-0.03119380396 0.4886653305 0.005)
            (-0.03143980989 0.4923905498 0.005)
            (-0.03168581581 0.4961157691 0.005)
            (-0.03193182174 0.4998409884 0.005)
            (-0.03217782767 0.5035662077 0.005)
            (-0.03242383361 0.507291427 0.005)
            (-0.03266983954 0.5110166463 0.005)
            (-0.03291584546 0.5147418656 0.005)
            (-0.03316185139 0.5184670849 0.005)
            (-0.03340785733 0.5221923043 0.005)
            (-0.03365386327 0.5259175236 0.005)
            (-0.0338998692 0.5296427429 0.005)
            (-0.03414587513 0.5333679623 0.005)
            (-0.03439188106 0.5370931815 0.005)
            (-0.03463788698 0.5408184008 0.005)
            (-0.03488389291 0.5445436202 0.005)
            (-0.03512989885 0.5482688394 0.005)
            (-0.03537590478 0.5519940587 0.005)
            (-0.03562191071 0.555719278 0.005)
            (-0.03586791664 0.5594444973 0.005)
            (-0.03611392256 0.5631697166 0.005)
            (-0.03635992849 0.5668949359 0.005)
            (-0.03660593443 0.5706201553 0.005)
            (-0.03685194037 0.5743453746 0.005)
            (-0.0370979463 0.5780705938 0.005)
            (-0.03734395222 0.5817958132 0.005)
            (-0.03758995815 0.5855210324 0.005)
            (-0.03783596408 0.5892462518 0.005)
            (-0.03808197002 0.5929714711 0.005)
            (-0.03832797595 0.5966966903 0.005)
            (-0.03857398188 0.6004219096 0.005)
            (-0.0388199878 0.604147129 0.005)
            (-0.03906599373 0.6078723482 0.005)
            (-0.03931199966 0.6115975675 0.005)
            (-0.0395580056 0.6153227868 0.005)
            (-0.03980401154 0.6190480061 0.005)
            (-0.04005001747 0.6227732254 0.005)
            (-0.04029602339 0.6264984447 0.005)
            (-0.04054202932 0.6302236641 0.005)
            (-0.04078803526 0.6339488835 0.005)
            (-0.04103404119 0.6376741027 0.005)
        );
    }
    pressureOutletProbes
    {
        type    cloud;
        axis    xyz;
        points
        (
            (-0.3755363142 -0.05674255038 0.005)
            (-0.3755399757 -0.0567608714 0.005)
            (-0.3755436863 -0.05677943732 0.005)
            (-0.3755474463 -0.05679825142 0.005)
            (-0.3755512566 -0.05681731702 0.005)
            (-0.375555118 -0.05683663748 0.005)
            (-0.3755590308 -0.05685621621 0.005)
            (-0.3755629961 -0.05687605665 0.005)
            (-0.3755670143 -0.05689616231 0.005)
            (-0.3755710862 -0.05691653674 0.005)
            (-0.3755752125 -0.05693718352 0.005)
            (-0.3755793941 -0.05695810631 0.005)
            (-0.3755836314 -0.05697930878 0.005)
            (-0.3755879255 -0.05700079466 0.005)
            (-0.3755922769 -0.05702256778 0.005)
            (-0.3755966866 -0.05704463194 0.005)
            (-0.3756011551 -0.05706699104 0.005)
            (-0.3756056834 -0.05708964902 0.005)
            (-0.3756102722 -0.05711260989 0.005)
            (-0.3756149224 -0.05713587769 0.005)
            (-0.3756196348 -0.05715945653 0.005)
            (-0.3756244101 -0.05718335055 0.005)
            (-0.3756292493 -0.05720756399 0.005)
            (-0.3756341531 -0.05723210109 0.005)
            (-0.3756391225 -0.0572569662 0.005)
            (-0.3756441583 -0.05728216369 0.005)
            (-0.3756492615 -0.05730769801 0.005)
            (-0.3756544328 -0.05733357365 0.005)
            (-0.3756596734 -0.0573597952 0.005)
            (-0.3756649839 -0.05738636727 0.005)
            (-0.3756703654 -0.05741329453 0.005)
            (-0.375675819 -0.05744058175 0.005)
            (-0.3756813453 -0.05746823373 0.005)
            (-0.3756869455 -0.05749625535 0.005)
            (-0.3756926206 -0.05752465155 0.005)
            (-0.3756983716 -0.05755342734 0.005)
            (-0.3757041994 -0.05758258779 0.005)
            (-0.3757101052 -0.05761213804 0.005)
            (-0.3757160899 -0.05764208331 0.005)
            (-0.3757221546 -0.05767242887 0.005)
            (-0.3757283004 -0.05770318008 0.005)
            (-0.3757345283 -0.05773434236 0.005)
            (-0.3757408395 -0.0577659212 0.005)
            (-0.375747235 -0.05779792217 0.005)
            (-0.3757537161 -0.05783035092 0.005)
            (-0.3757602837 -0.05786321316 0.005)
            (-0.3757669391 -0.05789651468 0.005)
            (-0.3757736836 -0.05793026137 0.005)
            (-0.3757805182 -0.05796445916 0.005)
            (-0.3757874441 -0.0579991141 0.005)
            (-0.3757944626 -0.05803423229 0.005)
            (-0.375801575 -0.05806981993 0.005)
            (-0.3758087825 -0.05810588327 0.005)
            (-0.3758160862 -0.0581424287 0.005)
            (-0.3758234876 -0.05817946266 0.005)
            (-0.375830988 -0.05821699167 0.005)
            (-0.3758385886 -0.05825502235 0.005)
            (-0.3758462907 -0.0582935614 0.005)
            (-0.3758540959 -0.05833261563 0.005)
            (-0.3758620054 -0.05837219191 0.005)
            (-0.3758700206 -0.05841229724 0.005)
            (-0.3758781431 -0.05845293867 0.005)
            (-0.375886374 -0.05849412339 0.005)
            (-0.3758947149 -0.05853585863 0.005)
            (-0.3759031674 -0.05857815178 0.005)
            (-0.3759117329 -0.05862101028 0.005)
            (-0.3759204128 -0.0586644417 0.005)
            (-0.3759292088 -0.05870845369 0.005)
            (-0.3759381224 -0.05875305401 0.005)
            (-0.3759471551 -0.05879825052 0.005)
            (-0.3759563086 -0.05884405121 0.005)
            (-0.3759655844 -0.05889046414 0.005)
            (-0.3759749843 -0.05893749749 0.005)
            (-0.3759845097 -0.05898515957 0.005)
            (-0.3759941625 -0.05903345876 0.005)
            (-0.3760039444 -0.05908240361 0.005)
            (-0.376013857 -0.05913200272 0.005)
            (-0.3760239021 -0.05918226485 0.005)
            (-0.3760340815 -0.05923319887 0.005)
            (-0.376044397 -0.05928481374 0.005)
            (-0.3760548503 -0.05933711859 0.005)
            (-0.3760654434 -0.05939012261 0.005)
            (-0.3760761782 -0.05944383517 0.005)
            (-0.3760870564 -0.05949826574 0.005)
            (-0.37609808 -0.05955342392 0.005)
            (-0.376109251 -0.05960931942 0.005)
            (-0.3761205712 -0.0596659621 0.005)
            (-0.3761320429 -0.05972336196 0.005)
            (-0.3761436678 -0.05978152911 0.005)
            (-0.3761554482 -0.05984047382 0.005)
            (-0.376167386 -0.05990020648 0.005)
            (-0.3761794834 -0.05996073761 0.005)
            (-0.3761917425 -0.06002207789 0.005)
            (-0.3762041656 -0.06008423815 0.005)
            (-0.3762167547 -0.06014722933 0.005)
            (-0.376229512 -0.06021106256 0.005)
            (-0.3762424399 -0.06027574908 0.005)
            (-0.3762555406 -0.06034130029 0.005)
            (-0.3762688164 -0.06040772777 0.005)
            (-0.3762822697 -0.06047504321 0.005)
            (-0.3762959028 -0.06054325851 0.005)
            (-0.3763097183 -0.06061238567 0.005)
            (-0.3763237183 -0.06068243689 0.005)
            (-0.3763379055 -0.06075342452 0.005)
            (-0.3763522823 -0.0608253611 0.005)
            (-0.3763668514 -0.06089825928 0.005)
            (-0.3763816152 -0.06097213193 0.005)
            (-0.3763965763 -0.06104699208 0.005)
            (-0.3764117374 -0.06112285292 0.005)
            (-0.3764271012 -0.06119972784 0.005)
            (-0.3764426704 -0.06127763039 0.005)
            (-0.3764584477 -0.0613565743 0.005)
            (-0.3764744359 -0.0614365735 0.005)
            (-0.3764906379 -0.06151764209 0.005)
            (-0.3765070564 -0.06159979438 0.005)
            (-0.3765236943 -0.06168304483 0.005)
            (-0.3765405547 -0.06176740814 0.005)
            (-0.3765576405 -0.06185289919 0.005)
            (-0.3765749547 -0.06193953303 0.005)
            (-0.3765925003 -0.06202732496 0.005)
            (-0.3766102804 -0.06211629046 0.005)
            (-0.3766282982 -0.0622064452 0.005)
            (-0.3766465569 -0.06229780509 0.005)
            (-0.3766650597 -0.06239038624 0.005)
            (-0.3766838098 -0.06248420496 0.005)
            (-0.3767028105 -0.06257927782 0.005)
            (-0.3767220653 -0.06267562157 0.005)
            (-0.3767415774 -0.0627732532 0.005)
            (-0.3767613503 -0.06287218992 0.005)
            (-0.3767813876 -0.06297244919 0.005)
            (-0.3768016927 -0.06307404867 0.005)
            (-0.3768222692 -0.0631770063 0.005)
            (-0.3768431209 -0.06328134021 0.005)
            (-0.3768642512 -0.06338706881 0.005)
            (-0.376885664 -0.06349421075 0.005)
            (-0.376907363 -0.0636027849 0.005)
            (-0.3769293522 -0.06371281043 0.005)
            (-0.3769516352 -0.06382430673 0.005)
            (-0.3769742161 -0.06393729346 0.005)
            (-0.3769970988 -0.06405179055 0.005)
            (-0.3770202875 -0.06416781819 0.005)
            (-0.3770437861 -0.06428539683 0.005)
            (-0.3770675988 -0.0644045472 0.005)
            (-0.3770917299 -0.06452529033 0.005)
            (-0.3771161835 -0.06464764749 0.005)
            (-0.377140964 -0.06477164027 0.005)
            (-0.3771660759 -0.06489729053 0.005)
            (-0.3771915233 -0.06502462042 0.005)
            (-0.3772173109 -0.06515365241 0.005)
            (-0.3772434433 -0.06528440924 0.005)
            (-0.377269925 -0.06541691396 0.005)
            (-0.3772967606 -0.06555118994 0.005)
            (-0.377323955 -0.06568726087 0.005)
            (-0.3773515129 -0.06582515073 0.005)
            (-0.3773794392 -0.06596488384 0.005)
            (-0.3774077387 -0.06610648484 0.005)
            (-0.3774364166 -0.0662499787 0.005)
            (-0.3774654779 -0.06639539072 0.005)
            (-0.3774949277 -0.06654274654 0.005)
            (-0.3775247711 -0.06669207215 0.005)
            (-0.3775550134 -0.06684339387 0.005)
            (-0.37758566 -0.0669967384 0.005)
            (-0.3776167163 -0.06715213276 0.005)
            (-0.3776481877 -0.06730960437 0.005)
            (-0.3776800798 -0.06746918099 0.005)
            (-0.3777123982 -0.06763089075 0.005)
            (-0.3777451486 -0.06779476218 0.005)
            (-0.3777783369 -0.06796082417 0.005)
            (-0.3778119688 -0.068129106 0.005)
            (-0.3778460502 -0.06829963734 0.005)
            (-0.3778805873 -0.06847244828 0.005)
            (-0.377915586 -0.06864756926 0.005)
            (-0.3779510525 -0.06882503119 0.005)
            (-0.3779869932 -0.06900486534 0.005)
            (-0.3780234143 -0.06918710345 0.005)
            (-0.3780603223 -0.06937177762 0.005)
            (-0.3780977236 -0.06955892044 0.005)
            (-0.3781356249 -0.0697485649 0.005)
            (-0.3781740329 -0.06994074444 0.005)
            (-0.3782129542 -0.07013549295 0.005)
            (-0.3782523959 -0.07033284476 0.005)
            (-0.3782923647 -0.07053283469 0.005)
            (-0.3783328679 -0.070735498 0.005)
            (-0.3783739126 -0.07094087041 0.005)
            (-0.3784155058 -0.07114898815 0.005)
            (-0.3784576551 -0.07135988792 0.005)
            (-0.3785003678 -0.0715736069 0.005)
            (-0.3785436515 -0.07179018278 0.005)
            (-0.3785875137 -0.07200965374 0.005)
            (-0.3786319623 -0.07223205849 0.005)
            (-0.3786770051 -0.07245743625 0.005)
            (-0.37872265 -0.07268582676 0.005)
            (-0.378768905 -0.07291727029 0.005)
            (-0.3788157784 -0.07315180765 0.005)
            (-0.3788632782 -0.0733894802 0.005)
            (-0.3789114131 -0.07363032985 0.005)
            (-0.3789601915 -0.07387439907 0.005)
            (-0.3790096219 -0.0741217309 0.005)
            (-0.379059713 -0.07437236895 0.005)
            (-0.3791104737 -0.07462635741 0.005)
            (-0.3791619131 -0.07488374107 0.005)
            (-0.37921404 -0.07514456532 0.005)
            (-0.3792668637 -0.07540887616 0.005)
            (-0.3793203935 -0.07567672019 0.005)
            (-0.3793746389 -0.07594814462 0.005)
            (-0.3794296095 -0.07622319734 0.005)
            (-0.3794853148 -0.07650192685 0.005)
            (-0.3795417648 -0.07678438228 0.005)
            (-0.3795989694 -0.07707061344 0.005)
            (-0.3796569387 -0.07736067082 0.005)
            (-0.3797156828 -0.07765460556 0.005)
            (-0.3797752122 -0.07795246948 0.005)
            (-0.3798355375 -0.0782543151 0.005)
            (-0.3798966691 -0.07856019567 0.005)
            (-0.3799586179 -0.07887016511 0.005)
            (-0.3800213947 -0.07918427808 0.005)
            (-0.3800850109 -0.07950258997 0.005)
            (-0.3801494774 -0.0798251569 0.005)
            (-0.3802148055 -0.08015203577 0.005)
            (-0.3802810071 -0.08048328422 0.005)
            (-0.3803480935 -0.08081896063 0.005)
            (-0.3804160767 -0.08115912422 0.005)
            (-0.3804849687 -0.08150383496 0.005)
            (-0.3805547816 -0.08185315365 0.005)
            (-0.3806255278 -0.08220714186 0.005)
            (-0.3806972196 -0.08256586202 0.005)
            (-0.3807698698 -0.0829293774 0.005)
            (-0.3808434911 -0.08329775208 0.005)
            (-0.3809180966 -0.08367105104 0.005)
            (-0.3809936994 -0.08404934009 0.005)
            (-0.3810703128 -0.08443268593 0.005)
            (-0.3811479503 -0.08482115616 0.005)
            (-0.3812266256 -0.08521481929 0.005)
            (-0.3813063527 -0.08561374473 0.005)
            (-0.3813871455 -0.08601800283 0.005)
            (-0.3814690183 -0.08642766487 0.005)
            (-0.3815519856 -0.08684280308 0.005)
            (-0.3816360619 -0.08726349067 0.005)
            (-0.3817212622 -0.08768980182 0.005)
            (-0.3818076013 -0.08812181171 0.005)
            (-0.3818950945 -0.08855959652 0.005)
            (-0.3819837574 -0.08900323343 0.005)
            (-0.3820736054 -0.08945280068 0.005)
            (-0.3821646545 -0.08990837754 0.005)
            (-0.3822569207 -0.09037004435 0.005)
            (-0.3823504202 -0.09083788251 0.005)
            (-0.3824451696 -0.09131197452 0.005)
            (-0.3825411857 -0.09179240398 0.005)
            (-0.3826384851 -0.0922792556 0.005)
            (-0.3827370853 -0.09277261523 0.005)
            (-0.3828370035 -0.09327256988 0.005)
            (-0.3829382573 -0.09377920769 0.005)
            (-0.3830408647 -0.094292618 0.005)
            (-0.3831448437 -0.09481289135 0.005)
            (-0.3832502127 -0.09534011948 0.005)
            (-0.3833569901 -0.09587439537 0.005)
            (-0.3834651949 -0.09641581321 0.005)
            (-0.3835748461 -0.09696446848 0.005)
            (-0.3836859631 -0.09752045792 0.005)
            (-0.3837985655 -0.09808387958 0.005)
            (-0.3839126731 -0.09865483281 0.005)
            (-0.384028306 -0.09923341827 0.005)
            (-0.3841454846 -0.09981973802 0.005)
            (-0.3842642296 -0.1004138954 0.005)
            (-0.384384562 -0.1010159952 0.005)
            (-0.3845065029 -0.1016261437 0.005)
            (-0.3846300739 -0.1022444483 0.005)
            (-0.3847552967 -0.1028710181 0.005)
            (-0.3848821935 -0.1035059636 0.005)
            (-0.3850107865 -0.1041493968 0.005)
            (-0.3851410985 -0.1048014312 0.005)
            (-0.3852731524 -0.1054621816 0.005)
            (-0.3854069716 -0.1061317646 0.005)
            (-0.3855425797 -0.1068102983 0.005)
            (-0.3856800005 -0.1074979023 0.005)
            (-0.3858192582 -0.108194698 0.005)
            (-0.3859603775 -0.1089008081 0.005)
            (-0.3861033832 -0.1096163571 0.005)
            (-0.3862483005 -0.1103414713 0.005)
            (-0.386395155 -0.1110762785 0.005)
            (-0.3865439727 -0.1118209082 0.005)
            (-0.3866947796 -0.1125754918 0.005)
            (-0.3868476024 -0.1133401623 0.005)
            (-0.3870024682 -0.1141150547 0.005)
            (-0.3871594041 -0.1149003054 0.005)
            (-0.3873184378 -0.115696053 0.005)
            (-0.3874795975 -0.1165024379 0.005)
            (-0.3876429114 -0.117319602 0.005)
            (-0.3878084085 -0.1181476897 0.005)
            (-0.3879761178 -0.1189868469 0.005)
            (-0.3881460691 -0.1198372215 0.005)
            (-0.3883182922 -0.1206989636 0.005)
            (-0.3884928174 -0.121572225 0.005)
            (-0.3886696756 -0.1224571598 0.005)
            (-0.3888488979 -0.1233539241 0.005)
            (-0.3890305161 -0.1242626759 0.005)
            (-0.3892145621 -0.1251835754 0.005)
            (-0.3894010682 -0.1261167851 0.005)
            (-0.3895900675 -0.1270624696 0.005)
            (-0.3897815933 -0.1280207955 0.005)
            (-0.3899756793 -0.1289919319 0.005)
            (-0.3901723597 -0.12997605 0.005)
            (-0.3903716693 -0.1309733234 0.005)
            (-0.3905736431 -0.1319839278 0.005)
            (-0.3907783169 -0.1330080416 0.005)
            (-0.3909857267 -0.1340458452 0.005)
            (-0.391195909 -0.1350975217 0.005)
            (-0.3914089009 -0.1361632566 0.005)
            (-0.39162474 -0.1372432377 0.005)
            (-0.3918434643 -0.1383376555 0.005)
            (-0.3920651125 -0.1394467031 0.005)
            (-0.3922897236 -0.1405705758 0.005)
            (-0.3925173371 -0.141709472 0.005)
            (-0.3927479933 -0.1428635925 0.005)
            (-0.3929817327 -0.1440331407 0.005)
            (-0.3932185968 -0.1452183228 0.005)
            (-0.3934586271 -0.1464193481 0.005)
            (-0.393701866 -0.147636428 0.005)
            (-0.3939483564 -0.1488697773 0.005)
            (-0.3941981418 -0.1501196134 0.005)
            (-0.3944512662 -0.1513861569 0.005)
            (-0.3947077743 -0.1526696309 0.005)
            (-0.3949677113 -0.1539702618 0.005)
            (-0.395231123 -0.1552882789 0.005)
            (-0.3954980558 -0.1566239146 0.005)
            (-0.3957685569 -0.1579774046 0.005)
            (-0.3960426739 -0.1593489874 0.005)
            (-0.3963204552 -0.1607389049 0.005)
            (-0.3966019498 -0.1621474023 0.005)
            (-0.3968872072 -0.1635747277 0.005)
            (-0.3971762777 -0.165021133 0.005)
            (-0.3974692126 -0.1664868732 0.005)
            (-0.3977660632 -0.1679722067 0.005)
            (-0.398066882 -0.1694773955 0.005)
            (-0.3983717219 -0.171002705 0.005)
            (-0.3986806369 -0.1725484042 0.005)
            (-0.3989936813 -0.1741147655 0.005)
            (-0.3993109103 -0.1757020653 0.005)
            (-0.3996323799 -0.1773105833 0.005)
            (-0.3999581468 -0.1789406034 0.005)
            (-0.4002882683 -0.1805924127 0.005)
            (-0.4006228028 -0.1822663027 0.005)
            (-0.4009618092 -0.1839625686 0.005)
            (-0.4013053472 -0.1856815093 0.005)
            (-0.4016534776 -0.1874234281 0.005)
            (-0.4020062616 -0.189188632 0.005)
            (-0.4023637614 -0.1909774324 0.005)
            (-0.4027260402 -0.1927901447 0.005)
            (-0.4030931616 -0.1946270885 0.005)
            (-0.4034651907 -0.1964885877 0.005)
            (-0.4038421928 -0.1983749706 0.005)
            (-0.4042242346 -0.2002865698 0.005)
            (-0.4046113832 -0.2022237225 0.005)
            (-0.4050037072 -0.2041867701 0.005)
            (-0.4054012755 -0.2061760588 0.005)
            (-0.4058041583 -0.2081919395 0.005)
            (-0.4062124268 -0.2102347675 0.005)
            (-0.4066261527 -0.2123049032 0.005)
            (-0.4070454091 -0.2144027114 0.005)
            (-0.4074702701 -0.2165285622 0.005)
            (-0.4079008103 -0.2186828304 0.005)
            (-0.4083371058 -0.220865896 0.005)
            (-0.4087792335 -0.2230781437 0.005)
            (-0.4092272713 -0.2253199638 0.005)
            (-0.4096812984 -0.2275917515 0.005)
            (-0.4101413946 -0.2298939074 0.005)
            (-0.4106076413 -0.2322268376 0.005)
            (-0.4110801204 -0.2345909533 0.005)
            (-0.4115589155 -0.2369866714 0.005)
            (-0.4120441109 -0.2394144144 0.005)
            (-0.4125357922 -0.2418746104 0.005)
            (-0.4130340461 -0.2443676932 0.005)
            (-0.4135389603 -0.2468941023 0.005)
            (-0.4140506241 -0.2494542834 0.005)
            (-0.4145691275 -0.2520486878 0.005)
            (-0.4150945621 -0.254677773 0.005)
            (-0.4156270204 -0.2573420027 0.005)
            (-0.4161665964 -0.2600418465 0.005)
            (-0.4167133852 -0.2627777807 0.005)
            (-0.4172674832 -0.2655502875 0.005)
            (-0.4178289881 -0.2683598561 0.005)
            (-0.418397999 -0.2712069816 0.005)
            (-0.4189746162 -0.2740921662 0.005)
            (-0.4195589413 -0.2770159187 0.005)
            (-0.4201510775 -0.2799787546 0.005)
            (-0.4207511291 -0.2829811964 0.005)
            (-0.4213592018 -0.2860237734 0.005)
            (-0.421975403 -0.2891070223 0.005)
            (-0.4225998413 -0.2922314865 0.005)
            (-0.4232326268 -0.2953977173 0.005)
            (-0.4238738711 -0.2986062728 0.005)
            (-0.4245236873 -0.3018577187 0.005)
            (-0.4251821899 -0.3051526286 0.005)
            (-0.4258494951 -0.3084915833 0.005)
            (-0.4265257205 -0.3118751717 0.005)
            (-0.4272109853 -0.3153039902 0.005)
            (-0.4279054105 -0.3187786438 0.005)
            (-0.4286091184 -0.322299745 0.005)
            (-0.4293222332 -0.3258679145 0.005)
            (-0.4300448807 -0.3294837818 0.005)
            (-0.3755363142 -0.05674255038 0.005)
            (-0.3755399757 -0.0567608714 0.005)
            (-0.3755436863 -0.05677943732 0.005)
            (-0.3755474463 -0.05679825142 0.005)
            (-0.3755512566 -0.05681731702 0.005)
            (-0.375555118 -0.05683663748 0.005)
            (-0.3755590308 -0.05685621621 0.005)
            (-0.3755629961 -0.05687605665 0.005)
            (-0.3755670143 -0.05689616231 0.005)
            (-0.3755710862 -0.05691653674 0.005)
            (-0.3755752125 -0.05693718352 0.005)
            (-0.3755793941 -0.05695810631 0.005)
            (-0.3755836314 -0.05697930878 0.005)
            (-0.3755879255 -0.05700079466 0.005)
            (-0.3755922769 -0.05702256778 0.005)
            (-0.3755966866 -0.05704463194 0.005)
            (-0.3756011551 -0.05706699104 0.005)
            (-0.3756056834 -0.05708964902 0.005)
            (-0.3756102722 -0.05711260989 0.005)
            (-0.3756149224 -0.05713587769 0.005)
            (-0.3756196348 -0.05715945653 0.005)
            (-0.3756244101 -0.05718335055 0.005)
            (-0.3756292493 -0.05720756399 0.005)
            (-0.3756341531 -0.05723210109 0.005)
            (-0.3756391225 -0.0572569662 0.005)
            (-0.3756441583 -0.05728216369 0.005)
            (-0.3756492615 -0.05730769801 0.005)
            (-0.3756544328 -0.05733357365 0.005)
            (-0.3756596734 -0.0573597952 0.005)
            (-0.3756649839 -0.05738636727 0.005)
            (-0.3756703654 -0.05741329453 0.005)
            (-0.375675819 -0.05744058175 0.005)
            (-0.3756813453 -0.05746823373 0.005)
            (-0.3756869455 -0.05749625535 0.005)
            (-0.3756926206 -0.05752465155 0.005)
            (-0.3756983716 -0.05755342734 0.005)
            (-0.3757041994 -0.05758258779 0.005)
            (-0.3757101052 -0.05761213804 0.005)
            (-0.3757160899 -0.05764208331 0.005)
            (-0.3757221546 -0.05767242887 0.005)
            (-0.3757283004 -0.05770318008 0.005)
            (-0.3757345283 -0.05773434236 0.005)
            (-0.3757408395 -0.0577659212 0.005)
            (-0.375747235 -0.05779792217 0.005)
            (-0.3757537161 -0.05783035092 0.005)
            (-0.3757602837 -0.05786321316 0.005)
            (-0.3757669391 -0.05789651468 0.005)
            (-0.3757736836 -0.05793026137 0.005)
            (-0.3757805182 -0.05796445916 0.005)
            (-0.3757874441 -0.0579991141 0.005)
            (-0.3757944626 -0.05803423229 0.005)
            (-0.375801575 -0.05806981993 0.005)
            (-0.3758087825 -0.05810588327 0.005)
            (-0.3758160862 -0.0581424287 0.005)
            (-0.3758234876 -0.05817946266 0.005)
            (-0.375830988 -0.05821699167 0.005)
            (-0.3758385886 -0.05825502235 0.005)
            (-0.3758462907 -0.0582935614 0.005)
            (-0.3758540959 -0.05833261563 0.005)
            (-0.3758620054 -0.05837219191 0.005)
            (-0.3758700206 -0.05841229724 0.005)
            (-0.3758781431 -0.05845293867 0.005)
            (-0.375886374 -0.05849412339 0.005)
            (-0.3758947149 -0.05853585863 0.005)
            (-0.3759031674 -0.05857815178 0.005)
            (-0.3759117329 -0.05862101028 0.005)
            (-0.3759204128 -0.0586644417 0.005)
            (-0.3759292088 -0.05870845369 0.005)
            (-0.3759381224 -0.05875305401 0.005)
            (-0.3759471551 -0.05879825052 0.005)
            (-0.3759563086 -0.05884405121 0.005)
            (-0.3759655844 -0.05889046414 0.005)
            (-0.3759749843 -0.05893749749 0.005)
            (-0.3759845097 -0.05898515957 0.005)
            (-0.3759941625 -0.05903345876 0.005)
            (-0.3760039444 -0.05908240361 0.005)
            (-0.376013857 -0.05913200272 0.005)
            (-0.3760239021 -0.05918226485 0.005)
            (-0.3760340815 -0.05923319887 0.005)
            (-0.376044397 -0.05928481374 0.005)
            (-0.3760548503 -0.05933711859 0.005)
            (-0.3760654434 -0.05939012261 0.005)
            (-0.3760761782 -0.05944383517 0.005)
            (-0.3760870564 -0.05949826574 0.005)
            (-0.37609808 -0.05955342392 0.005)
            (-0.376109251 -0.05960931942 0.005)
            (-0.3761205712 -0.0596659621 0.005)
            (-0.3761320429 -0.05972336196 0.005)
            (-0.3761436678 -0.05978152911 0.005)
            (-0.3761554482 -0.05984047382 0.005)
            (-0.376167386 -0.05990020648 0.005)
            (-0.3761794834 -0.05996073761 0.005)
            (-0.3761917425 -0.06002207789 0.005)
            (-0.3762041656 -0.06008423815 0.005)
            (-0.3762167547 -0.06014722933 0.005)
            (-0.376229512 -0.06021106256 0.005)
            (-0.3762424399 -0.06027574908 0.005)
            (-0.3762555406 -0.06034130029 0.005)
            (-0.3762688164 -0.06040772777 0.005)
            (-0.3762822697 -0.06047504321 0.005)
            (-0.3762959028 -0.06054325851 0.005)
            (-0.3763097183 -0.06061238567 0.005)
            (-0.3763237183 -0.06068243689 0.005)
            (-0.3763379055 -0.06075342452 0.005)
            (-0.3763522823 -0.0608253611 0.005)
            (-0.3763668514 -0.06089825928 0.005)
            (-0.3763816152 -0.06097213193 0.005)
            (-0.3763965763 -0.06104699208 0.005)
            (-0.3764117374 -0.06112285292 0.005)
            (-0.3764271012 -0.06119972784 0.005)
            (-0.3764426704 -0.06127763039 0.005)
            (-0.3764584477 -0.0613565743 0.005)
            (-0.3764744359 -0.0614365735 0.005)
            (-0.3764906379 -0.06151764209 0.005)
            (-0.3765070564 -0.06159979438 0.005)
            (-0.3765236943 -0.06168304483 0.005)
            (-0.3765405547 -0.06176740814 0.005)
            (-0.3765576405 -0.06185289919 0.005)
            (-0.3765749547 -0.06193953303 0.005)
            (-0.3765925003 -0.06202732496 0.005)
            (-0.3766102804 -0.06211629046 0.005)
            (-0.3766282982 -0.0622064452 0.005)
            (-0.3766465569 -0.06229780509 0.005)
            (-0.3766650597 -0.06239038624 0.005)
            (-0.3766838098 -0.06248420496 0.005)
            (-0.3767028105 -0.06257927782 0.005)
            (-0.3767220653 -0.06267562157 0.005)
            (-0.3767415774 -0.0627732532 0.005)
            (-0.3767613503 -0.06287218992 0.005)
            (-0.3767813876 -0.06297244919 0.005)
            (-0.3768016927 -0.06307404867 0.005)
            (-0.3768222692 -0.0631770063 0.005)
            (-0.3768431209 -0.06328134021 0.005)
            (-0.3768642512 -0.06338706881 0.005)
            (-0.376885664 -0.06349421075 0.005)
            (-0.376907363 -0.0636027849 0.005)
            (-0.3769293522 -0.06371281043 0.005)
            (-0.3769516352 -0.06382430673 0.005)
            (-0.3769742161 -0.06393729346 0.005)
            (-0.3769970988 -0.06405179055 0.005)
            (-0.3770202875 -0.06416781819 0.005)
            (-0.3770437861 -0.06428539683 0.005)
            (-0.3770675988 -0.0644045472 0.005)
            (-0.3770917299 -0.06452529033 0.005)
            (-0.3771161835 -0.06464764749 0.005)
            (-0.377140964 -0.06477164027 0.005)
            (-0.3771660759 -0.06489729053 0.005)
            (-0.3771915233 -0.06502462042 0.005)
            (-0.3772173109 -0.06515365241 0.005)
            (-0.3772434433 -0.06528440924 0.005)
            (-0.377269925 -0.06541691396 0.005)
            (-0.3772967606 -0.06555118994 0.005)
            (-0.377323955 -0.06568726087 0.005)
            (-0.3773515129 -0.06582515073 0.005)
            (-0.3773794392 -0.06596488384 0.005)
            (-0.3774077387 -0.06610648484 0.005)
            (-0.3774364166 -0.0662499787 0.005)
            (-0.3774654779 -0.06639539072 0.005)
            (-0.3774949277 -0.06654274654 0.005)
            (-0.3775247711 -0.06669207215 0.005)
            (-0.3775550134 -0.06684339387 0.005)
            (-0.37758566 -0.0669967384 0.005)
            (-0.3776167163 -0.06715213276 0.005)
            (-0.3776481877 -0.06730960437 0.005)
            (-0.3776800798 -0.06746918099 0.005)
            (-0.3777123982 -0.06763089075 0.005)
            (-0.3777451486 -0.06779476218 0.005)
            (-0.3777783369 -0.06796082417 0.005)
            (-0.3778119688 -0.068129106 0.005)
            (-0.3778460502 -0.06829963734 0.005)
            (-0.3778805873 -0.06847244828 0.005)
            (-0.377915586 -0.06864756926 0.005)
            (-0.3779510525 -0.06882503119 0.005)
            (-0.3779869932 -0.06900486534 0.005)
            (-0.3780234143 -0.06918710345 0.005)
            (-0.3780603223 -0.06937177762 0.005)
            (-0.3780977236 -0.06955892044 0.005)
            (-0.3781356249 -0.0697485649 0.005)
            (-0.3781740329 -0.06994074444 0.005)
            (-0.3782129542 -0.07013549295 0.005)
            (-0.3782523959 -0.07033284476 0.005)
            (-0.3782923647 -0.07053283469 0.005)
            (-0.3783328679 -0.070735498 0.005)
            (-0.3783739126 -0.07094087041 0.005)
            (-0.3784155058 -0.07114898815 0.005)
            (-0.3784576551 -0.07135988792 0.005)
            (-0.3785003678 -0.0715736069 0.005)
            (-0.3785436515 -0.07179018278 0.005)
            (-0.3785875137 -0.07200965374 0.005)
            (-0.3786319623 -0.07223205849 0.005)
            (-0.3786770051 -0.07245743625 0.005)
            (-0.37872265 -0.07268582676 0.005)
            (-0.378768905 -0.07291727029 0.005)
            (-0.3788157784 -0.07315180765 0.005)
            (-0.3788632782 -0.0733894802 0.005)
            (-0.3789114131 -0.07363032985 0.005)
            (-0.3789601915 -0.07387439907 0.005)
            (-0.3790096219 -0.0741217309 0.005)
            (-0.379059713 -0.07437236895 0.005)
            (-0.3791104737 -0.07462635741 0.005)
            (-0.3791619131 -0.07488374107 0.005)
            (-0.37921404 -0.07514456532 0.005)
            (-0.3792668637 -0.07540887616 0.005)
            (-0.3793203935 -0.07567672019 0.005)
            (-0.3793746389 -0.07594814462 0.005)
            (-0.3794296095 -0.07622319734 0.005)
            (-0.3794853148 -0.07650192685 0.005)
            (-0.3795417648 -0.07678438228 0.005)
            (-0.3795989694 -0.07707061344 0.005)
            (-0.3796569387 -0.07736067082 0.005)
            (-0.3797156828 -0.07765460556 0.005)
            (-0.3797752122 -0.07795246948 0.005)
            (-0.3798355375 -0.0782543151 0.005)
            (-0.3798966691 -0.07856019567 0.005)
            (-0.3799586179 -0.07887016511 0.005)
            (-0.3800213947 -0.07918427808 0.005)
            (-0.3800850109 -0.07950258997 0.005)
            (-0.3801494774 -0.0798251569 0.005)
            (-0.3802148055 -0.08015203577 0.005)
            (-0.3802810071 -0.08048328422 0.005)
            (-0.3803480935 -0.08081896063 0.005)
            (-0.3804160767 -0.08115912422 0.005)
            (-0.3804849687 -0.08150383496 0.005)
            (-0.3805547816 -0.08185315365 0.005)
            (-0.3806255278 -0.08220714186 0.005)
            (-0.3806972196 -0.08256586202 0.005)
            (-0.3807698698 -0.0829293774 0.005)
            (-0.3808434911 -0.08329775208 0.005)
            (-0.3809180966 -0.08367105104 0.005)
            (-0.3809936994 -0.08404934009 0.005)
            (-0.3810703128 -0.08443268593 0.005)
            (-0.3811479503 -0.08482115616 0.005)
            (-0.3812266256 -0.08521481929 0.005)
            (-0.3813063527 -0.08561374473 0.005)
            (-0.3813871455 -0.08601800283 0.005)
            (-0.3814690183 -0.08642766487 0.005)
            (-0.3815519856 -0.08684280308 0.005)
            (-0.3816360619 -0.08726349067 0.005)
            (-0.3817212622 -0.08768980182 0.005)
            (-0.3818076013 -0.08812181171 0.005)
            (-0.3818950945 -0.08855959652 0.005)
            (-0.3819837574 -0.08900323343 0.005)
            (-0.3820736054 -0.08945280068 0.005)
            (-0.3821646545 -0.08990837754 0.005)
            (-0.3822569207 -0.09037004435 0.005)
            (-0.3823504202 -0.09083788251 0.005)
            (-0.3824451696 -0.09131197452 0.005)
            (-0.3825411857 -0.09179240398 0.005)
            (-0.3826384851 -0.0922792556 0.005)
            (-0.3827370853 -0.09277261523 0.005)
            (-0.3828370035 -0.09327256988 0.005)
            (-0.3829382573 -0.09377920769 0.005)
            (-0.3830408647 -0.094292618 0.005)
            (-0.3831448437 -0.09481289135 0.005)
            (-0.3832502127 -0.09534011948 0.005)
            (-0.3833569901 -0.09587439537 0.005)
            (-0.3834651949 -0.09641581321 0.005)
            (-0.3835748461 -0.09696446848 0.005)
            (-0.3836859631 -0.09752045792 0.005)
            (-0.3837985655 -0.09808387958 0.005)
            (-0.3839126731 -0.09865483281 0.005)
            (-0.384028306 -0.09923341827 0.005)
            (-0.3841454846 -0.09981973802 0.005)
            (-0.3842642296 -0.1004138954 0.005)
            (-0.384384562 -0.1010159952 0.005)
            (-0.3845065029 -0.1016261437 0.005)
            (-0.3846300739 -0.1022444483 0.005)
            (-0.3847552967 -0.1028710181 0.005)
            (-0.3848821935 -0.1035059636 0.005)
            (-0.3850107865 -0.1041493968 0.005)
            (-0.3851410985 -0.1048014312 0.005)
            (-0.3852731524 -0.1054621816 0.005)
            (-0.3854069716 -0.1061317646 0.005)
            (-0.3855425797 -0.1068102983 0.005)
            (-0.3856800005 -0.1074979023 0.005)
            (-0.3858192582 -0.108194698 0.005)
            (-0.3859603775 -0.1089008081 0.005)
            (-0.3861033832 -0.1096163571 0.005)
            (-0.3862483005 -0.1103414713 0.005)
            (-0.386395155 -0.1110762785 0.005)
            (-0.3865439727 -0.1118209082 0.005)
            (-0.3866947796 -0.1125754918 0.005)
            (-0.3868476024 -0.1133401623 0.005)
            (-0.3870024682 -0.1141150547 0.005)
            (-0.3871594041 -0.1149003054 0.005)
            (-0.3873184378 -0.115696053 0.005)
            (-0.3874795975 -0.1165024379 0.005)
            (-0.3876429114 -0.117319602 0.005)
            (-0.3878084085 -0.1181476897 0.005)
            (-0.3879761178 -0.1189868469 0.005)
            (-0.3881460691 -0.1198372215 0.005)
            (-0.3883182922 -0.1206989636 0.005)
            (-0.3884928174 -0.121572225 0.005)
            (-0.3886696756 -0.1224571598 0.005)
            (-0.3888488979 -0.1233539241 0.005)
            (-0.3890305161 -0.1242626759 0.005)
            (-0.3892145621 -0.1251835754 0.005)
            (-0.3894010682 -0.1261167851 0.005)
            (-0.3895900675 -0.1270624696 0.005)
            (-0.3897815933 -0.1280207955 0.005)
            (-0.3899756793 -0.1289919319 0.005)
            (-0.3901723597 -0.12997605 0.005)
            (-0.3903716693 -0.1309733234 0.005)
            (-0.3905736431 -0.1319839278 0.005)
            (-0.3907783169 -0.1330080416 0.005)
            (-0.3909857267 -0.1340458452 0.005)
            (-0.391195909 -0.1350975217 0.005)
            (-0.3914089009 -0.1361632566 0.005)
            (-0.39162474 -0.1372432377 0.005)
            (-0.3918434643 -0.1383376555 0.005)
            (-0.3920651125 -0.1394467031 0.005)
            (-0.3922897236 -0.1405705758 0.005)
            (-0.3925173371 -0.141709472 0.005)
            (-0.3927479933 -0.1428635925 0.005)
            (-0.3929817327 -0.1440331407 0.005)
            (-0.3932185968 -0.1452183228 0.005)
            (-0.3934586271 -0.1464193481 0.005)
            (-0.393701866 -0.147636428 0.005)
            (-0.3939483564 -0.1488697773 0.005)
            (-0.3941981418 -0.1501196134 0.005)
            (-0.3944512662 -0.1513861569 0.005)
            (-0.3947077743 -0.1526696309 0.005)
            (-0.3949677113 -0.1539702618 0.005)
            (-0.395231123 -0.1552882789 0.005)
            (-0.3954980558 -0.1566239146 0.005)
            (-0.3957685569 -0.1579774046 0.005)
            (-0.3960426739 -0.1593489874 0.005)
            (-0.3963204552 -0.1607389049 0.005)
            (-0.3966019498 -0.1621474023 0.005)
            (-0.3968872072 -0.1635747277 0.005)
            (-0.3971762777 -0.165021133 0.005)
            (-0.3974692126 -0.1664868732 0.005)
            (-0.3977660632 -0.1679722067 0.005)
            (-0.398066882 -0.1694773955 0.005)
            (-0.3983717219 -0.171002705 0.005)
            (-0.3986806369 -0.1725484042 0.005)
            (-0.3989936813 -0.1741147655 0.005)
            (-0.3993109103 -0.1757020653 0.005)
            (-0.3996323799 -0.1773105833 0.005)
            (-0.3999581468 -0.1789406034 0.005)
            (-0.4002882683 -0.1805924127 0.005)
            (-0.4006228028 -0.1822663027 0.005)
            (-0.4009618092 -0.1839625686 0.005)
            (-0.4013053472 -0.1856815093 0.005)
            (-0.4016534776 -0.1874234281 0.005)
            (-0.4020062616 -0.189188632 0.005)
            (-0.4023637614 -0.1909774324 0.005)
            (-0.4027260402 -0.1927901447 0.005)
            (-0.4030931616 -0.1946270885 0.005)
            (-0.4034651907 -0.1964885877 0.005)
            (-0.4038421928 -0.1983749706 0.005)
            (-0.4042242346 -0.2002865698 0.005)
            (-0.4046113832 -0.2022237225 0.005)
            (-0.4050037072 -0.2041867701 0.005)
            (-0.4054012755 -0.2061760588 0.005)
            (-0.4058041583 -0.2081919395 0.005)
            (-0.4062124268 -0.2102347675 0.005)
            (-0.4066261527 -0.2123049032 0.005)
            (-0.4070454091 -0.2144027114 0.005)
            (-0.4074702701 -0.2165285622 0.005)
            (-0.4079008103 -0.2186828304 0.005)
            (-0.4083371058 -0.220865896 0.005)
            (-0.4087792335 -0.2230781437 0.005)
            (-0.4092272713 -0.2253199638 0.005)
            (-0.4096812984 -0.2275917515 0.005)
            (-0.4101413946 -0.2298939074 0.005)
            (-0.4106076413 -0.2322268376 0.005)
            (-0.4110801204 -0.2345909533 0.005)
            (-0.4115589155 -0.2369866714 0.005)
            (-0.4120441109 -0.2394144144 0.005)
            (-0.4125357922 -0.2418746104 0.005)
            (-0.4130340461 -0.2443676932 0.005)
            (-0.4135389603 -0.2468941023 0.005)
            (-0.4140506241 -0.2494542834 0.005)
            (-0.4145691275 -0.2520486878 0.005)
            (-0.4150945621 -0.254677773 0.005)
            (-0.4156270204 -0.2573420027 0.005)
            (-0.4161665964 -0.2600418465 0.005)
            (-0.4167133852 -0.2627777807 0.005)
            (-0.4172674832 -0.2655502875 0.005)
            (-0.4178289881 -0.2683598561 0.005)
            (-0.418397999 -0.2712069816 0.005)
            (-0.4189746162 -0.2740921662 0.005)
            (-0.4195589413 -0.2770159187 0.005)
            (-0.4201510775 -0.2799787546 0.005)
            (-0.4207511291 -0.2829811964 0.005)
            (-0.4213592018 -0.2860237734 0.005)
            (-0.421975403 -0.2891070223 0.005)
            (-0.4225998413 -0.2922314865 0.005)
            (-0.4232326268 -0.2953977173 0.005)
            (-0.4238738711 -0.2986062728 0.005)
            (-0.4245236873 -0.3018577187 0.005)
            (-0.4251821899 -0.3051526286 0.005)
            (-0.4258494951 -0.3084915833 0.005)
            (-0.4265257205 -0.3118751717 0.005)
            (-0.4272109853 -0.3153039902 0.005)
            (-0.4279054105 -0.3187786438 0.005)
            (-0.4286091184 -0.322299745 0.005)
            (-0.4293222332 -0.3258679145 0.005)
            (-0.4300448807 -0.3294837818 0.005)
            (-0.4307744307 -0.3331341876 0.005)
            (-0.4315060855 -0.3367951245 0.005)
            (-0.4322377403 -0.3404560614 0.005)
            (-0.432969395 -0.3441169983 0.005)
            (-0.4337010498 -0.3477779353 0.005)
            (-0.4344327046 -0.3514388722 0.005)
            (-0.4351643594 -0.355099809 0.005)
            (-0.4358960141 -0.358760746 0.005)
            (-0.4366276689 -0.3624216829 0.005)
            (-0.4373593237 -0.3660826198 0.005)
            (-0.4380909785 -0.3697435567 0.005)
            (-0.4388226332 -0.3734044936 0.005)
            (-0.439554288 -0.3770654305 0.005)
            (-0.4402859427 -0.3807263674 0.005)
            (-0.4410175975 -0.3843873044 0.005)
            (-0.4417492523 -0.3880482413 0.005)
            (-0.442480907 -0.3917091782 0.005)
            (-0.4432125618 -0.3953701151 0.005)
            (-0.4439442166 -0.3990310519 0.005)
            (-0.4446758714 -0.4026919889 0.005)
            (-0.4454075262 -0.4063529258 0.005)
            (-0.4461391809 -0.4100138628 0.005)
            (-0.4468708357 -0.4136747996 0.005)
            (-0.4476024905 -0.4173357366 0.005)
            (-0.4483341452 -0.4209966735 0.005)
            (-0.4490658 -0.4246576103 0.005)
            (-0.4497974547 -0.4283185473 0.005)
            (-0.4505291095 -0.4319794841 0.005)
            (-0.4512607643 -0.4356404211 0.005)
            (-0.4519924191 -0.4393013581 0.005)
            (-0.4527240739 -0.442962295 0.005)
            (-0.4534557286 -0.4466232318 0.005)
            (-0.4541873834 -0.4502841687 0.005)
            (-0.4549190382 -0.4539451057 0.005)
            (-0.4556506929 -0.4576060426 0.005)
            (-0.4563823477 -0.4612669795 0.005)
            (-0.4571140025 -0.4649279164 0.005)
            (-0.4578456572 -0.4685888534 0.005)
            (-0.458577312 -0.4722497903 0.005)
            (-0.4593089668 -0.4759107271 0.005)
            (-0.4600406216 -0.4795716641 0.005)
            (-0.4607722763 -0.4832326009 0.005)
            (-0.4615039311 -0.4868935379 0.005)
            (-0.4622355859 -0.4905544748 0.005)
            (-0.4629672406 -0.4942154117 0.005)
            (-0.4636988954 -0.4978763486 0.005)
            (-0.4644305502 -0.5015372855 0.005)
            (-0.4651622049 -0.5051982225 0.005)
            (-0.4658938597 -0.5088591594 0.005)
            (-0.4666255145 -0.5125200963 0.005)
            (-0.4673571693 -0.5161810331 0.005)
            (-0.468088824 -0.51984197 0.005)
            (-0.4688204788 -0.523502907 0.005)
            (-0.4695521336 -0.527163844 0.005)
            (-0.4702837883 -0.5308247808 0.005)
            (-0.4710154431 -0.5344857177 0.005)
            (-0.4717470979 -0.5381466547 0.005)
            (-0.4724787527 -0.5418075916 0.005)
            (-0.4732104074 -0.5454685285 0.005)
            (-0.4739420622 -0.5491294653 0.005)
            (-0.4746737169 -0.5527904023 0.005)
            (-0.4754053717 -0.5564513393 0.005)
            (-0.4761370265 -0.5601122762 0.005)
            (-0.4768686813 -0.563773213 0.005)
            (-0.477600336 -0.5674341499 0.005)
            (-0.4783319908 -0.5710950868 0.005)
            (-0.4790636456 -0.5747560238 0.005)
            (-0.4797953004 -0.5784169607 0.005)
            (-0.4805269551 -0.5820778976 0.005)
            (-0.4812586099 -0.5857388345 0.005)
            (-0.4819902646 -0.5893997714 0.005)
            (-0.4827219194 -0.5930607084 0.005)
            (-0.4834535742 -0.5967216453 0.005)
            (-0.4841852289 -0.6003825821 0.005)
            (-0.4849168837 -0.604043519 0.005)
            (-0.4307744307 -0.3331341876 0.005)
            (-0.4315060855 -0.3367951245 0.005)
            (-0.4322377403 -0.3404560614 0.005)
            (-0.432969395 -0.3441169983 0.005)
            (-0.4337010498 -0.3477779353 0.005)
            (-0.4344327046 -0.3514388722 0.005)
            (-0.4351643594 -0.355099809 0.005)
            (-0.4358960141 -0.358760746 0.005)
            (-0.4366276689 -0.3624216829 0.005)
            (-0.4373593237 -0.3660826198 0.005)
            (-0.4380909785 -0.3697435567 0.005)
            (-0.4388226332 -0.3734044936 0.005)
            (-0.439554288 -0.3770654305 0.005)
            (-0.4402859427 -0.3807263674 0.005)
            (-0.4410175975 -0.3843873044 0.005)
            (-0.4417492523 -0.3880482413 0.005)
            (-0.442480907 -0.3917091782 0.005)
            (-0.4432125618 -0.3953701151 0.005)
            (-0.4439442166 -0.3990310519 0.005)
            (-0.4446758714 -0.4026919889 0.005)
            (-0.4454075262 -0.4063529258 0.005)
            (-0.4461391809 -0.4100138628 0.005)
            (-0.4468708357 -0.4136747996 0.005)
            (-0.4476024905 -0.4173357366 0.005)
            (-0.4483341452 -0.4209966735 0.005)
            (-0.4490658 -0.4246576103 0.005)
            (-0.4497974547 -0.4283185473 0.005)
            (-0.4505291095 -0.4319794841 0.005)
            (-0.4512607643 -0.4356404211 0.005)
            (-0.4519924191 -0.4393013581 0.005)
            (-0.4527240739 -0.442962295 0.005)
            (-0.4534557286 -0.4466232318 0.005)
            (-0.4541873834 -0.4502841687 0.005)
            (-0.4549190382 -0.4539451057 0.005)
            (-0.4556506929 -0.4576060426 0.005)
            (-0.4563823477 -0.4612669795 0.005)
            (-0.4571140025 -0.4649279164 0.005)
            (-0.4578456572 -0.4685888534 0.005)
            (-0.458577312 -0.4722497903 0.005)
            (-0.4593089668 -0.4759107271 0.005)
            (-0.4600406216 -0.4795716641 0.005)
            (-0.4607722763 -0.4832326009 0.005)
            (-0.4615039311 -0.4868935379 0.005)
            (-0.4622355859 -0.4905544748 0.005)
            (-0.4629672406 -0.4942154117 0.005)
            (-0.4636988954 -0.4978763486 0.005)
            (-0.4644305502 -0.5015372855 0.005)
            (-0.4651622049 -0.5051982225 0.005)
            (-0.4658938597 -0.5088591594 0.005)
            (-0.4666255145 -0.5125200963 0.005)
            (-0.4673571693 -0.5161810331 0.005)
            (-0.468088824 -0.51984197 0.005)
            (-0.4688204788 -0.523502907 0.005)
            (-0.4695521336 -0.527163844 0.005)
            (-0.4702837883 -0.5308247808 0.005)
            (-0.4710154431 -0.5344857177 0.005)
            (-0.4717470979 -0.5381466547 0.005)
            (-0.4724787527 -0.5418075916 0.005)
            (-0.4732104074 -0.5454685285 0.005)
            (-0.4739420622 -0.5491294653 0.005)
            (-0.4746737169 -0.5527904023 0.005)
            (-0.4754053717 -0.5564513393 0.005)
            (-0.4761370265 -0.5601122762 0.005)
            (-0.4768686813 -0.563773213 0.005)
            (-0.477600336 -0.5674341499 0.005)
            (-0.4783319908 -0.5710950868 0.005)
            (-0.4790636456 -0.5747560238 0.005)
            (-0.4797953004 -0.5784169607 0.005)
            (-0.4805269551 -0.5820778976 0.005)
            (-0.4812586099 -0.5857388345 0.005)
            (-0.4819902646 -0.5893997714 0.005)
            (-0.4827219194 -0.5930607084 0.005)
            (-0.4834535742 -0.5967216453 0.005)
            (-0.4841852289 -0.6003825821 0.005)
            (-0.4849168837 -0.604043519 0.005)
        );
    }
    farfieldProbes
    {
        type    cloud;
        axis    xyz;
        points
        (
            (-0.04160311256 0.6395058738 0.005)
            (-0.04160311256 0.6395058738 0.005)
            (-0.04249524939 0.6394441965 0.005)
            (-0.04249524939 0.6394441965 0.005)
            (-0.04338738621 0.6393825192 0.005)
            (-0.04338738621 0.6393825192 0.005)
            (-0.04427952303 0.639320842 0.005)
            (-0.04427952303 0.639320842 0.005)
            (-0.04517173016 0.6392601996 0.005)
            (-0.04517173016 0.6392601996 0.005)
            (-0.04606400427 0.6392005421 0.005)
            (-0.04606400427 0.6392005421 0.005)
            (-0.04695625918 0.6391405988 0.005)
            (-0.04695625918 0.6391405988 0.005)
            (-0.04784848355 0.6390802023 0.005)
            (-0.04784848355 0.6390802023 0.005)
            (-0.0487406818 0.6390194212 0.005)
            (-0.0487406818 0.6390194212 0.005)
            (-0.04963284826 0.6389581756 0.005)
            (-0.04963284826 0.6389581756 0.005)
            (-0.05052498775 0.6388965375 0.005)
            (-0.05052498775 0.6388965375 0.005)
            (-0.05141709416 0.6388344236 0.005)
            (-0.05141709416 0.6388344236 0.005)
            (-0.05230917272 0.6387719095 0.005)
            (-0.05230917272 0.6387719095 0.005)
            (-0.05320121689 0.6387089083 0.005)
            (-0.05320121689 0.6387089083 0.005)
            (-0.05409322803 0.6386454392 0.005)
            (-0.05409322803 0.6386454392 0.005)
            (-0.05498520771 0.6385815314 0.005)
            (-0.05498520771 0.6385815314 0.005)
            (-0.05587715162 0.638517125 0.005)
            (-0.05587715162 0.638517125 0.005)
            (-0.05676906451 0.6384522915 0.005)
            (-0.05676906451 0.6384522915 0.005)
            (-0.05766094023 0.6383869481 0.005)
            (-0.05766094023 0.6383869481 0.005)
            (-0.05855278394 0.63832117 0.005)
            (-0.05855278394 0.63832117 0.005)
            (-0.05944458908 0.6382548706 0.005)
            (-0.05944458908 0.6382548706 0.005)
            (-0.06033636122 0.6381881286 0.005)
            (-0.06033636122 0.6381881286 0.005)
            (-0.06122809329 0.6381208541 0.005)
            (-0.06122809329 0.6381208541 0.005)
            (-0.06211979135 0.6380531295 0.005)
            (-0.06211979135 0.6380531295 0.005)
            (-0.06301144785 0.6379848608 0.005)
            (-0.06301144785 0.6379848608 0.005)
            (-0.0639030693 0.6379161343 0.005)
            (-0.0639030693 0.6379161343 0.005)
            (-0.06479464763 0.6378468524 0.005)
            (-0.06479464763 0.6378468524 0.005)
            (-0.06568618629 0.6377770596 0.005)
            (-0.06568618629 0.6377770596 0.005)
            (-0.06657770569 0.637707022 0.005)
            (-0.06657770569 0.637707022 0.005)
            (-0.06746920475 0.6376367253 0.005)
            (-0.06746920475 0.6376367253 0.005)
            (-0.06836070271 0.6375664149 0.005)
            (-0.06836070271 0.6375664149 0.005)
            (-0.06925220069 0.6374961044 0.005)
            (-0.06925220069 0.6374961044 0.005)
            (-0.07014369867 0.6374257939 0.005)
            (-0.07014369867 0.6374257939 0.005)
            (-0.07103519664 0.6373554834 0.005)
            (-0.07103519664 0.6373554834 0.005)
            (-0.07192669461 0.6372851729 0.005)
            (-0.07192669461 0.6372851729 0.005)
            (-0.07281819257 0.6372148625 0.005)
            (-0.07281819257 0.6372148625 0.005)
            (-0.07370967758 0.6371443885 0.005)
            (-0.07370967758 0.6371443885 0.005)
            (-0.07460112752 0.6370734726 0.005)
            (-0.07460112752 0.6370734726 0.005)
            (-0.07549255005 0.6370022124 0.005)
            (-0.07549255005 0.6370022124 0.005)
            (-0.07638392857 0.6369304056 0.005)
            (-0.07638392857 0.6369304056 0.005)
            (-0.07727526836 0.6368581174 0.005)
            (-0.07727526836 0.6368581174 0.005)
            (-0.07816656666 0.6367853214 0.005)
            (-0.07816656666 0.6367853214 0.005)
            (-0.07905782175 0.6367119964 0.005)
            (-0.07905782175 0.6367119964 0.005)
            (-0.0799490412 0.6366382412 0.005)
            (-0.0799490412 0.6366382412 0.005)
            (-0.08084021828 0.6365639747 0.005)
            (-0.08084021828 0.6365639747 0.005)
            (-0.08173136035 0.6364892901 0.005)
            (-0.08173136035 0.6364892901 0.005)
            (-0.08262246097 0.636414112 0.005)
            (-0.08262246097 0.636414112 0.005)
            (-0.08351352723 0.636338528 0.005)
            (-0.08351352723 0.636338528 0.005)
            (-0.08440455301 0.6362624682 0.005)
            (-0.08440455301 0.6362624682 0.005)
            (-0.0852955451 0.6361860144 0.005)
            (-0.0852955451 0.6361860144 0.005)
            (-0.08618649774 0.6361091027 0.005)
            (-0.08618649774 0.6361091027 0.005)
            (-0.0870774174 0.6360318092 0.005)
            (-0.0870774174 0.6360318092 0.005)
            (-0.08796829869 0.6359540754 0.005)
            (-0.08796829869 0.6359540754 0.005)
            (-0.08885914775 0.6358759719 0.005)
            (-0.08885914775 0.6358759719 0.005)
            (-0.08974995955 0.6357974459 0.005)
            (-0.08974995955 0.6357974459 0.005)
            (-0.09064073412 0.6357184975 0.005)
            (-0.09064073412 0.6357184975 0.005)
            (-0.0915314784 0.635639209 0.005)
            (-0.0915314784 0.635639209 0.005)
            (-0.09242218662 0.6355595157 0.005)
            (-0.09242218662 0.6355595157 0.005)
            (-0.09331286539 0.6354794945 0.005)
            (-0.09331286539 0.6354794945 0.005)
            (-0.09420350933 0.6353990863 0.005)
            (-0.09420350933 0.6353990863 0.005)
            (-0.09509416379 0.6353187958 0.005)
            (-0.09509416379 0.6353187958 0.005)
            (-0.09598487476 0.6352391352 0.005)
            (-0.09598487476 0.6352391352 0.005)
            (-0.09687562057 0.635159863 0.005)
            (-0.09687562057 0.635159863 0.005)
            (-0.09776636638 0.6350805908 0.005)
            (-0.09776636638 0.6350805908 0.005)
            (-0.0986571122 0.6350013185 0.005)
            (-0.0986571122 0.6350013185 0.005)
            (-0.09954771011 0.6349204215 0.005)
            (-0.09954771011 0.6349204215 0.005)
            (-0.100438144 0.6348377229 0.005)
            (-0.100438144 0.6348377229 0.005)
            (-0.1013285618 0.6347548473 0.005)
            (-0.1013285618 0.6347548473 0.005)
            (-0.1022189796 0.6346719717 0.005)
            (-0.1022189796 0.6346719717 0.005)
            (-0.1031094356 0.6345895089 0.005)
            (-0.1031094356 0.6345895089 0.005)
            (-0.103999935 0.6345075154 0.005)
            (-0.103999935 0.6345075154 0.005)
            (-0.1048904133 0.6344252932 0.005)
            (-0.1048904133 0.6344252932 0.005)
            (-0.105780855 0.6343426754 0.005)
            (-0.105780855 0.6343426754 0.005)
            (-0.1066712649 0.6342597166 0.005)
            (-0.1066712649 0.6342597166 0.005)
            (-0.1075616365 0.6341763467 0.005)
            (-0.1075616365 0.6341763467 0.005)
            (-0.1084519751 0.6340926255 0.005)
            (-0.1084519751 0.6340926255 0.005)
            (-0.1093422735 0.6340084778 0.005)
            (-0.1093422735 0.6340084778 0.005)
            (-0.1102325377 0.6339239683 0.005)
            (-0.1102325377 0.6339239683 0.005)
            (-0.1111227597 0.6338390171 0.005)
            (-0.1111227597 0.6338390171 0.005)
            (-0.1120129462 0.6337536935 0.005)
            (-0.1120129462 0.6337536935 0.005)
            (-0.1129030887 0.6336679129 0.005)
            (-0.1129030887 0.6336679129 0.005)
            (-0.1137931907 0.6335817117 0.005)
            (-0.1137931907 0.6335817117 0.005)
            (-0.1146832504 0.6334950758 0.005)
            (-0.1146832504 0.6334950758 0.005)
            (-0.115573264 0.6334079675 0.005)
            (-0.115573264 0.6334079675 0.005)
            (-0.1164632375 0.6333204508 0.005)
            (-0.1164632375 0.6333204508 0.005)
            (-0.117353163 0.6332324463 0.005)
            (-0.117353163 0.6332324463 0.005)
            (-0.1182430468 0.6331440229 0.005)
            (-0.1182430468 0.6331440229 0.005)
            (-0.1191328806 0.6330550964 0.005)
            (-0.1191328806 0.6330550964 0.005)
            (-0.1200226713 0.6329657407 0.005)
            (-0.1200226713 0.6329657407 0.005)
            (-0.1209124098 0.6328758666 0.005)
            (-0.1209124098 0.6328758666 0.005)
            (-0.1218021087 0.6327856005 0.005)
            (-0.1218021087 0.6327856005 0.005)
            (-0.122691815 0.6326954086 0.005)
            (-0.122691815 0.6326954086 0.005)
            (-0.1235815871 0.6326058706 0.005)
            (-0.1235815871 0.6326058706 0.005)
            (-0.1244714075 0.6325168106 0.005)
            (-0.1244714075 0.6325168106 0.005)
            (-0.125361228 0.6324277506 0.005)
            (-0.125361228 0.6324277506 0.005)
            (-0.1262510486 0.6323386906 0.005)
            (-0.1262510486 0.6323386906 0.005)
            (-0.1271406645 0.6322476456 0.005)
            (-0.1271406645 0.6322476456 0.005)
            (-0.1280300096 0.6321539737 0.005)
            (-0.1280300096 0.6321539737 0.005)
            (-0.1289192886 0.6320596599 0.005)
            (-0.1289192886 0.6320596599 0.005)
            (-0.1298086922 0.6319665381 0.005)
            (-0.1298086922 0.6319665381 0.005)
            (-0.1306982276 0.6318746774 0.005)
            (-0.1306982276 0.6318746774 0.005)
            (-0.1315877447 0.6317826368 0.005)
            (-0.1315877447 0.6317826368 0.005)
            (-0.1324772079 0.6316900772 0.005)
            (-0.1324772079 0.6316900772 0.005)
            (-0.1333666262 0.6315970873 0.005)
            (-0.1333666262 0.6315970873 0.005)
            (-0.1342559919 0.6315035962 0.005)
            (-0.1342559919 0.6315035962 0.005)
            (-0.1351453137 0.6314096873 0.005)
            (-0.1351453137 0.6314096873 0.005)
            (-0.1360345842 0.6313152953 0.005)
            (-0.1360345842 0.6313152953 0.005)
            (-0.1369238118 0.6312204975 0.005)
            (-0.1369238118 0.6312204975 0.005)
            (-0.1377821686 0.6311285678 0.005)
            (-0.1377821686 0.6311285678 0.005)
            (-0.1386096546 0.6310395061 0.005)
            (-0.1386096546 0.6310395061 0.005)
            (-0.1394371055 0.6309501182 0.005)
            (-0.1394371055 0.6309501182 0.005)
            (-0.1402645144 0.630860342 0.005)
            (-0.1402645144 0.630860342 0.005)
            (-0.1410918889 0.6307702494 0.005)
            (-0.1410918889 0.6307702494 0.005)
            (-0.1419192226 0.630679783 0.005)
            (-0.1419192226 0.630679783 0.005)
            (-0.1427465227 0.63058901 0.005)
            (-0.1427465227 0.63058901 0.005)
            (-0.1435737832 0.6304978777 0.005)
            (-0.1435737832 0.6304978777 0.005)
            (-0.144401011 0.6304064487 0.005)
            (-0.144401011 0.6304064487 0.005)
            (-0.1452282007 0.6303146748 0.005)
            (-0.1452282007 0.6303146748 0.005)
            (-0.1460553585 0.6302226141 0.005)
            (-0.1460553585 0.6302226141 0.005)
            (-0.1468824794 0.6301302228 0.005)
            (-0.1468824794 0.6301302228 0.005)
            (-0.1477095694 0.6300375544 0.005)
            (-0.1477095694 0.6300375544 0.005)
            (-0.1485366239 0.6299445701 0.005)
            (-0.1485366239 0.6299445701 0.005)
            (-0.1493636442 0.6298512824 0.005)
            (-0.1493636442 0.6298512824 0.005)
            (-0.1501907273 0.6297585543 0.005)
            (-0.1501907273 0.6297585543 0.005)
            (-0.1510178816 0.6296664622 0.005)
            (-0.1510178816 0.6296664622 0.005)
            (-0.1518450444 0.6295744464 0.005)
            (-0.1518450444 0.6295744464 0.005)
            (-0.1526721765 0.6294821587 0.005)
            (-0.1526721765 0.6294821587 0.005)
            (-0.1534991179 0.6293881883 0.005)
            (-0.1534991179 0.6293881883 0.005)
            (-0.1543258993 0.6292928069 0.005)
            (-0.1543258993 0.6292928069 0.005)
            (-0.1551526809 0.6291974255 0.005)
            (-0.1551526809 0.6291974255 0.005)
            (-0.1559794703 0.6291021131 0.005)
            (-0.1559794703 0.6291021131 0.005)
            (-0.1568063313 0.6290074263 0.005)
            (-0.1568063313 0.6290074263 0.005)
            (-0.1576332384 0.6289131394 0.005)
            (-0.1576332384 0.6289131394 0.005)
            (-0.1584601247 0.6288186709 0.005)
            (-0.1584601247 0.6288186709 0.005)
            (-0.1592869755 0.6287238932 0.005)
            (-0.1592869755 0.6287238932 0.005)
            (-0.1601137938 0.628628831 0.005)
            (-0.1601137938 0.628628831 0.005)
            (-0.1609405781 0.6285334746 0.005)
            (-0.1609405781 0.6285334746 0.005)
            (-0.1617673256 0.6284377986 0.005)
            (-0.1617673256 0.6284377986 0.005)
            (-0.1625940409 0.6283418461 0.005)
            (-0.1625940409 0.6283418461 0.005)
            (-0.1634207179 0.6282455636 0.005)
            (-0.1634207179 0.6282455636 0.005)
            (-0.1642473618 0.6281489976 0.005)
            (-0.1642473618 0.6281489976 0.005)
            (-0.1650739659 0.6280520911 0.005)
            (-0.1650739659 0.6280520911 0.005)
            (-0.1659005359 0.627954894 0.005)
            (-0.1659005359 0.627954894 0.005)
            (-0.1667270645 0.627857346 0.005)
            (-0.1667270645 0.627857346 0.005)
            (-0.1675535579 0.6277595003 0.005)
            (-0.1675535579 0.6277595003 0.005)
            (-0.1683800086 0.6276612933 0.005)
            (-0.1683800086 0.6276612933 0.005)
            (-0.1692064229 0.6275627817 0.005)
            (-0.1692064229 0.6275627817 0.005)
            (-0.1700327928 0.6274638985 0.005)
            (-0.1700327928 0.6274638985 0.005)
            (-0.1708591236 0.6273646881 0.005)
            (-0.1708591236 0.6273646881 0.005)
            (-0.1716854102 0.6272651111 0.005)
            (-0.1716854102 0.6272651111 0.005)
            (-0.1725116508 0.6271651521 0.005)
            (-0.1725116508 0.6271651521 0.005)
            (-0.1733378513 0.6270648638 0.005)
            (-0.1733378513 0.6270648638 0.005)
            (-0.1741640042 0.6269641833 0.005)
            (-0.1741640042 0.6269641833 0.005)
            (-0.1749901161 0.6268631665 0.005)
            (-0.1749901161 0.6268631665 0.005)
            (-0.1758161785 0.6267617471 0.005)
            (-0.1758161785 0.6267617471 0.005)
            (-0.1766422065 0.6266600466 0.005)
            (-0.1766422065 0.6266600466 0.005)
            (-0.1774681917 0.6265579995 0.005)
            (-0.1774681917 0.6265579995 0.005)
            (-0.1782941468 0.6264557085 0.005)
            (-0.1782941468 0.6264557085 0.005)
            (-0.1791200977 0.6263533839 0.005)
            (-0.1791200977 0.6263533839 0.005)
            (-0.1799460486 0.6262510593 0.005)
            (-0.1799460486 0.6262510593 0.005)
            (-0.1807719996 0.6261487346 0.005)
            (-0.1807719996 0.6261487346 0.005)
            (-0.1815979505 0.62604641 0.005)
            (-0.1815979505 0.62604641 0.005)
            (-0.1824239014 0.6259440854 0.005)
            (-0.1824239014 0.6259440854 0.005)
            (-0.1832498507 0.6258417474 0.005)
            (-0.1832498507 0.6258417474 0.005)
            (-0.1840757682 0.625739154 0.005)
            (-0.1840757682 0.625739154 0.005)
            (-0.1849016508 0.6256362786 0.005)
            (-0.1849016508 0.6256362786 0.005)
            (-0.1857274938 0.6255330872 0.005)
            (-0.1857274938 0.6255330872 0.005)
            (-0.186553286 0.6254294898 0.005)
            (-0.186553286 0.6254294898 0.005)
            (-0.1873790358 0.6253255561 0.005)
            (-0.1873790358 0.6253255561 0.005)
            (-0.1882047357 0.6252212258 0.005)
            (-0.1882047357 0.6252212258 0.005)
            (-0.1890303939 0.6251165657 0.005)
            (-0.1890303939 0.6251165657 0.005)
            (-0.1898560029 0.6250115182 0.005)
            (-0.1898560029 0.6250115182 0.005)
            (-0.1906815706 0.624906147 0.005)
            (-0.1906815706 0.624906147 0.005)
            (-0.19150709 0.6248003979 0.005)
            (-0.19150709 0.6248003979 0.005)
            (-0.1923325688 0.6246943315 0.005)
            (-0.1923325688 0.6246943315 0.005)
            (-0.1931580001 0.6245878964 0.005)
            (-0.1931580001 0.6245878964 0.005)
            (-0.1939833856 0.6244811072 0.005)
            (-0.1939833856 0.6244811072 0.005)
            (-0.1948087301 0.6243740016 0.005)
            (-0.1948087301 0.6243740016 0.005)
            (-0.1956340279 0.6242665364 0.005)
            (-0.1956340279 0.6242665364 0.005)
            (-0.1964592872 0.624158776 0.005)
            (-0.1964592872 0.624158776 0.005)
            (-0.1972845006 0.6240506653 0.005)
            (-0.1972845006 0.6240506653 0.005)
            (-0.1981096762 0.6239422655 0.005)
            (-0.1981096762 0.6239422655 0.005)
            (-0.1989348068 0.6238335248 0.005)
            (-0.1989348068 0.6238335248 0.005)
            (-0.1997599002 0.6237245014 0.005)
            (-0.1997599002 0.6237245014 0.005)
            (-0.2005849497 0.6236151462 0.005)
            (-0.2005849497 0.6236151462 0.005)
            (-0.2014099626 0.6235055146 0.005)
            (-0.2014099626 0.6235055146 0.005)
            (-0.2022349324 0.6233955605 0.005)
            (-0.2022349324 0.6233955605 0.005)
            (-0.2030598671 0.6232853427 0.005)
            (-0.2030598671 0.6232853427 0.005)
            (-0.2038847708 0.6231748933 0.005)
            (-0.2038847708 0.6231748933 0.005)
            (-0.2047096464 0.6230642339 0.005)
            (-0.2047096464 0.6230642339 0.005)
            (-0.2055345224 0.6229535776 0.005)
            (-0.2055345224 0.6229535776 0.005)
            (-0.2063593984 0.6228429213 0.005)
            (-0.2063593984 0.6228429213 0.005)
            (-0.2071842745 0.6227322651 0.005)
            (-0.2071842745 0.6227322651 0.005)
            (-0.2080091505 0.6226216088 0.005)
            (-0.2080091505 0.6226216088 0.005)
            (-0.2088340265 0.6225109524 0.005)
            (-0.2088340265 0.6225109524 0.005)
            (-0.2096588868 0.6224001793 0.005)
            (-0.2096588868 0.6224001793 0.005)
            (-0.2104837088 0.6222891218 0.005)
            (-0.2104837088 0.6222891218 0.005)
            (-0.2113084902 0.6221777618 0.005)
            (-0.2113084902 0.6221777618 0.005)
            (-0.2121332414 0.622066179 0.005)
            (-0.2121332414 0.622066179 0.005)
            (-0.21295795 0.6219542824 0.005)
            (-0.21295795 0.6219542824 0.005)
            (-0.2137826228 0.6218421217 0.005)
            (-0.2137826228 0.6218421217 0.005)
            (-0.2146072524 0.621729644 0.005)
            (-0.2146072524 0.621729644 0.005)
            (-0.2154318439 0.6216168873 0.005)
            (-0.2154318439 0.6216168873 0.005)
            (-0.2162563932 0.6215038232 0.005)
            (-0.2162563932 0.6215038232 0.005)
            (-0.2170808987 0.6213904388 0.005)
            (-0.2170808987 0.6213904388 0.005)
            (-0.2179053667 0.6212767829 0.005)
            (-0.2179053667 0.6212767829 0.005)
            (-0.2187297901 0.6211628036 0.005)
            (-0.2187297901 0.6211628036 0.005)
            (-0.2195541755 0.6210485505 0.005)
            (-0.2195541755 0.6210485505 0.005)
            (-0.2203785158 0.6209339709 0.005)
            (-0.2203785158 0.6209339709 0.005)
            (-0.2212028176 0.6208191155 0.005)
            (-0.2212028176 0.6208191155 0.005)
            (-0.2220270733 0.6207039302 0.005)
            (-0.2220270733 0.6207039302 0.005)
            (-0.2228512902 0.620588467 0.005)
            (-0.2228512902 0.620588467 0.005)
            (-0.2236754603 0.6204726708 0.005)
            (-0.2236754603 0.6204726708 0.005)
            (-0.224499591 0.6203565944 0.005)
            (-0.224499591 0.6203565944 0.005)
            (-0.2253236743 0.6202401819 0.005)
            (-0.2253236743 0.6202401819 0.005)
            (-0.2261477178 0.6201234871 0.005)
            (-0.2261477178 0.6201234871 0.005)
            (-0.2269942951 0.6200032261 0.005)
            (-0.2269942951 0.6200032261 0.005)
            (-0.2278634063 0.6198793988 0.005)
            (-0.2278634063 0.6198793988 0.005)
            (-0.2287325489 0.6197557927 0.005)
            (-0.2287325489 0.6197557927 0.005)
            (-0.2296017289 0.6196324498 0.005)
            (-0.2296017289 0.6196324498 0.005)
            (-0.2304709149 0.619509149 0.005)
            (-0.2304709149 0.619509149 0.005)
            (-0.231340098 0.6193858273 0.005)
            (-0.231340098 0.6193858273 0.005)
            (-0.2322090655 0.619261005 0.005)
            (-0.2322090655 0.619261005 0.005)
            (-0.2330778205 0.6191347031 0.005)
            (-0.2330778205 0.6191347031 0.005)
            (-0.2339465755 0.6190084013 0.005)
            (-0.2339465755 0.6190084013 0.005)
            (-0.2348153305 0.6188820994 0.005)
            (-0.2348153305 0.6188820994 0.005)
            (-0.2356841561 0.6187562858 0.005)
            (-0.2356841561 0.6187562858 0.005)
            (-0.2365530407 0.6186308787 0.005)
            (-0.2365530407 0.6186308787 0.005)
            (-0.2374219113 0.6185053742 0.005)
            (-0.2374219113 0.6185053742 0.005)
            (-0.2382907255 0.6183794807 0.005)
            (-0.2382907255 0.6183794807 0.005)
            (-0.2391594855 0.6182532139 0.005)
            (-0.2391594855 0.6182532139 0.005)
            (-0.2400281954 0.6181266019 0.005)
            (-0.2400281954 0.6181266019 0.005)
            (-0.2408968479 0.6179995976 0.005)
            (-0.2408968479 0.6179995976 0.005)
            (-0.2417654518 0.6178722612 0.005)
            (-0.2417654518 0.6178722612 0.005)
            (-0.2426339976 0.617744529 0.005)
            (-0.2426339976 0.617744529 0.005)
            (-0.2435024942 0.6176164625 0.005)
            (-0.2435024942 0.6176164625 0.005)
            (-0.2443709318 0.6174879967 0.005)
            (-0.2443709318 0.6174879967 0.005)
            (-0.2452393196 0.6173591943 0.005)
            (-0.2452393196 0.6173591943 0.005)
            (-0.2461076475 0.6172299892 0.005)
            (-0.2461076475 0.6172299892 0.005)
            (-0.2469759249 0.6171004451 0.005)
            (-0.2469759249 0.6171004451 0.005)
            (-0.2478441415 0.6169704949 0.005)
            (-0.2478441415 0.6169704949 0.005)
            (-0.2487123071 0.6168402034 0.005)
            (-0.2487123071 0.6168402034 0.005)
            (-0.2495804112 0.6167095023 0.005)
            (-0.2495804112 0.6167095023 0.005)
            (-0.2504484585 0.6165784246 0.005)
            (-0.2504484585 0.6165784246 0.005)
            (-0.2513164481 0.6164469671 0.005)
            (-0.2513164481 0.6164469671 0.005)
            (-0.2521843753 0.6163150966 0.005)
            (-0.2521843753 0.6163150966 0.005)
            (-0.2530522492 0.6161828768 0.005)
            (-0.2530522492 0.6161828768 0.005)
            (-0.2539200597 0.6160502406 0.005)
            (-0.2539200597 0.6160502406 0.005)
            (-0.2547878277 0.6159173267 0.005)
            (-0.2547878277 0.6159173267 0.005)
            (-0.2556555582 0.615784168 0.005)
            (-0.2556555582 0.615784168 0.005)
            (-0.256523284 0.6156509786 0.005)
            (-0.256523284 0.6156509786 0.005)
            (-0.2573910152 0.6155178252 0.005)
            (-0.2573910152 0.6155178252 0.005)
            (-0.2582587465 0.615384672 0.005)
            (-0.2582587465 0.615384672 0.005)
            (-0.2591264778 0.6152515187 0.005)
            (-0.2591264778 0.6152515187 0.005)
            (-0.2599942092 0.6151183654 0.005)
            (-0.2599942092 0.6151183654 0.005)
            (-0.2608618639 0.6149847159 0.005)
            (-0.2608618639 0.6149847159 0.005)
            (-0.2617294083 0.6148503513 0.005)
            (-0.2617294083 0.6148503513 0.005)
            (-0.2625969261 0.6147158139 0.005)
            (-0.2625969261 0.6147158139 0.005)
            (-0.2634644513 0.6145813244 0.005)
            (-0.2634644513 0.6145813244 0.005)
            (-0.2643319263 0.6144465114 0.005)
            (-0.2643319263 0.6144465114 0.005)
            (-0.265199338 0.6143112918 0.005)
            (-0.265199338 0.6143112918 0.005)
            (-0.2660666972 0.6141757364 0.005)
            (-0.2660666972 0.6141757364 0.005)
            (-0.2669339942 0.6140397833 0.005)
            (-0.2669339942 0.6140397833 0.005)
            (-0.2678012395 0.6139035005 0.005)
            (-0.2678012395 0.6139035005 0.005)
            (-0.2686684235 0.6137668289 0.005)
            (-0.2686684235 0.6137668289 0.005)
            (-0.2695355565 0.6136298336 0.005)
            (-0.2695355565 0.6136298336 0.005)
            (-0.2704026294 0.6134924586 0.005)
            (-0.2704026294 0.6134924586 0.005)
            (-0.271269652 0.6133547659 0.005)
            (-0.271269652 0.6133547659 0.005)
            (-0.2721366155 0.6132167023 0.005)
            (-0.2721366155 0.6132167023 0.005)
            (-0.2730035294 0.6130783271 0.005)
            (-0.2730035294 0.6130783271 0.005)
            (-0.2738703854 0.6129395899 0.005)
            (-0.2738703854 0.6129395899 0.005)
            (-0.2747371834 0.6128004907 0.005)
            (-0.2747371834 0.6128004907 0.005)
            (-0.2756039338 0.6126610949 0.005)
            (-0.2756039338 0.6126610949 0.005)
            (-0.2764706273 0.612521346 0.005)
            (-0.2764706273 0.612521346 0.005)
            (-0.2773372739 0.6123813065 0.005)
            (-0.2773372739 0.6123813065 0.005)
            (-0.2782038648 0.6122409227 0.005)
            (-0.2782038648 0.6122409227 0.005)
            (-0.2790704112 0.6121002648 0.005)
            (-0.2790704112 0.6121002648 0.005)
            (-0.2799369063 0.6119592913 0.005)
            (-0.2799369063 0.6119592913 0.005)
            (-0.2808034389 0.6118185494 0.005)
            (-0.2808034389 0.6118185494 0.005)
            (-0.281670085 0.6116785083 0.005)
            (-0.281670085 0.6116785083 0.005)
            (-0.2825367827 0.6115387852 0.005)
            (-0.2825367827 0.6115387852 0.005)
            (-0.2834033391 0.6113981958 0.005)
            (-0.2834033391 0.6113981958 0.005)
            (-0.2842696237 0.6112559415 0.005)
            (-0.2842696237 0.6112559415 0.005)
            (-0.285135778 0.6111128885 0.005)
            (-0.285135778 0.6111128885 0.005)
            (-0.2860019323 0.6109698355 0.005)
            (-0.2860019323 0.6109698355 0.005)
            (-0.2868681573 0.6108272127 0.005)
            (-0.2868681573 0.6108272127 0.005)
            (-0.2877344629 0.6106850788 0.005)
            (-0.2877344629 0.6106850788 0.005)
            (-0.2886007369 0.610542752 0.005)
            (-0.2886007369 0.610542752 0.005)
            (-0.2894669533 0.6104000758 0.005)
            (-0.2894669533 0.6104000758 0.005)
            (-0.2903331198 0.6102570974 0.005)
            (-0.2903331198 0.6102570974 0.005)
            (-0.2911992261 0.610113754 0.005)
            (-0.2911992261 0.610113754 0.005)
            (-0.2920652805 0.6099700977 0.005)
            (-0.2920652805 0.6099700977 0.005)
            (-0.2929312716 0.6098260609 0.005)
            (-0.2929312716 0.6098260609 0.005)
            (-0.2937972089 0.6096817006 0.005)
            (-0.2937972089 0.6096817006 0.005)
            (-0.2946630801 0.6095369443 0.005)
            (-0.2946630801 0.6095369443 0.005)
            (-0.2955288954 0.609391854 0.005)
            (-0.2955288954 0.609391854 0.005)
            (-0.2963946416 0.609246352 0.005)
            (-0.2963946416 0.609246352 0.005)
            (-0.2972603242 0.6091004714 0.005)
            (-0.2972603242 0.6091004714 0.005)
            (-0.2981259402 0.6089541978 0.005)
            (-0.2981259402 0.6089541978 0.005)
            (-0.2989914842 0.608807497 0.005)
            (-0.2989914842 0.608807497 0.005)
            (-0.2998569651 0.6086604257 0.005)
            (-0.2998569651 0.6086604257 0.005)
            (-0.3007223708 0.6085129117 0.005)
            (-0.3007223708 0.6085129117 0.005)
            (-0.3015877115 0.6083650168 0.005)
            (-0.3015877115 0.6083650168 0.005)
            (-0.3024529737 0.6082166638 0.005)
            (-0.3024529737 0.6082166638 0.005)
            (-0.3033181711 0.6080679335 0.005)
            (-0.3033181711 0.6080679335 0.005)
            (-0.3041832926 0.6079187622 0.005)
            (-0.3041832926 0.6079187622 0.005)
            (-0.3050485082 0.6077701439 0.005)
            (-0.3050485082 0.6077701439 0.005)
            (-0.305913835 0.6076221799 0.005)
            (-0.305913835 0.6076221799 0.005)
            (-0.3067789178 0.6074727979 0.005)
            (-0.3067789178 0.6074727979 0.005)
            (-0.3076437824 0.6073221435 0.005)
            (-0.3076437824 0.6073221435 0.005)
            (-0.3085086469 0.6071714891 0.005)
            (-0.3085086469 0.6071714891 0.005)
            (-0.3093735115 0.6070208347 0.005)
            (-0.3093735115 0.6070208347 0.005)
            (-0.310238376 0.6068701803 0.005)
            (-0.310238376 0.6068701803 0.005)
            (-0.3111032578 0.6067196254 0.005)
            (-0.3111032578 0.6067196254 0.005)
            (-0.3119681647 0.606569214 0.005)
            (-0.3119681647 0.606569214 0.005)
            (-0.3128330271 0.606418548 0.005)
            (-0.3128330271 0.606418548 0.005)
            (-0.3136978081 0.6062674154 0.005)
            (-0.3136978081 0.6062674154 0.005)
            (-0.3145625203 0.6061158892 0.005)
            (-0.3145625203 0.6061158892 0.005)
            (-0.31542715 0.6059638934 0.005)
            (-0.31542715 0.6059638934 0.005)
            (-0.3162917108 0.6058115057 0.005)
            (-0.3162917108 0.6058115057 0.005)
            (-0.3171561902 0.6056586574 0.005)
            (-0.3171561902 0.6056586574 0.005)
            (-0.3180206014 0.6055054236 0.005)
            (-0.3180206014 0.6055054236 0.005)
            (-0.3188849323 0.605351738 0.005)
            (-0.3188849323 0.605351738 0.005)
            (-0.3197491959 0.605197673 0.005)
            (-0.3197491959 0.605197673 0.005)
            (-0.3206214328 0.605041717 0.005)
            (-0.3206214328 0.605041717 0.005)
            (-0.3215016432 0.60488387 0.005)
            (-0.3215016432 0.60488387 0.005)
            (-0.3223817857 0.6047256451 0.005)
            (-0.3223817857 0.6047256451 0.005)
            (-0.3232618473 0.6045669703 0.005)
            (-0.3232618473 0.6045669703 0.005)
            (-0.3241418418 0.6044079241 0.005)
            (-0.3241418418 0.6044079241 0.005)
            (-0.3250217565 0.6042484375 0.005)
            (-0.3250217565 0.6042484375 0.005)
            (-0.325901605 0.6040885859 0.005)
            (-0.325901605 0.6040885859 0.005)
            (-0.3267813751 0.6039283033 0.005)
            (-0.3267813751 0.6039283033 0.005)
            (-0.32766108 0.6037676628 0.005)
            (-0.32766108 0.6037676628 0.005)
            (-0.3285407081 0.603606603 0.005)
            (-0.3285407081 0.603606603 0.005)
            (-0.3294202802 0.6034452372 0.005)
            (-0.3294202802 0.6034452372 0.005)
            (-0.3302998241 0.6032837169 0.005)
            (-0.3302998241 0.6032837169 0.005)
            (-0.3311793463 0.6031220795 0.005)
            (-0.3311793463 0.6031220795 0.005)
            (-0.3320588685 0.6029604422 0.005)
            (-0.3320588685 0.6029604422 0.005)
            (-0.3329383908 0.6027988048 0.005)
            (-0.3329383908 0.6027988048 0.005)
            (-0.3338179131 0.6026371674 0.005)
            (-0.3338179131 0.6026371674 0.005)
            (-0.3346974343 0.602475524 0.005)
            (-0.3346974343 0.602475524 0.005)
            (-0.3355769045 0.6023136035 0.005)
            (-0.3355769045 0.6023136035 0.005)
            (-0.3364563124 0.602151345 0.005)
            (-0.3364563124 0.602151345 0.005)
            (-0.3373356647 0.6019887862 0.005)
            (-0.3373356647 0.6019887862 0.005)
            (-0.33821494 0.6018258108 0.005)
            (-0.33821494 0.6018258108 0.005)
            (-0.33909415 0.6016624838 0.005)
            (-0.33909415 0.6016624838 0.005)
            (-0.3399732817 0.6014987359 0.005)
            (-0.3399732817 0.6014987359 0.005)
            (-0.3408523474 0.6013346336 0.005)
            (-0.3408523474 0.6013346336 0.005)
            (-0.3417313336 0.6011701063 0.005)
            (-0.3417313336 0.6011701063 0.005)
            (-0.3426102528 0.6010052216 0.005)
            (-0.3426102528 0.6010052216 0.005)
            (-0.3434890914 0.6008399076 0.005)
            (-0.3434890914 0.6008399076 0.005)
            (-0.3443678556 0.6006741989 0.005)
            (-0.3443678556 0.6006741989 0.005)
            (-0.3452465446 0.6005080914 0.005)
            (-0.3452465446 0.6005080914 0.005)
            (-0.3461251516 0.6003415507 0.005)
            (-0.3461251516 0.6003415507 0.005)
            (-0.3470036888 0.6001746426 0.005)
            (-0.3470036888 0.6001746426 0.005)
            (-0.3478821428 0.6000072972 0.005)
            (-0.3478821428 0.6000072972 0.005)
            (-0.3487605262 0.5998395816 0.005)
            (-0.3487605262 0.5998395816 0.005)
            (-0.3496388252 0.5996714243 0.005)
            (-0.3496388252 0.5996714243 0.005)
            (-0.3505170527 0.5995028943 0.005)
            (-0.3505170527 0.5995028943 0.005)
            (-0.3513951945 0.5993339184 0.005)
            (-0.3513951945 0.5993339184 0.005)
            (-0.3522733059 0.5991647842 0.005)
            (-0.3522733059 0.5991647842 0.005)
            (-0.35315148 0.5989959757 0.005)
            (-0.35315148 0.5989959757 0.005)
            (-0.3540296993 0.598827402 0.005)
            (-0.3540296993 0.598827402 0.005)
            (-0.3549079185 0.5986588284 0.005)
            (-0.3549079185 0.5986588284 0.005)
            (-0.3557861357 0.5984902444 0.005)
            (-0.3557861357 0.5984902444 0.005)
            (-0.3566639862 0.5983197716 0.005)
            (-0.3566639862 0.5983197716 0.005)
            (-0.3575414718 0.59814742 0.005)
            (-0.3575414718 0.59814742 0.005)
            (-0.3584189759 0.5979751629 0.005)
            (-0.3584189759 0.5979751629 0.005)
            (-0.3592966651 0.5978038538 0.005)
            (-0.3592966651 0.5978038538 0.005)
            (-0.3601744745 0.5976331593 0.005)
            (-0.3601744745 0.5976331593 0.005)
            (-0.3610522112 0.5974620918 0.005)
            (-0.3610522112 0.5974620918 0.005)
            (-0.3619298792 0.5972906716 0.005)
            (-0.3619298792 0.5972906716 0.005)
            (-0.3628074583 0.5971187965 0.005)
            (-0.3628074583 0.5971187965 0.005)
            (-0.3636849622 0.5969465387 0.005)
            (-0.3636849622 0.5969465387 0.005)
            (-0.3645623763 0.5967738243 0.005)
            (-0.3645623763 0.5967738243 0.005)
            (-0.3654397149 0.596600726 0.005)
            (-0.3654397149 0.596600726 0.005)
            (-0.3663169629 0.5964271692 0.005)
            (-0.3663169629 0.5964271692 0.005)
            (-0.3671941347 0.5962532274 0.005)
            (-0.3671941347 0.5962532274 0.005)
            (-0.3680712149 0.5960788255 0.005)
            (-0.3680712149 0.5960788255 0.005)
            (-0.3689482037 0.5959039634 0.005)
            (-0.3689482037 0.5959039634 0.005)
            (-0.369825115 0.5957287134 0.005)
            (-0.369825115 0.5957287134 0.005)
            (-0.3707019338 0.5955530016 0.005)
            (-0.3707019338 0.5955530016 0.005)
            (-0.3715786746 0.5953769007 0.005)
            (-0.3715786746 0.5953769007 0.005)
            (-0.3724553221 0.5952003362 0.005)
            (-0.3724553221 0.5952003362 0.005)
            (-0.373331891 0.5950233813 0.005)
            (-0.373331891 0.5950233813 0.005)
            (-0.3742083658 0.5948459614 0.005)
            (-0.3742083658 0.5948459614 0.005)
            (-0.3750847678 0.5946681821 0.005)
            (-0.3750847678 0.5946681821 0.005)
            (-0.3759610924 0.5944900214 0.005)
            (-0.3759610924 0.5944900214 0.005)
            (-0.3768373116 0.5943113431 0.005)
            (-0.3768373116 0.5943113431 0.005)
            (-0.3777134745 0.5941323888 0.005)
            (-0.3777134745 0.5941323888 0.005)
            (-0.3785896367 0.5939534309 0.005)
            (-0.3785896367 0.5939534309 0.005)
            (-0.3794657989 0.593774473 0.005)
            (-0.3794657989 0.593774473 0.005)
            (-0.3803419611 0.5935955151 0.005)
            (-0.3803419611 0.5935955151 0.005)
            (-0.3812181232 0.5934165572 0.005)
            (-0.3812181232 0.5934165572 0.005)
            (-0.3820942885 0.5932376146 0.005)
            (-0.3820942885 0.5932376146 0.005)
            (-0.3829704151 0.5930584831 0.005)
            (-0.3829704151 0.5930584831 0.005)
            (-0.383846482 0.5928790592 0.005)
            (-0.383846482 0.5928790592 0.005)
            (-0.3847224739 0.5926992701 0.005)
            (-0.3847224739 0.5926992701 0.005)
            (-0.3855983641 0.5925189861 0.005)
            (-0.3855983641 0.5925189861 0.005)
            (-0.386474167 0.5923382784 0.005)
            (-0.386474167 0.5923382784 0.005)
            (-0.3873498633 0.5921570557 0.005)
            (-0.3873498633 0.5921570557 0.005)
            (-0.3882254692 0.5919753957 0.005)
            (-0.3882254692 0.5919753957 0.005)
            (-0.3891009637 0.5917932004 0.005)
            (-0.3891009637 0.5917932004 0.005)
            (-0.3899763644 0.5916105541 0.005)
            (-0.3899763644 0.5916105541 0.005)
            (-0.3908516489 0.5914273526 0.005)
            (-0.3908516489 0.5914273526 0.005)
            (-0.3917268265 0.5912436402 0.005)
            (-0.3917268265 0.5912436402 0.005)
            (-0.3926018927 0.5910593987 0.005)
            (-0.3926018927 0.5910593987 0.005)
            (-0.3934768377 0.5908745819 0.005)
            (-0.3934768377 0.5908745819 0.005)
            (-0.3943516771 0.5906892669 0.005)
            (-0.3943516771 0.5906892669 0.005)
            (-0.3952263904 0.5905033566 0.005)
            (-0.3952263904 0.5905033566 0.005)
            (-0.3961009946 0.5903169346 0.005)
            (-0.3961009946 0.5903169346 0.005)
            (-0.3969754676 0.5901298974 0.005)
            (-0.3969754676 0.5901298974 0.005)
            (-0.3978498381 0.589942382 0.005)
            (-0.3978498381 0.589942382 0.005)
            (-0.3987240954 0.5897543388 0.005)
            (-0.3987240954 0.5897543388 0.005)
            (-0.3995984238 0.5895666282 0.005)
            (-0.3995984238 0.5895666282 0.005)
            (-0.4004729015 0.5893796129 0.005)
            (-0.4004729015 0.5893796129 0.005)
            (-0.4013473936 0.5891926648 0.005)
            (-0.4013473936 0.5891926648 0.005)
            (-0.4022218858 0.5890057168 0.005)
            (-0.4022218858 0.5890057168 0.005)
            (-0.403096378 0.5888187688 0.005)
            (-0.403096378 0.5888187688 0.005)
            (-0.4039703167 0.5886292691 0.005)
            (-0.4039703167 0.5886292691 0.005)
            (-0.4048436926 0.5884371743 0.005)
            (-0.4048436926 0.5884371743 0.005)
            (-0.4057170769 0.5882451178 0.005)
            (-0.4057170769 0.5882451178 0.005)
            (-0.4065907656 0.5880544555 0.005)
            (-0.4065907656 0.5880544555 0.005)
            (-0.4074646671 0.5878647663 0.005)
            (-0.4074646671 0.5878647663 0.005)
            (-0.4083384534 0.587674547 0.005)
            (-0.4083384534 0.587674547 0.005)
            (-0.4092121321 0.5874838344 0.005)
            (-0.4092121321 0.5874838344 0.005)
            (-0.4100856731 0.5872924919 0.005)
            (-0.4100856731 0.5872924919 0.005)
            (-0.4109590988 0.5871006239 0.005)
            (-0.4109590988 0.5871006239 0.005)
            (-0.4118323884 0.5869081373 0.005)
            (-0.4118323884 0.5869081373 0.005)
            (-0.4127055638 0.5867151327 0.005)
            (-0.4127055638 0.5867151327 0.005)
            (-0.4135786045 0.5865215207 0.005)
            (-0.4135786045 0.5865215207 0.005)
            (-0.4144515322 0.5863273986 0.005)
            (-0.4144515322 0.5863273986 0.005)
            (-0.4153885679 0.5861182499 0.005)
            (-0.4153885679 0.5861182499 0.005)
            (-0.4163897117 0.5858940748 0.005)
            (-0.4163897117 0.5858940748 0.005)
            (-0.4173907106 0.5856692546 0.005)
            (-0.4173907106 0.5856692546 0.005)
            (-0.4183915369 0.5854436668 0.005)
            (-0.4183915369 0.5854436668 0.005)
            (-0.4193922201 0.5852174453 0.005)
            (-0.4193922201 0.5852174453 0.005)
            (-0.4203927333 0.5849904729 0.005)
            (-0.4203927333 0.5849904729 0.005)
            (-0.4213932428 0.5847634838 0.005)
            (-0.4213932428 0.5847634838 0.005)
            (-0.4223938498 0.5845369249 0.005)
            (-0.4223938498 0.5845369249 0.005)
            (-0.4233942614 0.5843095091 0.005)
            (-0.4233942614 0.5843095091 0.005)
            (-0.424394334 0.5840806049 0.005)
            (-0.424394334 0.5840806049 0.005)
            (-0.4253943098 0.583851276 0.005)
            (-0.4253943098 0.583851276 0.005)
            (-0.4263942856 0.583621947 0.005)
            (-0.4263942856 0.583621947 0.005)
            (-0.4273942615 0.5833926181 0.005)
            (-0.4273942615 0.5833926181 0.005)
            (-0.4283942407 0.5831633039 0.005)
            (-0.4283942407 0.5831633039 0.005)
            (-0.429394244 0.5829340949 0.005)
            (-0.429394244 0.5829340949 0.005)
            (-0.4303941533 0.5827044768 0.005)
            (-0.4303941533 0.5827044768 0.005)
            (-0.4313939323 0.5824742914 0.005)
            (-0.4313939323 0.5824742914 0.005)
            (-0.4323935677 0.5822434841 0.005)
            (-0.4323935677 0.5822434841 0.005)
            (-0.4333930253 0.5820119074 0.005)
            (-0.4333930253 0.5820119074 0.005)
            (-0.4343923291 0.581779669 0.005)
            (-0.4343923291 0.581779669 0.005)
            (-0.4353914475 0.5815466336 0.005)
            (-0.4353914475 0.5815466336 0.005)
            (-0.4363904069 0.5813129177 0.005)
            (-0.4363904069 0.5813129177 0.005)
            (-0.4373891729 0.5810783771 0.005)
            (-0.4373891729 0.5810783771 0.005)
            (-0.4383877746 0.5808431373 0.005)
            (-0.4383877746 0.5808431373 0.005)
            (-0.439386175 0.5806070455 0.005)
            (-0.439386175 0.5806070455 0.005)
            (-0.4403844057 0.5803702359 0.005)
            (-0.4403844057 0.5803702359 0.005)
            (-0.4413824271 0.5801325468 0.005)
            (-0.4413824271 0.5801325468 0.005)
            (-0.4423802557 0.5798940488 0.005)
            (-0.4423802557 0.5798940488 0.005)
            (-0.4433779114 0.5796548292 0.005)
            (-0.4433779114 0.5796548292 0.005)
            (-0.4443753461 0.5794146893 0.005)
            (-0.4443753461 0.5794146893 0.005)
            (-0.4453726673 0.5791740777 0.005)
            (-0.4453726673 0.5791740777 0.005)
            (-0.4463699225 0.578933193 0.005)
            (-0.4463699225 0.578933193 0.005)
            (-0.4473671777 0.5786923083 0.005)
            (-0.4473671777 0.5786923083 0.005)
            (-0.4483644329 0.5784514237 0.005)
            (-0.4483644329 0.5784514237 0.005)
            (-0.4493616882 0.578210539 0.005)
            (-0.4493616882 0.578210539 0.005)
            (-0.4503589434 0.5779696543 0.005)
            (-0.4503589434 0.5779696543 0.005)
            (-0.4513561795 0.5777286904 0.005)
            (-0.4513561795 0.5777286904 0.005)
            (-0.4523533117 0.5774872972 0.005)
            (-0.4523533117 0.5774872972 0.005)
            (-0.4533503325 0.5772454445 0.005)
            (-0.4533503325 0.5772454445 0.005)
            (-0.4543471314 0.5770026804 0.005)
            (-0.4543471314 0.5770026804 0.005)
            (-0.4553437351 0.5767591141 0.005)
            (-0.4553437351 0.5767591141 0.005)
            (-0.4563401188 0.576514651 0.005)
            (-0.4563401188 0.576514651 0.005)
            (-0.4573362732 0.5762692536 0.005)
            (-0.4573362732 0.5762692536 0.005)
            (-0.4583322327 0.5760230684 0.005)
            (-0.4583322327 0.5760230684 0.005)
            (-0.4593279601 0.5757759452 0.005)
            (-0.4593279601 0.5757759452 0.005)
            (-0.460323491 0.5755280317 0.005)
            (-0.460323491 0.5755280317 0.005)
            (-0.4613187868 0.5752791764 0.005)
            (-0.4613187868 0.5752791764 0.005)
            (-0.4623138841 0.5750295283 0.005)
            (-0.4623138841 0.5750295283 0.005)
            (-0.4633087437 0.5747789348 0.005)
            (-0.4633087437 0.5747789348 0.005)
            (-0.4643034064 0.5745275603 0.005)
            (-0.4643034064 0.5745275603 0.005)
            (-0.46529784 0.5742752818 0.005)
            (-0.46529784 0.5742752818 0.005)
            (-0.4662920711 0.5740222048 0.005)
            (-0.4662920711 0.5740222048 0.005)
            (-0.467286168 0.5737686017 0.005)
            (-0.467286168 0.5737686017 0.005)
            (-0.4682801776 0.5735146562 0.005)
            (-0.4682801776 0.5735146562 0.005)
            (-0.4692741872 0.5732607108 0.005)
            (-0.4692741872 0.5732607108 0.005)
            (-0.4702681968 0.5730067653 0.005)
            (-0.4702681968 0.5730067653 0.005)
            (-0.4712622065 0.5727528198 0.005)
            (-0.4712622065 0.5727528198 0.005)
            (-0.4722562161 0.5724988743 0.005)
            (-0.4722562161 0.5724988743 0.005)
            (-0.4732502257 0.5722449289 0.005)
            (-0.4732502257 0.5722449289 0.005)
            (-0.4742441725 0.5719907375 0.005)
            (-0.4742441725 0.5719907375 0.005)
            (-0.4752379395 0.5717358456 0.005)
            (-0.4752379395 0.5717358456 0.005)
            (-0.4762314932 0.5714801229 0.005)
            (-0.4762314932 0.5714801229 0.005)
            (-0.4772248574 0.5712236653 0.005)
            (-0.4772248574 0.5712236653 0.005)
            (-0.4782179636 0.5709662115 0.005)
            (-0.4782179636 0.5709662115 0.005)
            (-0.4792108514 0.5707079156 0.005)
            (-0.4792108514 0.5707079156 0.005)
            (-0.4802034725 0.5704485973 0.005)
            (-0.4802034725 0.5704485973 0.005)
            (-0.4811958689 0.570188419 0.005)
            (-0.4811958689 0.570188419 0.005)
            (-0.4821879893 0.5699271924 0.005)
            (-0.4821879893 0.5699271924 0.005)
            (-0.4831798447 0.5696649591 0.005)
            (-0.4831798447 0.5696649591 0.005)
            (-0.484171449 0.5694017803 0.005)
            (-0.484171449 0.5694017803 0.005)
            (-0.485162768 0.5691375271 0.005)
            (-0.485162768 0.5691375271 0.005)
            (-0.4861538441 0.5688723656 0.005)
            (-0.4861538441 0.5688723656 0.005)
            (-0.4871446302 0.5686061219 0.005)
            (-0.4871446302 0.5686061219 0.005)
            (-0.4881352315 0.5683391909 0.005)
            (-0.4881352315 0.5683391909 0.005)
            (-0.4891256668 0.5680716447 0.005)
            (-0.4891256668 0.5680716447 0.005)
            (-0.49011604 0.5678038677 0.005)
            (-0.49011604 0.5678038677 0.005)
            (-0.4911064132 0.5675360909 0.005)
            (-0.4911064132 0.5675360909 0.005)
            (-0.4920967863 0.5672683139 0.005)
            (-0.4920967863 0.5672683139 0.005)
            (-0.4930871594 0.5670005369 0.005)
            (-0.4930871594 0.5670005369 0.005)
            (-0.4940775326 0.56673276 0.005)
            (-0.4940775326 0.56673276 0.005)
            (-0.4950679057 0.566464983 0.005)
            (-0.4950679057 0.566464983 0.005)
            (-0.4960582524 0.5661971081 0.005)
            (-0.4960582524 0.5661971081 0.005)
            (-0.4970483683 0.5659283831 0.005)
            (-0.4970483683 0.5659283831 0.005)
            (-0.498038264 0.5656588466 0.005)
            (-0.498038264 0.5656588466 0.005)
            (-0.4990279059 0.5653883825 0.005)
            (-0.4990279059 0.5653883825 0.005)
            (-0.5000172355 0.5651167764 0.005)
            (-0.5000172355 0.5651167764 0.005)
            (-0.5010062989 0.5648442036 0.005)
            (-0.5010062989 0.5648442036 0.005)
            (-0.5019950437 0.5645704767 0.005)
            (-0.5019950437 0.5645704767 0.005)
            (-0.5029835179 0.5642957751 0.005)
            (-0.5029835179 0.5642957751 0.005)
            (-0.5039716673 0.5640199073 0.005)
            (-0.5039716673 0.5640199073 0.005)
            (-0.504959542 0.5637430566 0.005)
            (-0.504959542 0.5637430566 0.005)
            (-0.5059470855 0.5634650278 0.005)
            (-0.5059470855 0.5634650278 0.005)
            (-0.5069343512 0.5631860128 0.005)
            (-0.5069343512 0.5631860128 0.005)
            (-0.5079212906 0.5629058472 0.005)
            (-0.5079212906 0.5629058472 0.005)
            (-0.5089079255 0.5626246092 0.005)
            (-0.5089079255 0.5626246092 0.005)
            (-0.5098943888 0.5623427698 0.005)
            (-0.5098943888 0.5623427698 0.005)
            (-0.5108806974 0.5620603895 0.005)
            (-0.5108806974 0.5620603895 0.005)
            (-0.5118670061 0.5617780091 0.005)
            (-0.5118670061 0.5617780091 0.005)
            (-0.5128533148 0.5614956287 0.005)
            (-0.5128533148 0.5614956287 0.005)
            (-0.5138396235 0.5612132483 0.005)
            (-0.5138396235 0.5612132483 0.005)
            (-0.5148259321 0.560930868 0.005)
            (-0.5148259321 0.560930868 0.005)
            (-0.5158122407 0.5606484876 0.005)
            (-0.5158122407 0.5606484876 0.005)
            (-0.5167985494 0.5603661073 0.005)
            (-0.5167985494 0.5603661073 0.005)
            (-0.5177847583 0.5600833795 0.005)
            (-0.5177847583 0.5600833795 0.005)
            (-0.5187707145 0.559799772 0.005)
            (-0.5187707145 0.559799772 0.005)
            (-0.5197564605 0.5595154344 0.005)
            (-0.5197564605 0.5595154344 0.005)
            (-0.5207418485 0.5592298608 0.005)
            (-0.5207418485 0.5592298608 0.005)
            (-0.5217269359 0.5589432491 0.005)
            (-0.5217269359 0.5589432491 0.005)
            (-0.5230525792 0.5585544095 0.005)
            (-0.5230525792 0.5585544095 0.005)
            (-0.5247187782 0.558063342 0.005)
            (-0.5247187782 0.558063342 0.005)
            (-0.5263840395 0.5575691187 0.005)
            (-0.5263840395 0.5575691187 0.005)
            (-0.5280481843 0.5570711386 0.005)
            (-0.5280481843 0.5570711386 0.005)
            (-0.5297116383 0.5565708573 0.005)
            (-0.5297116383 0.5565708573 0.005)
            (-0.5313742533 0.5560677931 0.005)
            (-0.5313742533 0.5560677931 0.005)
            (-0.5330365417 0.5555636463 0.005)
            (-0.5330365417 0.5555636463 0.005)
            (-0.5346988301 0.5550594996 0.005)
            (-0.5346988301 0.5550594996 0.005)
            (-0.5363611185 0.5545553529 0.005)
            (-0.5363611185 0.5545553529 0.005)
            (-0.5380233997 0.5540511827 0.005)
            (-0.5380233997 0.5540511827 0.005)
            (-0.5396853055 0.5535457803 0.005)
            (-0.5396853055 0.5535457803 0.005)
            (-0.5413461516 0.5530369106 0.005)
            (-0.5413461516 0.5530369106 0.005)
            (-0.5430062532 0.5525256105 0.005)
            (-0.5430062532 0.5525256105 0.005)
            (-0.5446650249 0.5520100299 0.005)
            (-0.5446650249 0.5520100299 0.005)
            (-0.5463225199 0.5514903411 0.005)
            (-0.5463225199 0.5514903411 0.005)
            (-0.5479788426 0.5509669456 0.005)
            (-0.5479788426 0.5509669456 0.005)
            (-0.5496338493 0.55043939 0.005)
            (-0.5496338493 0.55043939 0.005)
            (-0.5512894762 0.5499137859 0.005)
            (-0.5512894762 0.5499137859 0.005)
            (-0.5529458666 0.5493905868 0.005)
            (-0.5529458666 0.5493905868 0.005)
            (-0.5546001809 0.5488609172 0.005)
            (-0.5546001809 0.5488609172 0.005)
            (-0.5562520819 0.5483237268 0.005)
            (-0.5562520819 0.5483237268 0.005)
            (-0.5579036457 0.5477854858 0.005)
            (-0.5579036457 0.5477854858 0.005)
            (-0.5595552296 0.5472473063 0.005)
            (-0.5595552296 0.5472473063 0.005)
            (-0.5612072082 0.5467103457 0.005)
            (-0.5612072082 0.5467103457 0.005)
            (-0.5628587187 0.5461719519 0.005)
            (-0.5628587187 0.5461719519 0.005)
            (-0.5645092447 0.5456305412 0.005)
            (-0.5645092447 0.5456305412 0.005)
            (-0.5661580138 0.5450838273 0.005)
            (-0.5661580138 0.5450838273 0.005)
            (-0.5678051671 0.544532236 0.005)
            (-0.5678051671 0.544532236 0.005)
            (-0.5694508675 0.543976347 0.005)
            (-0.5694508675 0.543976347 0.005)
            (-0.5710959009 0.5434184882 0.005)
            (-0.5710959009 0.5434184882 0.005)
            (-0.5727401885 0.542858468 0.005)
            (-0.5727401885 0.542858468 0.005)
            (-0.5743824327 0.542292452 0.005)
            (-0.5743824327 0.542292452 0.005)
            (-0.5760241651 0.54172493 0.005)
            (-0.5760241651 0.54172493 0.005)
            (-0.5776658975 0.541157408 0.005)
            (-0.5776658975 0.541157408 0.005)
            (-0.57930763 0.5405898859 0.005)
            (-0.57930763 0.5405898859 0.005)
            (-0.5809493624 0.5400223638 0.005)
            (-0.5809493624 0.5400223638 0.005)
            (-0.5825909232 0.5394543489 0.005)
            (-0.5825909232 0.5394543489 0.005)
            (-0.5842316543 0.5388839449 0.005)
            (-0.5842316543 0.5388839449 0.005)
            (-0.5858714383 0.5383108276 0.005)
            (-0.5858714383 0.5383108276 0.005)
            (-0.5875088256 0.537730932 0.005)
            (-0.5875088256 0.537730932 0.005)
            (-0.5891441049 0.5371450752 0.005)
            (-0.5891441049 0.5371450752 0.005)
            (-0.5907771982 0.53655319 0.005)
            (-0.5907771982 0.53655319 0.005)
            (-0.5924089197 0.5359575221 0.005)
            (-0.5924089197 0.5359575221 0.005)
            (-0.5940408179 0.5353623838 0.005)
            (-0.5940408179 0.5353623838 0.005)
            (-0.5956702382 0.5347604971 0.005)
            (-0.5956702382 0.5347604971 0.005)
            (-0.5972978181 0.5341535784 0.005)
            (-0.5972978181 0.5341535784 0.005)
            (-0.5989253979 0.5335466597 0.005)
            (-0.5989253979 0.5335466597 0.005)
            (-0.6005529779 0.5329397409 0.005)
            (-0.6005529779 0.5329397409 0.005)
            (-0.6021805578 0.5323328221 0.005)
            (-0.6021805578 0.5323328221 0.005)
            (-0.6038081376 0.5317259034 0.005)
            (-0.6038081376 0.5317259034 0.005)
            (-0.6054357175 0.5311189846 0.005)
            (-0.6054357175 0.5311189846 0.005)
            (-0.6070628986 0.5305110094 0.005)
            (-0.6070628986 0.5305110094 0.005)
            (-0.6086875971 0.529896458 0.005)
            (-0.6086875971 0.529896458 0.005)
            (-0.6103102096 0.5292763813 0.005)
            (-0.6103102096 0.5292763813 0.005)
            (-0.6119296497 0.5286481271 0.005)
            (-0.6119296497 0.5286481271 0.005)
            (-0.6135459197 0.5280117011 0.005)
            (-0.6135459197 0.5280117011 0.005)
            (-0.6151605704 0.5273711989 0.005)
            (-0.6151605704 0.5273711989 0.005)
            (-0.6167732517 0.52672574 0.005)
            (-0.6167732517 0.52672574 0.005)
            (-0.6183855831 0.5260794008 0.005)
            (-0.6183855831 0.5260794008 0.005)
            (-0.6199979144 0.5254330616 0.005)
            (-0.6199979144 0.5254330616 0.005)
            (-0.6216102458 0.5247867224 0.005)
            (-0.6216102458 0.5247867224 0.005)
            (-0.623222577 0.5241403831 0.005)
            (-0.623222577 0.5241403831 0.005)
            (-0.6248349083 0.5234940439 0.005)
            (-0.6248349083 0.5234940439 0.005)
            (-0.6264472397 0.5228477047 0.005)
            (-0.6264472397 0.5228477047 0.005)
            (-0.6280586428 0.5221990973 0.005)
            (-0.6280586428 0.5221990973 0.005)
            (-0.6296659074 0.5215403717 0.005)
            (-0.6296659074 0.5215403717 0.005)
            (-0.6312730079 0.5208812073 0.005)
            (-0.6312730079 0.5208812073 0.005)
            (-0.6328798795 0.5202214726 0.005)
            (-0.6328798795 0.5202214726 0.005)
            (-0.6344834761 0.5195537566 0.005)
            (-0.6344834761 0.5195537566 0.005)
            (-0.6360824634 0.5188752067 0.005)
            (-0.6360824634 0.5188752067 0.005)
            (-0.6376767586 0.5181856193 0.005)
            (-0.6376767586 0.5181856193 0.005)
            (-0.6392736078 0.5175019721 0.005)
            (-0.6392736078 0.5175019721 0.005)
            (-0.6408716102 0.516821064 0.005)
            (-0.6408716102 0.516821064 0.005)
            (-0.6424624648 0.5161237534 0.005)
            (-0.6424624648 0.5161237534 0.005)
            (-0.6440476554 0.5154134453 0.005)
            (-0.6440476554 0.5154134453 0.005)
            (-0.6456328459 0.5147031373 0.005)
            (-0.6456328459 0.5147031373 0.005)
            (-0.6472180364 0.5139928293 0.005)
            (-0.6472180364 0.5139928293 0.005)
            (-0.648803227 0.5132825212 0.005)
            (-0.648803227 0.5132825212 0.005)
            (-0.6503884176 0.5125722131 0.005)
            (-0.6503884176 0.5125722131 0.005)
            (-0.6519736082 0.511861905 0.005)
            (-0.6519736082 0.511861905 0.005)
            (-0.6535587987 0.511151597 0.005)
            (-0.6535587987 0.511151597 0.005)
            (-0.6551439892 0.5104412889 0.005)
            (-0.6551439892 0.5104412889 0.005)
            (-0.6567291798 0.5097309809 0.005)
            (-0.6567291798 0.5097309809 0.005)
            (-0.6583143703 0.5090206727 0.005)
            (-0.6583143703 0.5090206727 0.005)
            (-0.6598975713 0.5083059704 0.005)
            (-0.6598975713 0.5083059704 0.005)
            (-0.6614780619 0.5075852803 0.005)
            (-0.6614780619 0.5075852803 0.005)
            (-0.6630534974 0.5068537565 0.005)
            (-0.6630534974 0.5068537565 0.005)
            (-0.664621718 0.5061068519 0.005)
            (-0.664621718 0.5061068519 0.005)
            (-0.6661872571 0.5053542212 0.005)
            (-0.6661872571 0.5053542212 0.005)
            (-0.6677532484 0.5046025318 0.005)
            (-0.6677532484 0.5046025318 0.005)
            (-0.6693194925 0.5038513685 0.005)
            (-0.6693194925 0.5038513685 0.005)
            (-0.6708857365 0.5031002053 0.005)
            (-0.6708857365 0.5031002053 0.005)
            (-0.6724519806 0.502349042 0.005)
            (-0.6724519806 0.502349042 0.005)
            (-0.6740164672 0.5015943322 0.005)
            (-0.6740164672 0.5015943322 0.005)
            (-0.6755710291 0.5008195935 0.005)
            (-0.6755710291 0.5008195935 0.005)
            (-0.6771174236 0.5000283723 0.005)
            (-0.6771174236 0.5000283723 0.005)
            (-0.678663818 0.4992371513 0.005)
            (-0.678663818 0.4992371513 0.005)
            (-0.6802102125 0.4984459302 0.005)
            (-0.6802102125 0.4984459302 0.005)
            (-0.681756607 0.4976547092 0.005)
            (-0.681756607 0.4976547092 0.005)
            (-0.6833030015 0.496863488 0.005)
            (-0.6833030015 0.496863488 0.005)
            (-0.6848493959 0.496072267 0.005)
            (-0.6848493959 0.496072267 0.005)
            (-0.6863957903 0.4952810459 0.005)
            (-0.6863957903 0.4952810459 0.005)
            (-0.6879421848 0.4944898248 0.005)
            (-0.6879421848 0.4944898248 0.005)
            (-0.6894885792 0.4936986036 0.005)
            (-0.6894885792 0.4936986036 0.005)
            (-0.6910349738 0.4929073825 0.005)
            (-0.6910349738 0.4929073825 0.005)
            (-0.6925828022 0.4921190239 0.005)
            (-0.6925828022 0.4921190239 0.005)
            (-0.6941283072 0.4913261571 0.005)
            (-0.6941283072 0.4913261571 0.005)
            (-0.6956700552 0.4905259197 0.005)
            (-0.6956700552 0.4905259197 0.005)
            (-0.7001699662 0.4880759826 0.005)
            (-0.7001699662 0.4880759826 0.005)
            (-0.7079561444 0.4837560438 0.005)
            (-0.7079561444 0.4837560438 0.005)
            (-0.7164019974 0.4789294304 0.005)
            (-0.7164019974 0.4789294304 0.005)
            (-0.7255313728 0.4734894437 0.005)
            (-0.7255313728 0.4734894437 0.005)
            (-0.7353840355 0.4673480757 0.005)
            (-0.7353840355 0.4673480757 0.005)
            (-0.7460243681 0.4604451401 0.005)
            (-0.7460243681 0.4604451401 0.005)
            (-0.7575090054 0.4526932291 0.005)
            (-0.7575090054 0.4526932291 0.005)
            (-0.7698483626 0.4439248927 0.005)
            (-0.7698483626 0.4439248927 0.005)
            (-0.7830509628 0.4339666548 0.005)
            (-0.7830509628 0.4339666548 0.005)
            (-0.7971735262 0.4227006594 0.005)
            (-0.7971735262 0.4227006594 0.005)
            (-0.8216283893 0.4009141196 0.005)
            (-0.8216283893 0.4009141196 0.005)
            (-0.8533402525 0.3694342869 0.005)
            (-0.8533402525 0.3694342869 0.005)
            (-0.8802672935 0.3385636557 0.005)
            (-0.8802672935 0.3385636557 0.005)
            (-0.9030345967 0.3087054492 0.005)
            (-0.9030345967 0.3087054492 0.005)
            (-0.9221176071 0.2800624666 0.005)
            (-0.9221176071 0.2800624666 0.005)
            (-0.9380657203 0.2528445019 0.005)
            (-0.9380657203 0.2528445019 0.005)
            (-0.9514097806 0.2271913493 0.005)
            (-0.9514097806 0.2271913493 0.005)
            (-0.9625105468 0.2031192343 0.005)
            (-0.9625105468 0.2031192343 0.005)
            (-0.9716711042 0.1806138465 0.005)
            (-0.9716711042 0.1806138465 0.005)
            (-0.9792015009 0.1596534864 0.005)
            (-0.9792015009 0.1596534864 0.005)
            (-0.9853643278 0.1401912003 0.005)
            (-0.9853643278 0.1401912003 0.005)
            (-0.9903864409 0.1221656712 0.005)
            (-0.9903864409 0.1221656712 0.005)
            (-0.9944577131 0.1055045094 0.005)
            (-0.9944577131 0.1055045094 0.005)
            (-0.9977389745 0.09013002054 0.005)
            (-0.9977389745 0.09013002054 0.005)
            (-0.9999741916 0.07591837155 0.005)
            (-0.9999741916 0.07591837155 0.005)
            (-1.001153119 0.0627785194 0.005)
            (-1.001153119 0.0627785194 0.005)
            (-1.001929159 0.05069687338 0.005)
            (-1.001929159 0.05069687338 0.005)
            (-1.00264045 0.03962325967 0.005)
            (-1.00264045 0.03962325967 0.005)
            (-1.003292395 0.02947357306 0.005)
            (-1.003292395 0.02947357306 0.005)
            (-1.003889944 0.02017072571 0.005)
            (-1.003889944 0.02017072571 0.005)
            (-1.004437637 0.01164406155 0.005)
            (-1.004437637 0.01164406155 0.005)
            (-1.004939633 0.003828819741 0.005)
            (-1.004939633 0.003828819741 0.005)
            (-1.005399745 -0.00333435726 0.005)
            (-1.005399745 -0.00333435726 0.005)
            (-1.005821467 -0.009899874486 0.005)
            (-1.005821467 -0.009899874486 0.005)
            (-1.006208003 -0.01591759769 0.005)
            (-1.006208003 -0.01591759769 0.005)
            (-1.006562289 -0.02143323207 0.005)
            (-1.006562289 -0.02143323207 0.005)
            (-1.006887015 -0.02648866942 0.005)
            (-1.006887015 -0.02648866942 0.005)
            (-1.007184647 -0.03112230628 0.005)
            (-1.007184647 -0.03112230628 0.005)
            (-1.007457447 -0.03536933559 0.005)
            (-1.007457447 -0.03536933559 0.005)
            (-1.007707485 -0.03926201395 0.005)
            (-1.007707485 -0.03926201395 0.005)
            (-1.007936661 -0.04282990664 0.005)
            (-1.007936661 -0.04282990664 0.005)
            (-1.008146716 -0.04610011214 0.005)
            (-1.008146716 -0.04610011214 0.005)
            (-1.008339245 -0.049097468 0.005)
            (-1.008339245 -0.049097468 0.005)
            (-1.00851571 -0.05184473944 0.005)
            (-1.00851571 -0.05184473944 0.005)
            (-1.008378069 -0.05445626016 0.005)
            (-1.008378069 -0.05445626016 0.005)
            (-1.007913793 -0.05716975728 0.005)
            (-1.007913793 -0.05716975728 0.005)
            (-1.007407254 -0.06013026451 0.005)
            (-1.007407254 -0.06013026451 0.005)
            (-1.006854603 -0.06336026725 0.005)
            (-1.006854603 -0.06336026725 0.005)
            (-1.006251646 -0.06688429771 0.005)
            (-1.006251646 -0.06688429771 0.005)
            (-1.005593801 -0.0707291213 0.005)
            (-1.005593801 -0.0707291213 0.005)
            (-1.004876072 -0.07492393987 0.005)
            (-1.004876072 -0.07492393987 0.005)
            (-1.004093008 -0.07950061351 0.005)
            (-1.004093008 -0.07950061351 0.005)
            (-1.003238661 -0.08449390258 0.005)
            (-1.003238661 -0.08449390258 0.005)
            (-1.002306544 -0.08994173163 0.005)
            (-1.002306544 -0.08994173163 0.005)
            (-1.001289575 -0.09588547753 0.005)
            (-1.001289575 -0.09588547753 0.005)
            (-1.000180032 -0.1023702837 0.005)
            (-1.000180032 -0.1023702837 0.005)
            (-0.9989694872 -0.1094454029 0.005)
            (-0.9989694872 -0.1094454029 0.005)
            (-0.9976487459 -0.1171645715 0.005)
            (-0.9976487459 -0.1171645715 0.005)
            (-0.9962077772 -0.1255864174 0.005)
            (-0.9962077772 -0.1255864174 0.005)
            (-0.9946356369 -0.1347749054 0.005)
            (-0.9946356369 -0.1347749054 0.005)
            (-0.9929203844 -0.1447998231 0.005)
            (-0.9929203844 -0.1447998231 0.005)
            (-0.9910489921 -0.1557373109 0.005)
            (-0.9910489921 -0.1557373109 0.005)
            (-0.9890072467 -0.1676704401 0.005)
            (-0.9890072467 -0.1676704401 0.005)
            (-0.9864536142 -0.1806135632 0.005)
            (-0.9864536142 -0.1806135632 0.005)
            (-0.9827368796 -0.1945115104 0.005)
            (-0.9827368796 -0.1945115104 0.005)
            (-0.9778576562 -0.2094558961 0.005)
            (-0.9778576562 -0.2094558961 0.005)
            (-0.9720575457 -0.2255967823 0.005)
            (-0.9720575457 -0.2255967823 0.005)
            (-0.965168442 -0.2429945267 0.005)
            (-0.965168442 -0.2429945267 0.005)
            (-0.9569939143 -0.2617011592 0.005)
            (-0.9569939143 -0.2617011592 0.005)
            (-0.9473019179 -0.2817538102 0.005)
            (-0.9473019179 -0.2817538102 0.005)
            (-0.9358263807 -0.3031715705 0.005)
            (-0.9358263807 -0.3031715705 0.005)
            (-0.9222566906 -0.3259434274 0.005)
            (-0.9222566906 -0.3259434274 0.005)
            (-0.9062899369 -0.3500517521 0.005)
            (-0.9062899369 -0.3500517521 0.005)
            (-0.8875690649 -0.3754424872 0.005)
            (-0.8875690649 -0.3754424872 0.005)
            (-0.8655808661 -0.4019208114 0.005)
            (-0.8655808661 -0.4019208114 0.005)
            (-0.8398010406 -0.4292203407 0.005)
            (-0.8398010406 -0.4292203407 0.005)
            (-0.8097780941 -0.4570894209 0.005)
            (-0.8097780941 -0.4570894209 0.005)
            (-0.7749327914 -0.4850613546 0.005)
            (-0.7749327914 -0.4850613546 0.005)
            (-0.7483232331 -0.5041565386 0.005)
            (-0.7483232331 -0.5041565386 0.005)
            (-0.7329499766 -0.5139620653 0.005)
            (-0.7329499766 -0.5139620653 0.005)
            (-0.7183549445 -0.5227121194 0.005)
            (-0.7183549445 -0.5227121194 0.005)
            (-0.7045005421 -0.5304745845 0.005)
            (-0.7045005421 -0.5304745845 0.005)
            (-0.6913960017 -0.5373965244 0.005)
            (-0.6913960017 -0.5373965244 0.005)
            (-0.6790383897 -0.5436074535 0.005)
            (-0.6790383897 -0.5436074535 0.005)
            (-0.667385548 -0.5491579125 0.005)
            (-0.667385548 -0.5491579125 0.005)
            (-0.6563978677 -0.5540935545 0.005)
            (-0.6563978677 -0.5540935545 0.005)
            (-0.646064229 -0.5585182131 0.005)
            (-0.646064229 -0.5585182131 0.005)
            (-0.6396907741 -0.5611601045 0.005)
            (-0.6396907741 -0.5611601045 0.005)
            (-0.6369473368 -0.5622345855 0.005)
            (-0.6369473368 -0.5622345855 0.005)
            (-0.6342065077 -0.5633157916 0.005)
            (-0.6342065077 -0.5633157916 0.005)
            (-0.6314675228 -0.5644019035 0.005)
            (-0.6314675228 -0.5644019035 0.005)
            (-0.6287231777 -0.5654744321 0.005)
            (-0.6287231777 -0.5654744321 0.005)
            (-0.6259731036 -0.5665321413 0.005)
            (-0.6259731036 -0.5665321413 0.005)
            (-0.6232176504 -0.5675758077 0.005)
            (-0.6232176504 -0.5675758077 0.005)
            (-0.6204566324 -0.5686046066 0.005)
            (-0.6204566324 -0.5686046066 0.005)
            (-0.6176903323 -0.5696191806 0.005)
            (-0.6176903323 -0.5696191806 0.005)
            (-0.6149186683 -0.5706189402 0.005)
            (-0.6149186683 -0.5706189402 0.005)
            (-0.612141824 -0.5716042942 0.005)
            (-0.612141824 -0.5716042942 0.005)
            (-0.6093658895 -0.5725921435 0.005)
            (-0.6093658895 -0.5725921435 0.005)
            (-0.6065884243 -0.5735755883 0.005)
            (-0.6065884243 -0.5735755883 0.005)
            (-0.603800528 -0.5745289016 0.005)
            (-0.603800528 -0.5745289016 0.005)
            (-0.6010087852 -0.5754711036 0.005)
            (-0.6010087852 -0.5754711036 0.005)
            (-0.5982182653 -0.5764170158 0.005)
            (-0.5982182653 -0.5764170158 0.005)
            (-0.5954246996 -0.5773539001 0.005)
            (-0.5954246996 -0.5773539001 0.005)
            (-0.5926258797 -0.5782748806 0.005)
            (-0.5926258797 -0.5782748806 0.005)
            (-0.589822708 -0.5791826642 0.005)
            (-0.589822708 -0.5791826642 0.005)
            (-0.5870139612 -0.5800728714 0.005)
            (-0.5870139612 -0.5800728714 0.005)
            (-0.5841998375 -0.5809461266 0.005)
            (-0.5841998375 -0.5809461266 0.005)
            (-0.5813848274 -0.5818164705 0.005)
            (-0.5813848274 -0.5818164705 0.005)
            (-0.5785709141 -0.5826902858 0.005)
            (-0.5785709141 -0.5826902858 0.005)
            (-0.5757531212 -0.5835512941 0.005)
            (-0.5757531212 -0.5835512941 0.005)
            (-0.572926113 -0.5843817078 0.005)
            (-0.572926113 -0.5843817078 0.005)
            (-0.5700977976 -0.585207765 0.005)
            (-0.5700977976 -0.585207765 0.005)
            (-0.5672710442 -0.5860391994 0.005)
            (-0.5672710442 -0.5860391994 0.005)
            (-0.5644401112 -0.5868561825 0.005)
            (-0.5644401112 -0.5868561825 0.005)
            (-0.5616048777 -0.5876582176 0.005)
            (-0.5616048777 -0.5876582176 0.005)
            (-0.5587659499 -0.5884469964 0.005)
            (-0.5587659499 -0.5884469964 0.005)
            (-0.5559253397 -0.5892297657 0.005)
            (-0.5559253397 -0.5892297657 0.005)
            (-0.553084702 -0.5900124154 0.005)
            (-0.553084702 -0.5900124154 0.005)
            (-0.5502399046 -0.5907797677 0.005)
            (-0.5502399046 -0.5907797677 0.005)
            (-0.5478593114 -0.5914056743 0.005)
            (-0.5478593114 -0.5914056743 0.005)
            (-0.5459472205 -0.5919062402 0.005)
            (-0.5459472205 -0.5919062402 0.005)
            (-0.5440365815 -0.5924123499 0.005)
            (-0.5440365815 -0.5924123499 0.005)
            (-0.5421243929 -0.5929125495 0.005)
            (-0.5421243929 -0.5929125495 0.005)
            (-0.5402105288 -0.59340633 0.005)
            (-0.5402105288 -0.59340633 0.005)
            (-0.5382949397 -0.5938933395 0.005)
            (-0.5382949397 -0.5938933395 0.005)
            (-0.5363776852 -0.5943737919 0.005)
            (-0.5363776852 -0.5943737919 0.005)
            (-0.5344589934 -0.5948484434 0.005)
            (-0.5344589934 -0.5948484434 0.005)
            (-0.5325403842 -0.5953234049 0.005)
            (-0.5325403842 -0.5953234049 0.005)
            (-0.5306227605 -0.5958023526 0.005)
            (-0.5306227605 -0.5958023526 0.005)
            (-0.5287036136 -0.5962751612 0.005)
            (-0.5287036136 -0.5962751612 0.005)
            (-0.5267822847 -0.5967390308 0.005)
            (-0.5267822847 -0.5967390308 0.005)
            (-0.5248589537 -0.5971945279 0.005)
            (-0.5248589537 -0.5971945279 0.005)
            (-0.5229346447 -0.5976458704 0.005)
            (-0.5229346447 -0.5976458704 0.005)
            (-0.5210111978 -0.5981008507 0.005)
            (-0.5210111978 -0.5981008507 0.005)
            (-0.519087575 -0.5985551125 0.005)
            (-0.519087575 -0.5985551125 0.005)
            (-0.5171626263 -0.5990037366 0.005)
            (-0.5171626263 -0.5990037366 0.005)
            (-0.5152361129 -0.5994455587 0.005)
            (-0.5152361129 -0.5994455587 0.005)
            (-0.5133081332 -0.5998809814 0.005)
            (-0.5133081332 -0.5998809814 0.005)
            (-0.5113793747 -0.6003129139 0.005)
            (-0.5113793747 -0.6003129139 0.005)
            (-0.50945097 -0.6007464164 0.005)
            (-0.50945097 -0.6007464164 0.005)
            (-0.5075226755 -0.6011804299 0.005)
            (-0.5075226755 -0.6011804299 0.005)
            (-0.5055928424 -0.6016075536 0.005)
            (-0.5055928424 -0.6016075536 0.005)
            (-0.5036615444 -0.6020280037 0.005)
            (-0.5036615444 -0.6020280037 0.005)
            (-0.5017288665 -0.602442068 0.005)
            (-0.5017288665 -0.602442068 0.005)
            (-0.4997956895 -0.6028537827 0.005)
            (-0.4997956895 -0.6028537827 0.005)
            (-0.4978629063 -0.6032673279 0.005)
            (-0.4978629063 -0.6032673279 0.005)
            (-0.4959298263 -0.603679504 0.005)
            (-0.4959298263 -0.603679504 0.005)
            (-0.4939955061 -0.6040858015 0.005)
            (-0.4939955061 -0.6040858015 0.005)
            (-0.4920597647 -0.6044852703 0.005)
            (-0.4920597647 -0.6044852703 0.005)
            (-0.490123276 -0.6048811301 0.005)
            (-0.490123276 -0.6048811301 0.005)
            (-0.4881872055 -0.6052790218 0.005)
            (-0.4881872055 -0.6052790218 0.005)
            (-0.486251049 -0.6056765089 0.005)
            (-0.486251049 -0.6056765089 0.005)
        );
    }
}

// ************************************************************************* //
