xi,x_orig_mm,y_orig_mm,x_bumped_mm,y_bumped_mm,s_mm,h_mm
0,-449.3762831,-23.68451398,-449.3762831,-23.68451398,0,0
0.0001250312578,-449.2916413,-23.15245095,-449.2916413,-23.15245095,0.5380079549,0
0.0002500625156,-449.2068451,-22.62331837,-449.2068451,-22.62331837,1.073076882,0
0.0003750937734,-449.12174,-22.10004671,-449.12174,-22.10004671,1.603744608,0
0.0005001250313,-449.0361715,-21.58556643,-449.0361715,-21.58556643,2.122667866,0
0.0006251562891,-448.9499852,-21.08280797,-448.9499852,-21.08280797,2.634251461,0
0.0007501875469,-448.8630267,-20.59470181,-448.8630267,-20.59470181,3.128293969,0
0.0008752188047,-448.7751414,-20.12417838,-448.7751414,-20.12417838,3.604772938,0
0.001000250063,-448.686175,-19.67416816,-448.686175,-19.67416816,4.069548073,0
0.00112528132,-448.5959731,-19.24760161,-448.5959731,-19.24760161,4.498065741,0
0.001250312578,-448.504381,-18.84740916,-448.504381,-18.84740916,4.909227855,0
0.001375343836,-448.4112496,-18.47642365,-448.4112496,-18.47642365,5.294615418,0
0.001500375094,-448.3165486,-18.1352175,-448.3165486,-18.1352175,5.644191353,0
0.001625406352,-448.2203676,-17.82209461,-448.2203676,-17.82209461,5.976849088,0
0.001750437609,-448.122801,-17.53525963,-448.122801,-17.53525963,6.277660615,0
0.001875468867,-448.0239435,-17.27291721,-448.0239435,-17.27291721,6.557379429,0
0.002000500125,-447.9238898,-17.033272,-447.9238898,-17.033272,6.82312643,0
0.002125531383,-447.8227344,-16.81452865,-447.8227344,-16.81452865,7.05907468,0
0.002250562641,-447.720572,-16.61489179,-447.720572,-16.61489179,7.284935398,0
0.002375593898,-447.6174972,-16.43256608,-447.6174972,-16.43256608,7.495939208,0
0.002500625156,-447.5136046,-16.26575616,-447.5136046,-16.26575616,7.690759071,0
0.002625656414,-447.408989,-16.11266668,-447.408989,-16.11266668,7.878468433,0
0.002750687672,-447.3037447,-15.97150229,-447.3037447,-15.97150229,8.053840694,0
0.00287571893,-447.1979667,-15.84046762,-447.1979667,-15.84046762,8.222376143,0
0.003000750188,-447.0917493,-15.71776734,-447.0917493,-15.71776734,8.386414262,0
0.003125781445,-446.9851873,-15.60160608,-446.9851873,-15.60160608,8.543026894,0
0.003250812703,-446.8783753,-15.49018849,-446.8783753,-15.49018849,8.697998146,0
0.003375843961,-446.7714079,-15.38171922,-446.7714079,-15.38171922,8.85057195,0
0.003500875219,-446.6643797,-15.27440291,-446.6643797,-15.27440291,9.00244465,0
0.003625906477,-446.5573854,-15.16644422,-446.5573854,-15.16644422,9.154559173,0
0.003750937734,-446.4505093,-15.05624157,-446.4505093,-15.05624157,9.308241359,0
0.003875968992,-446.3437693,-14.94345784,-446.3437693,-14.94345784,9.46360337,0
0.00400100025,-446.2371564,-14.82826305,-446.2371564,-14.82826305,9.620070363,0
0.004126031508,-446.1306615,-14.71082857,-446.1306615,-14.71082857,9.779032121,0
0.004251062766,-446.0242756,-14.59132577,-446.0242756,-14.59132577,9.938909025,0
0.004376094024,-445.9179897,-14.46992604,-445.9179897,-14.46992604,10.10011159,0
0.004501125281,-445.8117947,-14.34680074,-445.8117947,-14.34680074,10.2628934,0
0.004626156539,-445.7056817,-14.22212124,-445.7056817,-14.22212124,10.42639433,0
0.004751187797,-445.5996415,-14.09605893,-445.5996415,-14.09605893,10.5912024,0
0.004876219055,-445.4936652,-13.96878517,-445.4936652,-13.96878517,10.75682989,0
0.005001250313,-445.3877437,-13.84047134,-445.3877437,-13.84047134,10.92299244,0
0.00512628157,-445.281868,-13.71128882,-445.281868,-13.71128882,11.09017318,0
0.005251312828,-445.176029,-13.58140898,-445.176029,-13.58140898,11.25764431,0
0.005376344086,-445.0702178,-13.45100319,-445.0702178,-13.45100319,11.42553266,0
0.005501375344,-444.9644252,-13.32024282,-444.9644252,-13.32024282,11.59373179,0
0.005626406602,-444.8586423,-13.18929926,-444.8586423,-13.18929926,11.76201552,0
0.005751437859,-444.75286,-13.05834387,-444.75286,-13.05834387,11.93034437,0
0.005876469117,-444.6470694,-12.92754804,-444.6470694,-12.92754804,12.09850859,0
0.006001500375,-444.5412612,-12.79708313,-444.5412612,-12.79708313,12.26656112,0
0.006126531633,-444.4354266,-12.66712051,-444.4354266,-12.66712051,12.43402648,0
0.006251562891,-444.3295565,-12.53783157,-444.3295565,-12.53783157,12.60111385,0
0.006376594149,-444.2236419,-12.40938768,-444.2236419,-12.40938768,12.76766265,0
0.006501625406,-444.1176737,-12.2819602,-444.1176737,-12.2819602,12.93320823,0
0.006626656664,-444.0116429,-12.15572052,-444.0116429,-12.15572052,13.09819321,0
0.006751687922,-443.9055404,-12.03084001,-443.9055404,-12.03084001,13.26196204,0
0.00687671918,-443.7993573,-11.90749005,-443.7993573,-11.90749005,13.42459646,0
0.007001750438,-443.6930845,-11.785842,-443.6930845,-11.785842,13.58648657,0
0.007126781695,-443.5867129,-11.66606725,-443.5867129,-11.66606725,13.74626744,0
0.007251812953,-443.4802351,-11.54830855,-443.4802351,-11.54830855,13.90510585,0
0.007376844211,-443.3736512,-11.4325623,-443.3736512,-11.4325623,14.06261244,0
0.007501875469,-443.266964,-11.3187782,-443.266964,-11.3187782,14.21834875,0
0.007626906727,-443.1601759,-11.20690593,-443.1601759,-11.20690593,14.37324108,0
0.007751937984,-443.0532897,-11.09689519,-443.0532897,-11.09689519,14.52652294,0
0.007876969242,-442.9463081,-10.98869564,-442.9463081,-10.98869564,14.67861407,0
0.0080020005,-442.8392337,-10.88225698,-442.8392337,-10.88225698,14.82993256,0
0.008127031758,-442.7320691,-10.77752888,-442.7320691,-10.77752888,14.97946086,0
0.008252063016,-442.624817,-10.67446104,-442.624817,-10.67446104,15.12827826,0
0.008377094274,-442.51748,-10.57300313,-442.51748,-10.57300313,15.2760993,0
0.008502125531,-442.4100609,-10.47310484,-442.4100609,-10.47310484,15.42261492,0
0.008627156789,-442.3025622,-10.37471585,-442.3025622,-10.37471585,15.56851364,0
0.008752188047,-442.1949866,-10.27778585,-442.1949866,-10.27778585,15.71324428,0
0.008877219305,-442.0873368,-10.18226451,-442.0873368,-10.18226451,15.85711695,0
0.009002250563,-441.9796153,-10.08810153,-441.9796153,-10.08810153,16.00043518,0
0.00912728182,-441.871825,-9.995246581,-441.871825,-9.995246581,16.14248735,0
0.009252313078,-441.7639683,-9.903649349,-441.7639683,-9.903649349,16.28404066,0
0.009377344336,-441.656048,-9.81325952,-441.656048,-9.81325952,16.42490052,0
0.009502375594,-441.5480667,-9.724026775,-441.5480667,-9.724026775,16.56486103,0
0.009627406852,-441.4400271,-9.635900799,-441.4400271,-9.635900799,16.70440173,0
0.00975243811,-441.3319318,-9.548831274,-441.3319318,-9.548831274,16.84315594,0
0.009877469367,-441.2237835,-9.462767884,-441.2237835,-9.462767884,16.98134073,0
0.01000250063,-441.1155848,-9.377660313,-441.1155848,-9.377660313,17.11915927,0
0.01012753188,-441.0073384,-9.293458244,-441.0073384,-9.293458244,17.25616104,0
0.01025256314,-440.8990469,-9.21011136,-440.8990469,-9.21011136,17.39284735,0
0.0103775944,-440.790713,-9.127569344,-440.790713,-9.127569344,17.52909873,0
0.01050262566,-440.6823393,-9.04578188,-440.6823393,-9.04578188,17.66480038,0
0.01062765691,-440.5739285,-8.964698651,-440.5739285,-8.964698651,17.8002512,0
0.01075268817,-440.4654832,-8.884269342,-440.4654832,-8.884269342,17.93524149,0
0.01087771943,-440.3570062,-8.804443634,-440.3570062,-8.804443634,18.06991169,0
0.01100275069,-440.2484999,-8.725171211,-440.2484999,-8.725171211,18.20437734,0
0.01112778195,-440.1399672,-8.646401757,-440.1399672,-8.646401757,18.33841229,0
0.0112528132,-440.0314106,-8.568084956,-440.0314106,-8.568084956,18.47229205,0
0.01137784446,-439.9228328,-8.49017049,-439.9228328,-8.49017049,18.60595959,0
0.01150287572,-439.8142364,-8.412608042,-439.8142364,-8.412608042,18.73938373,0
0.01162790698,-439.7056241,-8.335347297,-439.7056241,-8.335347297,18.87270515,0
0.01175293823,-439.5969986,-8.258337938,-439.5969986,-8.258337938,19.00585153,0
0.01187796949,-439.4883623,-8.181534031,-439.4883623,-8.181534031,19.13889066,0
0.01200300075,-439.3797158,-8.104922933,-439.3797158,-8.104922933,19.27186107,0
0.01212803201,-439.271059,-8.02850728,-439.271059,-8.02850728,19.40466899,0
0.01225306327,-439.1623917,-7.952289785,-439.1623917,-7.952289785,19.53740491,0
0.01237809452,-439.0537139,-7.876273163,-439.0537139,-7.876273163,19.6700432,0
0.01250312578,-438.9450253,-7.800460128,-438.9450253,-7.800460128,19.80253899,0
0.01262815704,-438.8363259,-7.724853395,-438.8363259,-7.724853395,19.93496493,0
0.0127531883,-438.7276154,-7.649455678,-438.7276154,-7.649455678,20.06725464,0
0.01287821955,-438.6188938,-7.574269692,-438.6188938,-7.574269692,20.19943246,0
0.01300325081,-438.5101609,-7.499298151,-438.5101609,-7.499298151,20.33153858,0
0.01312828207,-438.4014165,-7.424543769,-438.4014165,-7.424543769,20.46346757,0
0.01325331333,-438.2926606,-7.350009262,-438.2926606,-7.350009262,20.59531777,0
0.01337834459,-438.1838929,-7.275697343,-438.1838929,-7.275697343,20.72706197,0
0.01350337584,-438.0751133,-7.201610727,-438.0751133,-7.201610727,20.85865096,0
0.0136284071,-437.9663217,-7.127752129,-437.9663217,-7.127752129,20.99016415,0
0.01375343836,-437.857518,-7.054124263,-437.857518,-7.054124263,21.12153006,0
0.01387846962,-437.748702,-6.980729842,-437.748702,-6.980729842,21.25277461,0
0.01400350088,-437.6398735,-6.907571583,-437.6398735,-6.907571583,21.38394165,0
0.01412853213,-437.5310324,-6.834652199,-437.5310324,-6.834652199,21.51491802,0
0.01425356339,-437.4221786,-6.761974404,-437.4221786,-6.761974404,21.6458092,0
0.01437859465,-437.3133119,-6.689540914,-437.3133119,-6.689540914,21.7765867,0
0.01450362591,-437.2044322,-6.617354442,-437.2044322,-6.617354442,21.90719716,0
0.01462865716,-437.0955393,-6.545417704,-437.0955393,-6.545417704,22.03772632,0
0.01475368842,-436.9866331,-6.473733413,-436.9866331,-6.473733413,22.16809812,0
0.01487871968,-436.8777135,-6.402304284,-436.8777135,-6.402304284,22.29833976,0
0.01500375094,-436.7687803,-6.331133031,-436.7687803,-6.331133031,22.42849855,0
0.0151287822,-436.6598334,-6.260222369,-436.6598334,-6.260222369,22.55845438,0
0.01525381345,-436.5508725,-6.189575013,-436.5508725,-6.189575013,22.6883191,0
0.01537884471,-436.4418977,-6.119193676,-436.4418977,-6.119193676,22.81806323,0
0.01550387597,-436.3329087,-6.049081074,-436.3329087,-6.049081074,22.94762948,0
0.01562890723,-436.2239054,-5.97923992,-436.2239054,-5.97923992,23.07710947,0
0.01575393848,-436.1148876,-5.909672929,-436.1148876,-5.909672929,23.20642306,0
0.01587896974,-436.0058552,-5.840382816,-436.0058552,-5.840382816,23.3355985,0
0.016004001,-435.8968081,-5.771372296,-435.8968081,-5.771372296,23.46468629,0
0.01612903226,-435.7877462,-5.702644081,-435.7877462,-5.702644081,23.5935602,0
0.01625406352,-435.6786692,-5.634200888,-435.6786692,-5.634200888,23.72233764,0
0.01637909477,-435.569577,-5.56604543,-435.569577,-5.56604543,23.85098844,0
0.01650412603,-435.4604695,-5.498180422,-435.4604695,-5.498180422,23.97945167,0
0.01662915729,-435.3513466,-5.430608579,-435.3513466,-5.430608579,24.10782426,0
0.01675418855,-435.2422081,-5.363332614,-435.2422081,-5.363332614,24.2360226,0
0.0168792198,-435.1330538,-5.296355242,-435.1330538,-5.296355242,24.3640757,0
0.01700425106,-435.0238837,-5.229679179,-435.0238837,-5.229679179,24.49203697,0
0.01712928232,-434.9146975,-5.163307137,-434.9146975,-5.163307137,24.61977497,0
0.01725431358,-434.8054952,-5.097241832,-434.8054952,-5.097241832,24.74741179,0
0.01737934484,-434.6962766,-5.031485978,-434.6962766,-5.031485978,24.87491685,0
0.01750437609,-434.5870415,-4.96604229,-434.5870415,-4.96604229,25.00222598,0
0.01762940735,-434.4777898,-4.900913298,-434.4777898,-4.900913298,25.12944129,0
0.01775443861,-434.3685216,-4.836098003,-434.3685216,-4.836098003,25.25647759,0
0.01787946987,-434.2592371,-4.771592216,-434.2592371,-4.771592216,25.38336886,0
0.01800450113,-434.1499365,-4.707391635,-434.1499365,-4.707391635,25.51016902,0
0.01812953238,-434.04062,-4.643491957,-434.04062,-4.643491957,25.63675555,0
0.01825456364,-433.9312879,-4.579888878,-433.9312879,-4.579888878,25.7632482,0
0.0183795949,-433.8219404,-4.516578095,-433.8219404,-4.516578095,25.88961961,0
0.01850462616,-433.7125777,-4.453555307,-433.7125777,-4.453555307,26.01581632,0
0.01862965741,-433.6032001,-4.390816209,-433.6032001,-4.390816209,26.14193095,0
0.01875468867,-433.4938078,-4.328356499,-433.4938078,-4.328356499,26.26789114,0
0.01887971993,-433.3844009,-4.266171875,-433.3844009,-4.266171875,26.39372619,0
0.01900475119,-433.2749798,-4.204258032,-433.2749798,-4.204258032,26.51948288,0
0.01912978245,-433.1655446,-4.142610669,-433.1655446,-4.142610669,26.64505666,0
0.0192548137,-433.0560956,-4.081225482,-433.0560956,-4.081225482,26.77054972,0
0.01937984496,-432.946633,-4.020098169,-432.946633,-4.020098169,26.89593938,0
0.01950487622,-432.8371571,-3.959224426,-432.8371571,-3.959224426,27.02117959,0
0.01962990748,-432.727668,-3.898599951,-432.727668,-3.898599951,27.14634986,0
0.01975493873,-432.618166,-3.838220441,-432.618166,-3.838220441,27.27138904,0
0.01987996999,-432.5086513,-3.778081593,-432.5086513,-3.778081593,27.39632171,0
0.02000500125,-432.3991242,-3.718179103,-432.3991242,-3.718179103,27.52118794,0
0.02013003251,-432.2895848,-3.65850867,-432.2895848,-3.65850867,27.64589979,0
0.02025506377,-432.1800334,-3.599065989,-432.1800334,-3.599065989,27.77054329,0
0.02038009502,-432.0704703,-3.539846759,-432.0704703,-3.539846759,27.89509996,0
0.02050512628,-431.9608956,-3.480846677,-431.9608956,-3.480846677,28.01953081,0
0.02063015754,-431.8513096,-3.422061438,-431.8513096,-3.422061438,28.14390307,0
0.0207551888,-431.7417124,-3.363486741,-431.7417124,-3.363486741,28.26816596,0
0.02088022006,-431.6321045,-3.305118283,-431.6321045,-3.305118283,28.39233983,0
0.02100525131,-431.5224858,-3.246951761,-431.5224858,-3.246951761,28.51645838,0
0.02113028257,-431.4128568,-3.188982871,-431.4128568,-3.188982871,28.64044913,0
0.02125531383,-431.3032175,-3.131207312,-431.3032175,-3.131207312,28.7643832,0
0.02138034509,-431.1935683,-3.073620779,-431.1935683,-3.073620779,28.88824583,0
0.02150537634,-431.0839094,-3.01621897,-431.0839094,-3.01621897,29.01200487,0
0.0216304076,-430.9742409,-2.958997583,-430.9742409,-2.958997583,29.13571595,0
0.02175543886,-430.8645632,-2.901952314,-430.8645632,-2.901952314,29.2593379,0
0.02188047012,-430.7548764,-2.84507886,-430.7548764,-2.84507886,29.38288733,0
0.02200550138,-430.6451808,-2.788372919,-430.6451808,-2.788372919,29.50639186,0
0.02213053263,-430.5354766,-2.731830187,-430.5354766,-2.731830187,29.62979347,0
0.02225556389,-430.425764,-2.675446362,-430.425764,-2.675446362,29.75314944,0
0.02238059515,-430.3160433,-2.619217141,-430.3160433,-2.619217141,29.87644836,0
0.02250562641,-430.2063146,-2.56313822,-430.2063146,-2.56313822,29.99966467,0
0.02263065766,-430.0965783,-2.507205298,-430.0965783,-2.507205298,30.12284303,0
0.02275568892,-429.9868344,-2.451414071,-429.9868344,-2.451414071,30.24595125,0
0.02288072018,-429.8770834,-2.395760235,-429.8770834,-2.395760235,30.36900259,0
0.02300575144,-429.7673253,-2.340239489,-429.7673253,-2.340239489,30.49201887,0
0.0231307827,-429.6575604,-2.28484753,-429.6575604,-2.28484753,30.61495564,0
0.02325581395,-429.547789,-2.229580054,-429.547789,-2.229580054,30.73785731,0
0.02338084521,-429.4380112,-2.174432758,-429.4380112,-2.174432758,30.86071544,0
0.02350587647,-429.3282274,-2.11940134,-429.3282274,-2.11940134,30.98351095,0
0.02363090773,-429.2184376,-2.064481497,-429.2184376,-2.064481497,31.10627799,0
0.02375593898,-429.1086422,-2.009668925,-429.1086422,-2.009668925,31.22899284,0
0.02388097024,-428.9988414,-1.954959323,-428.9988414,-1.954959323,31.35166577,0
0.0240060015,-428.8890354,-1.900348386,-428.8890354,-1.900348386,31.474313,0
0.02413103276,-428.7792244,-1.845831813,-428.7792244,-1.845831813,31.59690293,0
0.02425606402,-428.6694086,-1.7914053,-428.6694086,-1.7914053,31.7194679,0
0.02438109527,-428.5595883,-1.737064544,-428.5595883,-1.737064544,31.84200217,0
0.02450612653,-428.4497638,-1.682805257,-428.4497638,-1.682805257,31.96449285,0
0.02463115779,-428.3399351,-1.628624622,-428.3399351,-1.628624622,32.08696339,0
0.02475618905,-428.2301022,-1.574522501,-428.2301022,-1.574522501,32.20939667,0
0.02488122031,-428.1202652,-1.52049904,-428.1202652,-1.52049904,32.33179772,0
0.02500625156,-428.0104241,-1.466554387,-428.0104241,-1.466554387,32.45417889,0
0.02513128282,-427.9005788,-1.412688691,-427.9005788,-1.412688691,32.57651288,0
0.02525631408,-427.7907293,-1.358902097,-427.7907293,-1.358902097,32.69882449,0
0.02538134534,-427.6808756,-1.305194754,-427.6808756,-1.305194754,32.82110878,0
0.02550637659,-427.5710178,-1.251566809,-427.5710178,-1.251566809,32.94335076,0
0.02563140785,-427.4611558,-1.198018408,-427.4611558,-1.198018408,33.06557281,0
0.02575643911,-427.3512895,-1.144549701,-427.3512895,-1.144549701,33.18775759,0
0.02588147037,-427.2414191,-1.091160833,-427.2414191,-1.091160833,33.30990992,0
0.02600650163,-427.1315444,-1.037851953,-427.1315444,-1.037851953,33.43204231,0
0.02613153288,-427.0216655,-0.9846232074,-427.0216655,-0.9846232074,33.55412745,0
0.02625656414,-426.9117824,-0.9314747439,-426.9117824,-0.9314747439,33.67619002,0
0.0263815954,-426.8018951,-0.8784067099,-426.8018951,-0.8784067099,33.79822529,0
0.02650662666,-426.6920035,-0.8254192528,-426.6920035,-0.8254192528,33.920218,0
0.02663165791,-426.5821076,-0.7725125198,-426.5821076,-0.7725125198,34.04219073,0
0.02675668917,-426.4722075,-0.7196866585,-426.4722075,-0.7196866585,34.16412616,0
0.02688172043,-426.3623031,-0.6669418162,-426.3623031,-0.6669418162,34.28602895,0
0.02700675169,-426.2523945,-0.6142781402,-426.2523945,-0.6142781402,34.40791173,0
0.02713178295,-426.1424815,-0.561695778,-426.1424815,-0.561695778,34.52974722,0
0.0272568142,-426.0325643,-0.5091948769,-426.0325643,-0.5091948769,34.65155999,0
0.02738184546,-425.9226428,-0.4567755842,-425.9226428,-0.4567755842,34.77334548,0
0.02750687672,-425.8127169,-0.4044380475,-425.8127169,-0.4044380475,34.89508819,0
0.02763190798,-425.7027867,-0.352182414,-425.7027867,-0.352182414,35.01681087,0
0.02775693923,-425.5928522,-0.3000088312,-425.5928522,-0.3000088312,35.13849626,0
0.02788197049,-425.4829134,-0.2479174463,-425.4829134,-0.2479174463,35.26014882,0
0.02800700175,-425.3729703,-0.1959084069,-425.3729703,-0.1959084069,35.38178133,0
0.02813203301,-425.2630227,-0.1439818602,-425.2630227,-0.1439818602,35.50336654,0
0.02825706427,-425.1530709,-0.09213795367,-425.1530709,-0.09213795367,35.62492888,0
0.02838209552,-425.0431146,-0.04037683467,-425.0431146,-0.04037683467,35.74646397,0
0.02850712678,-424.933154,0.01130134943,-424.933154,0.01130134943,35.8679561,0
0.02863215804,-424.8231891,0.06289645125,-424.8231891,0.06289645125,35.98942815,0
0.0287571893,-424.7132197,0.1144083234,-424.7132197,0.1144083234,36.11086294,0
0.02888222056,-424.6032459,0.1658368185,-424.6032459,0.1658368185,36.23226475,0
0.02900725181,-424.4932678,0.2171817892,-424.4932678,0.2171817892,36.35364646,0
0.02913228307,-424.3832852,0.2684430881,-424.3832852,0.2684430881,36.47498089,0
0.02925731433,-424.2732982,0.3196205678,-424.2732982,0.3196205678,36.59629232,0
0.02938234559,-424.1633068,0.370714081,-424.1633068,0.370714081,36.71757655,0
0.02950737684,-424.0533109,0.4217234803,-424.0533109,0.4217234803,36.83881766,0
0.0296324081,-423.9433106,0.4726486182,-423.9433106,0.4726486182,36.96003867,0
0.02975743936,-423.8333059,0.5234893474,-423.8333059,0.5234893474,37.08122247,0
0.02988247062,-423.7232967,0.5742455206,-423.7232967,0.5742455206,37.20237313,0
0.03000750188,-423.613283,0.6249169903,-423.613283,0.6249169903,37.32350368,0
0.03013253313,-423.5032649,0.6755036092,-423.5032649,0.6755036092,37.444587,0
0.03025756439,-423.3932423,0.7260052299,-423.3932423,0.7260052299,37.56564719,0
0.03038259565,-423.2832152,0.7764217051,-423.2832152,0.7764217051,37.68668026,0
0.03050762691,-423.1731836,0.8267528872,-423.1731836,0.8267528872,37.80767007,0
0.03063265816,-423.0631475,0.876998629,-423.0631475,0.876998629,37.92863976,0
0.03075768942,-422.9531069,0.9271587832,-422.9531069,0.9271587832,38.04957231,0
0.03088272068,-422.8430618,0.9772332022,-422.8430618,0.9772332022,38.17047161,0
0.03100775194,-422.7330121,1.027221739,-422.7330121,1.027221739,38.29135079,0
0.0311327832,-422.6229579,1.077124245,-422.6229579,1.077124245,38.41218281,0
0.03125781445,-422.5128992,1.126940575,-422.5128992,1.126940575,38.53299159,0
0.03138284571,-422.4028359,1.17667058,-422.4028359,1.17667058,38.65377335,0
0.03150787697,-422.2927681,1.226314113,-422.2927681,1.226314113,38.77451173,0
0.03163290823,-422.1826956,1.275871026,-422.1826956,1.275871026,38.89522999,0
0.03175793948,-422.0726187,1.325341173,-422.0726187,1.325341173,39.01591122,0
0.03188297074,-421.9625371,1.374724405,-421.9625371,1.374724405,39.13655909,0
0.032008002,-421.852451,1.424020577,-421.852451,1.424020577,39.25718684,0
0.03213303326,-421.7423602,1.473229539,-421.7423602,1.473229539,39.37776754,0
0.03225806452,-421.6322649,1.522351145,-421.6322649,1.522351145,39.49832491,0
0.03238309577,-421.5221649,1.571385247,-421.5221649,1.571385247,39.61885536,0
0.03250812703,-421.4120603,1.620331699,-421.4120603,1.620331699,39.73934237,0
0.03263315829,-421.3019511,1.669190542,-421.3019511,1.669190542,39.85980938,0
0.03275818955,-421.1918374,1.717962333,-421.1918374,1.717962333,39.98023977,0
0.03288322081,-421.081719,1.766647719,-421.081719,1.766647719,40.10063747,0
0.03300825206,-420.9715962,1.815247343,-420.9715962,1.815247343,40.22101555,0
0.03313328332,-420.8614688,1.863761852,-420.8614688,1.863761852,40.34134843,0
0.03325831458,-420.751337,1.912191889,-420.751337,1.912191889,40.46165907,0
0.03338334584,-420.6412008,1.960538101,-420.6412008,1.960538101,40.58194428,0
0.03350837709,-420.5310602,2.008801132,-420.5310602,2.008801132,40.70218877,0
0.03363340835,-420.4209153,2.056981627,-420.4209153,2.056981627,40.82241466,0
0.03375843961,-420.310766,2.105080232,-420.310766,2.105080232,40.94260665,0
0.03388347087,-420.2006124,2.153097591,-420.2006124,2.153097591,41.06276824,0
0.03400850213,-420.0904546,2.201034349,-420.0904546,2.201034349,41.18291163,0
0.03413353338,-419.9802926,2.248891152,-419.9802926,2.248891152,41.30301324,0
0.03425856464,-419.8701264,2.296668644,-419.8701264,2.296668644,41.42309416,0
0.0343835959,-419.7599561,2.344367471,-419.7599561,2.344367471,41.54315161,0
0.03450862716,-419.6497817,2.391988277,-419.6497817,2.391988277,41.66317131,0
0.03463365841,-419.5396031,2.439531709,-419.5396031,2.439531709,41.78317379,0
0.03475868967,-419.4294206,2.486998409,-419.4294206,2.486998409,41.90314502,0
0.03488372093,-419.319234,2.534389025,-419.319234,2.534389025,42.02308806,0
0.03500875219,-419.2090434,2.581704201,-419.2090434,2.581704201,42.1430143,0
0.03513378345,-419.0988489,2.628944581,-419.0988489,2.628944581,42.26290203,0
0.0352588147,-418.9886505,2.676110811,-418.9886505,2.676110811,42.3827706,0
0.03538384596,-418.8784482,2.723203537,-418.8784482,2.723203537,42.5026176,0
0.03550887722,-418.7682421,2.770223402,-418.7682421,2.770223402,42.62242971,0
0.03563390848,-418.6580322,2.817171053,-418.6580322,2.817171053,42.74222596,0
0.03575893973,-418.5478185,2.864047133,-418.5478185,2.864047133,42.86199349,0
0.03588397099,-418.4376011,2.910852289,-418.4376011,2.910852289,42.98173501,0
0.03600900225,-418.3273799,2.957587166,-418.3273799,2.957587166,43.10146107,0
0.03613403351,-418.2171551,3.004252407,-418.2171551,3.004252407,43.22115179,0
0.03625906477,-418.1069267,3.050848659,-418.1069267,3.050848659,43.34082483,0
0.03638409602,-417.9966946,3.097376566,-417.9966946,3.097376566,43.46047813,0
0.03650912728,-417.886459,3.143836774,-417.886459,3.143836774,43.58009933,0
0.03663415854,-417.7762199,3.190229928,-417.7762199,3.190229928,43.69970598,0
0.0367591898,-417.6659772,3.236556672,-417.6659772,3.236556672,43.81928637,0
0.03688422106,-417.5557311,3.282817651,-417.5557311,3.282817651,43.93884286,0
0.03700925231,-417.4454815,3.329013512,-417.4454815,3.329013512,44.05838519,0
0.03713428357,-417.3352286,3.375144898,-417.3352286,3.375144898,44.17789525,0
0.03725931483,-417.2249723,3.421212455,-417.2249723,3.421212455,44.29738907,0
0.03738434609,-417.1147126,3.467216827,-417.1147126,3.467216827,44.41686492,0
0.03750937734,-417.0044497,3.513158661,-417.0044497,3.513158661,44.53631139,0
0.0376344086,-416.8941835,3.559038601,-416.8941835,3.559038601,44.65574458,0
0.03775943986,-416.7839141,3.604857291,-416.7839141,3.604857291,44.77515389,0
0.03788447112,-416.6736414,3.650615378,-416.6736414,3.650615378,44.89454135,0
0.03800950238,-416.5633657,3.696313506,-416.5633657,3.696313506,45.01391592,0
0.03813453363,-416.4530867,3.74195232,-416.4530867,3.74195232,45.13326118,0
0.03825956489,-416.3428047,3.787532466,-416.3428047,3.787532466,45.25259164,0
0.03838459615,-416.2325197,3.833054587,-416.2325197,3.833054587,45.37190581,0
0.03850962741,-416.1222316,3.87851933,-416.1222316,3.87851933,45.49119325,0
0.03863465866,-416.0119405,3.92392734,-416.0119405,3.92392734,45.61046866,0
0.03875968992,-415.9016465,3.96927926,-415.9016465,3.96927926,45.72972248,0
0.03888472118,-415.7913495,4.014575738,-415.7913495,4.014575738,45.84895647,0
0.03900975244,-415.6810497,4.059817417,-415.6810497,4.059817417,45.96817879,0
0.0391347837,-415.570747,4.105004942,-415.570747,4.105004942,46.08737469,0
0.03925981495,-415.4604415,4.15013896,-415.4604415,4.15013896,46.20655716,0
0.03938484621,-415.3501332,4.195220114,-415.3501332,4.195220114,46.32572499,0
0.03950987747,-415.2398221,4.240249049,-415.2398221,4.240249049,46.44486869,0
0.03963490873,-415.1295084,4.285226412,-415.1295084,4.285226412,46.56400156,0
0.03975993998,-415.0191919,4.330152846,-415.0191919,4.330152846,46.68311507,0
0.03988497124,-414.9088728,4.375028998,-414.9088728,4.375028998,46.80221071,0
0.0400100025,-414.7985511,4.419855511,-414.7985511,4.419855511,46.92129588,0
0.04013503376,-414.6882268,4.464633032,-414.6882268,4.464633032,47.04035742,0
0.04026006502,-414.5778999,4.509362204,-414.5778999,4.509362204,47.15940689,0
0.04038509627,-414.4675706,4.554043674,-414.4675706,4.554043674,47.27844332,0
0.04051012753,-414.3572387,4.598678086,-414.3572387,4.598678086,47.39745816,0
0.04063515879,-414.2469044,4.643266085,-414.2469044,4.643266085,47.51646333,0
0.04076019005,-414.1365677,4.687808317,-414.1365677,4.687808317,47.6354513,0
0.04088522131,-414.0262286,4.732305426,-414.0262286,4.732305426,47.75442335,0
0.04101025256,-413.9158872,4.776758057,-413.9158872,4.776758057,47.87338608,0
0.04113528382,-413.8055435,4.821166856,-413.8055435,4.821166856,47.99232789,0
0.04126031508,-413.6951975,4.865532467,-413.6951975,4.865532467,48.11125899,0
0.04138534634,-413.5848492,4.909855536,-413.5848492,4.909855536,48.23017858,0
0.04151037759,-413.4744987,4.954136708,-413.4744987,4.954136708,48.34907906,0
0.04163540885,-413.3641461,4.998376626,-413.3641461,4.998376626,48.46797101,0
0.04176044011,-413.2537913,5.042575739,-413.2537913,5.042575739,48.5868478,0
0.04188547137,-413.1434344,5.086734122,-413.1434344,5.086734122,48.70571021,0
0.04201050263,-413.0330753,5.130851805,-413.0330753,5.130851805,48.82456422,0
0.04213553388,-412.9227141,5.17492882,-412.9227141,5.17492882,48.94339903,0
0.04226056514,-412.8123507,5.218965198,-412.8123507,5.218965198,49.06222372,0
0.0423855964,-412.7019852,5.262960969,-412.7019852,5.262960969,49.18103763,0
0.04251062766,-412.5916176,5.306916166,-412.5916176,5.306916166,49.2998331,0
0.04263565891,-412.4812478,5.350830818,-412.4812478,5.350830818,49.41862024,0
0.04276069017,-412.3708759,5.394704957,-412.3708759,5.394704957,49.53739252,0
0.04288572143,-412.2605018,5.438538613,-412.2605018,5.438538613,49.65615059,0
0.04301075269,-412.1501256,5.482331819,-412.1501256,5.482331819,49.77490037,0
0.04313578395,-412.0397473,5.526084605,-412.0397473,5.526084605,49.89363125,0
0.0432608152,-411.9293669,5.569797002,-411.9293669,5.569797002,50.01235211,0
0.04338584646,-411.8189843,5.613469041,-411.8189843,5.613469041,50.13106238,0
0.04351087772,-411.7085996,5.657100753,-411.7085996,5.657100753,50.24975443,0
0.04363590898,-411.5982128,5.700692169,-411.5982128,5.700692169,50.36843825,0
0.04376094024,-411.4878239,5.74424332,-411.4878239,5.74424332,50.48710747,0
0.04388597149,-411.3774328,5.787754238,-411.3774328,5.787754238,50.60576263,0
0.04401100275,-411.2670396,5.831224953,-411.2670396,5.831224953,50.72440961,0
0.04413603401,-411.1566443,5.874655496,-411.1566443,5.874655496,50.84303799,0
0.04426106527,-411.0462469,5.918045899,-411.0462469,5.918045899,50.96165645,0
0.04438609652,-410.9358474,5.961396192,-410.9358474,5.961396192,51.08026451,0
0.04451112778,-410.8254457,6.004706407,-410.8254457,6.004706407,51.19885455,0
0.04463615904,-410.715042,6.047976574,-410.715042,6.047976574,51.31743648,0
0.0447611903,-410.6046361,6.091206725,-410.6046361,6.091206725,51.43600405,0
0.04488622156,-410.4942282,6.13439689,-410.4942282,6.13439689,51.55455772,0
0.04501125281,-410.3838181,6.177547101,-410.3838181,6.177547101,51.67310331,0
0.04513628407,-410.2734059,6.220657389,-410.2734059,6.220657389,51.79163061,0
0.04526131533,-410.1629916,6.263727784,-410.1629916,6.263727784,51.91014809,0
0.04538634659,-410.0525753,6.306758319,-410.0525753,6.306758319,52.02865534,0
0.04551137784,-409.9421568,6.349749023,-409.9421568,6.349749023,52.14714478,0
0.0456364091,-409.8317362,6.392699928,-409.8317362,6.392699928,52.26562624,0
0.04576144036,-409.7213135,6.435611065,-409.7213135,6.435611065,52.38409356,0
0.04588647162,-409.6108888,6.478482465,-409.6108888,6.478482465,52.50254714,0
0.04601150288,-409.5004619,6.521314159,-409.5004619,6.521314159,52.62099276,0
0.04613653413,-409.390033,6.564106178,-409.390033,6.564106178,52.73942038,0
0.04626156539,-409.2796019,6.606858553,-409.2796019,6.606858553,52.85783826,0
0.04638659665,-409.1691688,6.649571315,-409.1691688,6.649571315,52.97624611,0
0.04651162791,-409.0587336,6.692244495,-409.0587336,6.692244495,53.09463636,0
0.04663665916,-408.9482963,6.734878125,-408.9482963,6.734878125,53.21301873,0
0.04676169042,-408.8378569,6.777472235,-408.8378569,6.777472235,53.3313872,0
0.04688672168,-408.7274154,6.820026856,-408.7274154,6.820026856,53.44974208,0
0.04701175294,-408.6169719,6.86254202,-408.6169719,6.86254202,53.56808912,0
0.0471367842,-408.5065263,6.905017757,-408.5065263,6.905017757,53.68641844,0
0.04726181545,-408.3960786,6.947454099,-408.3960786,6.947454099,53.80473813,0
0.04738684671,-408.2856288,6.989851076,-408.2856288,6.989851076,53.92304796,0
0.04751187797,-408.175177,7.032208719,-408.175177,7.032208719,54.0413404,0
0.04763690923,-408.064723,7.07452706,-408.064723,7.07452706,54.15962507,0
0.04776194049,-407.9542671,7.11680613,-407.9542671,7.11680613,54.27789607,0
0.04788697174,-407.843809,7.15904596,-407.843809,7.15904596,54.39615364,0
0.048012003,-407.7333489,7.20124658,-407.7333489,7.20124658,54.51440347,0
0.04813703426,-407.6228867,7.243408022,-407.6228867,7.243408022,54.63263587,0
0.04826206552,-407.5124224,7.285530317,-407.5124224,7.285530317,54.75085874,0
0.04838709677,-407.4019561,7.327613495,-407.4019561,7.327613495,54.86907192,0
0.04851212803,-407.2914878,7.369657589,-407.2914878,7.369657589,54.98726792,0
0.04863715929,-407.1810173,7.411662628,-407.1810173,7.411662628,55.10545626,0
0.04876219055,-407.0705449,7.453628645,-407.0705449,7.453628645,55.22363117,0
0.04888722181,-406.9600703,7.495555669,-406.9600703,7.495555669,55.34179279,0
0.04901225306,-406.8495937,7.537443733,-406.8495937,7.537443733,55.45994678,0
0.04913728432,-406.7391151,7.579292867,-406.7391151,7.579292867,55.57808363,0
0.04926231558,-406.6286344,7.621103101,-406.6286344,7.621103101,55.69621104,0
0.04938734684,-406.5181516,7.662874469,-406.5181516,7.662874469,55.81432894,0
0.04951237809,-406.4076668,7.704606999,-406.4076668,7.704606999,55.93242986,0
0.04963740935,-406.29718,7.746300724,-406.29718,7.746300724,56.05052323,0
0.04976244061,-406.1866911,7.787955674,-406.1866911,7.787955674,56.1686034,0
0.04988747187,-406.0762002,7.82957188,-406.0762002,7.82957188,56.28667042,0
0.05001250313,-405.9657072,7.871149374,-405.9657072,7.871149374,56.40472993,0
0.05013753438,-405.8552122,7.912688186,-405.8552122,7.912688186,56.52277258,0
0.05026256564,-405.7447152,7.954188348,-405.7447152,7.954188348,56.64080588,0
0.0503875969,-405.6342161,7.99564989,-405.6342161,7.99564989,56.75882984,0
0.05051262816,-405.523715,8.037072844,-405.523715,8.037072844,56.87683703,0
0.05063765941,-405.4132119,8.078457241,-405.4132119,8.078457241,56.99483678,0
0.05076269067,-405.3027067,8.119803111,-405.3027067,8.119803111,57.11282355,0
0.05088772193,-405.1921995,8.161110487,-405.1921995,8.161110487,57.23079732,0
0.05101275319,-405.0816903,8.202379397,-405.0816903,8.202379397,57.34876369,0
0.05113778445,-404.971179,8.243609875,-404.971179,8.243609875,57.46671347,0
0.0512628157,-404.8606658,8.284801951,-404.8606658,8.284801951,57.584654,0
0.05138784696,-404.7501505,8.325955655,-404.7501505,8.325955655,57.70258537,0
0.05151287822,-404.6396331,8.36707102,-404.6396331,8.36707102,57.82050017,0
0.05163790948,-404.5291138,8.408148075,-404.5291138,8.408148075,57.93840762,0
0.05176294074,-404.4185925,8.449186853,-404.4185925,8.449186853,58.05630233,0
0.05188797199,-404.3080691,8.490187391,-404.3080691,8.490187391,58.17418419,0
0.05201300325,-404.1975437,8.531149786,-404.1975437,8.531149786,58.29205877,0
0.05213803451,-404.0870163,8.572074158,-404.0870163,8.572074158,58.4099171,0
0.05226306577,-403.9764869,8.612960628,-403.9764869,8.612960628,58.52776634,0
0.05238809702,-403.8659556,8.653809315,-403.8659556,8.653809315,58.64560667,0
0.05251312828,-403.7554222,8.694620341,-403.7554222,8.694620341,58.7634308,0
0.05263815954,-403.6448869,8.735393827,-403.6448869,8.735393827,58.88124781,0
0.0527631908,-403.5343496,8.776129891,-403.5343496,8.776129891,58.99905247,0
0.05288822206,-403.4238103,8.816828656,-403.4238103,8.816828656,59.11684468,0
0.05301325331,-403.313269,8.857490242,-403.313269,8.857490242,59.23462983,0
0.05313828457,-403.2027259,8.898114769,-403.2027259,8.898114769,59.35239932,0
0.05326331583,-403.0921807,8.938702358,-403.0921807,8.938702358,59.47015998,0
0.05338834709,-402.9816336,8.979253129,-402.9816336,8.979253129,59.58791204,0
0.05351337834,-402.8710846,9.019767203,-402.8710846,9.019767203,59.70564843,0
0.0536384096,-402.7605337,9.060244701,-402.7605337,9.060244701,59.82337792,0
0.05376344086,-402.6499808,9.100685742,-402.6499808,9.100685742,59.94109551,0
0.05388847212,-402.5394261,9.141090448,-402.5394261,9.141090448,60.05880103,0
0.05401350338,-402.4288694,9.181458939,-402.4288694,9.181458939,60.17649974,0
0.05413853463,-402.3183108,9.221791335,-402.3183108,9.221791335,60.29418332,0
0.05426356589,-402.2077503,9.262087758,-402.2077503,9.262087758,60.41185836,0
0.05438859715,-402.0971879,9.302348327,-402.0971879,9.302348327,60.52952512,0
0.05451362841,-401.9866237,9.342573164,-401.9866237,9.342573164,60.64717669,0
0.05463865966,-401.8760576,9.382762388,-401.8760576,9.382762388,60.7648216,0
0.05476369092,-401.7654895,9.42291612,-401.7654895,9.42291612,60.88245505,0
0.05488872218,-401.6549197,9.463034482,-401.6549197,9.463034482,61.00007681,0
0.05501375344,-401.544348,9.503117592,-401.544348,9.503117592,61.11769198,0
0.0551387847,-401.4337744,9.543165573,-401.4337744,9.543165573,61.23529258,0
0.05526381595,-401.323199,9.583178544,-401.323199,9.583178544,61.35288489,0
0.05538884721,-401.2126217,9.623156625,-401.2126217,9.623156625,61.47046924,0
0.05551387847,-401.1020426,9.663099939,-401.1020426,9.663099939,61.58803889,0
0.05563890973,-400.9914617,9.703008604,-400.9914617,9.703008604,61.70560211,0
0.05576394099,-400.880879,9.742882742,-400.880879,9.742882742,61.82315429,0
0.05588897224,-400.7702944,9.782722473,-400.7702944,9.782722473,61.94069515,0
0.0560140035,-400.659708,9.822527918,-400.659708,9.822527918,62.05822966,0
0.05613903476,-400.5491199,9.862299197,-400.5491199,9.862299197,62.17575013,0
0.05626406602,-400.4385299,9.90203643,-400.4385299,9.90203643,62.29326256,0
0.05638909727,-400.3279382,9.941739739,-400.3279382,9.941739739,62.41076735,0
0.05651412853,-400.2173447,9.981409244,-400.2173447,9.981409244,62.52825792,0
0.05663915979,-400.1067494,10.02104506,-400.1067494,10.02104506,62.64574229,0
0.05676419105,-399.9961523,10.06064732,-399.9961523,10.06064732,62.76321603,0
0.05688922231,-399.8855535,10.10021614,-399.8855535,10.10021614,62.88067882,0
0.05701425356,-399.7749529,10.13975163,-399.7749529,10.13975163,62.99813548,0
0.05713928482,-399.6643505,10.17925392,-399.6643505,10.17925392,63.11557863,0
0.05726431608,-399.5537465,10.21872313,-399.5537465,10.21872313,63.233014,0
0.05738934734,-399.4431406,10.25815938,-399.4431406,10.25815938,63.35044202,0
0.05751437859,-399.3325331,10.2975628,-399.3325331,10.2975628,63.4678563,0
0.05763940985,-399.2219238,10.33693349,-399.2219238,10.33693349,63.5852646,0
0.05776444111,-399.1113128,10.37627158,-399.1113128,10.37627158,63.70266268,0
0.05788947237,-399.0007001,10.41557719,-399.0007001,10.41557719,63.82005018,0
0.05801450363,-398.8900857,10.45485045,-398.8900857,10.45485045,63.93743176,0
0.05813953488,-398.7794696,10.49409147,-398.7794696,10.49409147,64.05480035,0
0.05826456614,-398.6688518,10.53330037,-398.6688518,10.53330037,64.17216141,0
0.0583895974,-398.5582323,10.57247728,-398.5582323,10.57247728,64.28951541,0
0.05851462866,-398.4476112,10.61162231,-398.4476112,10.61162231,64.40685615,0
0.05863965991,-398.3369883,10.65073558,-398.3369883,10.65073558,64.52419112,0
0.05876469117,-398.2263638,10.68981723,-398.2263638,10.68981723,64.64151628,0
0.05888972243,-398.1157377,10.72886735,-398.1157377,10.72886735,64.75883121,0
0.05901475369,-398.0051098,10.76788609,-398.0051098,10.76788609,64.87614044,0
0.05913978495,-397.8944804,10.80687355,-397.8944804,10.80687355,64.99343718,0
0.0592648162,-397.7838492,10.84582986,-397.7838492,10.84582986,65.11072664,0
0.05938984746,-397.6732165,10.88475513,-397.6732165,10.88475513,65.22800934,0
0.05951487872,-397.5625821,10.9236495,-397.5625821,10.9236495,65.34527923,0
0.05963990998,-397.4519461,10.96251307,-397.4519461,10.96251307,65.46254357,0
0.05976494124,-397.3413085,11.00134598,-397.3413085,11.00134598,65.57979849,0
0.05988997249,-397.2306693,11.04014833,-397.2306693,11.04014833,65.69704353,0
0.06001500375,-397.1200284,11.07892026,-397.1200284,11.07892026,65.81428308,0
0.06014003501,-397.009386,11.11766188,-397.009386,11.11766188,65.93151065,0
0.06026506627,-396.898742,11.15637331,-396.898742,11.15637331,66.04873118,0
0.06039009752,-396.7880964,11.19505467,-396.7880964,11.19505467,66.16594523,0
0.06051512878,-396.6774492,11.23370608,-396.6774492,11.23370608,66.28314693,0
0.06064016004,-396.5668005,11.27232767,-396.5668005,11.27232767,66.40034329,0
0.0607651913,-396.4561501,11.31091955,-396.4561501,11.31091955,66.51753061,0
0.06089022256,-396.3454983,11.34948185,-396.3454983,11.34948185,66.6347084,0
0.06101525381,-396.2348448,11.38801468,-396.2348448,11.38801468,66.75188092,0
0.06114028507,-396.1241899,11.42651817,-396.1241899,11.42651817,66.86904194,0
0.06126531633,-396.0135333,11.46499243,-396.0135333,11.46499243,66.98619616,0
0.06139034759,-395.9028753,11.5034376,-395.9028753,11.5034376,67.10334417,0
0.06151537884,-395.7922157,11.54185377,-395.7922157,11.54185377,67.22048029,0
0.0616404101,-395.6815546,11.58024109,-395.6815546,11.58024109,67.33761127,0
0.06176544136,-395.570892,11.61859967,-395.570892,11.61859967,67.4547336,0
0.06189047262,-395.4602279,11.65692962,-395.4602279,11.65692962,67.57184674,0
0.06201550388,-395.3495622,11.69523107,-395.3495622,11.69523107,67.68895481,0
0.06214053513,-395.2388951,11.73350415,-395.2388951,11.73350415,67.80605186,0
0.06226556639,-395.1282265,11.77174896,-395.1282265,11.77174896,67.92314235,0
0.06239059765,-395.0175564,11.80996564,-395.0175564,11.80996564,68.04022691,0
0.06251562891,-394.9068848,11.84815429,-394.9068848,11.84815429,68.15730001,0
0.06264066017,-394.7962118,11.88631505,-394.7962118,11.88631505,68.27436819,0
0.06276569142,-394.6855373,11.92444803,-394.6855373,11.92444803,68.39142807,0
0.06289072268,-394.5748613,11.96255336,-394.5748613,11.96255336,68.50847912,0
0.06301575394,-394.4641839,12.00063115,-394.4641839,12.00063115,68.62552529,0
0.0631407852,-394.353505,12.03868151,-394.353505,12.03868151,68.7425609,0
0.06326581645,-394.2428247,12.07670452,-394.2428247,12.07670452,68.85959018,0
0.06339084771,-394.132143,12.11470023,-394.132143,12.11470023,68.97661377,0
0.06351587897,-394.0214598,12.15266871,-394.0214598,12.15266871,69.09362627,0
0.06364091023,-393.9107752,12.19061002,-393.9107752,12.19061002,69.21063399,0
0.06376594149,-393.8000892,12.22852422,-393.8000892,12.22852422,69.32763371,0
0.06389097274,-393.6894017,12.26641136,-393.6894017,12.26641136,69.4446248,0
0.064016004,-393.5787128,12.30427151,-393.5787128,12.30427151,69.56161115,0
0.06414103526,-393.4680225,12.34210474,-393.4680225,12.34210474,69.67858722,0
0.06426606652,-393.3573308,12.37991109,-393.3573308,12.37991109,69.79555709,0
0.06439109777,-393.2466377,12.41769064,-393.2466377,12.41769064,69.91252143,0
0.06451612903,-393.1359431,12.45544343,-393.1359431,12.45544343,70.02947491,0
0.06464116029,-393.0252472,12.49316954,-393.0252472,12.49316954,70.14642374,0
0.06476619155,-392.9145498,12.53086903,-392.9145498,12.53086903,70.26336478,0
0.06489122281,-392.8038511,12.56854195,-392.8038511,12.56854195,70.38029737,0
0.06501625406,-392.6931509,12.60618836,-392.6931509,12.60618836,70.49722534,0
0.06514128532,-392.5824494,12.64380832,-392.5824494,12.64380832,70.6141433,0
0.06526631658,-392.4717464,12.68140191,-392.4717464,12.68140191,70.73105519,0
0.06539134784,-392.3610421,12.71896917,-392.3610421,12.71896917,70.84796169,0
0.06551637909,-392.2503364,12.75651017,-392.2503364,12.75651017,70.96485759,0
0.06564141035,-392.1396293,12.79402496,-392.1396293,12.79402496,71.08174895,0
0.06576644161,-392.0289208,12.83151362,-392.0289208,12.83151362,71.19863272,0
0.06589147287,-391.918211,12.86897619,-391.918211,12.86897619,71.31550823,0
0.06601650413,-391.8074998,12.90641275,-391.8074998,12.90641275,71.43237924,0
0.06614153538,-391.6967872,12.94382334,-391.6967872,12.94382334,71.5492405,0
0.06626656664,-391.5860733,12.98120804,-391.5860733,12.98120804,71.6660958,0
0.0663915979,-391.475358,13.0185669,-391.475358,13.0185669,71.78294589,0
0.06651662916,-391.3646413,13.05589998,-391.3646413,13.05589998,71.8997856,0
0.06664166042,-391.2539233,13.09320735,-391.2539233,13.09320735,72.01662089,0
0.06676669167,-391.1432039,13.13048906,-391.1432039,13.13048906,72.13344879,0
0.06689172293,-391.0324832,13.16774517,-391.0324832,13.16774517,72.25026862,0
0.06701675419,-390.9217611,13.20497576,-390.9217611,13.20497576,72.36708405,0
0.06714178545,-390.8110377,13.24218086,-390.8110377,13.24218086,72.48389,0
0.0672668167,-390.700313,13.27936056,-390.700313,13.27936056,72.60069012,0
0.06739184796,-390.5895869,13.3165149,-390.5895869,13.3165149,72.71748517,0
0.06751687922,-390.4788595,13.35364395,-390.4788595,13.35364395,72.83427009,0
0.06764191048,-390.3681307,13.39074777,-390.3681307,13.39074777,72.95105068,0
0.06776694174,-390.2574006,13.42782642,-390.2574006,13.42782642,73.0678241,0
0.06789197299,-390.1466692,13.46487996,-390.1466692,13.46487996,73.18458963,0
0.06801700425,-390.0359365,13.50190845,-390.0359365,13.50190845,73.30135086,0
0.06814203551,-389.9252025,13.53891195,-389.9252025,13.53891195,73.41810287,0
0.06826706677,-389.8144671,13.57589053,-389.8144671,13.57589053,73.53484918,0
0.06839209802,-389.7037305,13.61284424,-389.7037305,13.61284424,73.65159056,0
0.06851712928,-389.5929925,13.64977314,-389.5929925,13.64977314,73.76832204,0
0.06864216054,-389.4822532,13.6866773,-389.4822532,13.6866773,73.88504931,0
0.0687671918,-389.3715127,13.72355677,-389.3715127,13.72355677,74.0017696,0
0.06889222306,-389.2607708,13.76041162,-389.2607708,13.76041162,74.11848218,0
0.06901725431,-389.1500276,13.7972419,-389.1500276,13.7972419,74.23519058,0
0.06914228557,-389.0392832,13.83404769,-389.0392832,13.83404769,74.35189,0
0.06926731683,-388.9285374,13.87082903,-388.9285374,13.87082903,74.46858385,0
0.06939234809,-388.8177904,13.90758599,-388.8177904,13.90758599,74.58527292,0
0.06951737934,-388.7070421,13.94431862,-388.7070421,13.94431862,74.70195231,0
0.0696424106,-388.5962925,13.981027,-388.5962925,13.981027,74.8186276,0
0.06976744186,-388.4855416,14.01771118,-388.4855416,14.01771118,74.93529611,0
0.06989247312,-388.3747895,14.05437122,-388.3747895,14.05437122,75.05195709,0
0.07001750438,-388.2640361,14.09100718,-388.2640361,14.09100718,75.16861398,0
0.07014253563,-388.1532814,14.12761913,-388.1532814,14.12761913,75.28526216,0
0.07026756689,-388.0425255,14.16420712,-388.0425255,14.16420712,75.40190488,0
0.07039259815,-387.9317683,14.20077121,-387.9317683,14.20077121,75.51854296,0
0.07051762941,-387.8210098,14.23731147,-387.8210098,14.23731147,75.6351716,0
0.07064266067,-387.7102501,14.27382795,-387.7102501,14.27382795,75.75179624,0
0.07076769192,-387.5994892,14.31032072,-387.5994892,14.31032072,75.8684143,0
0.07089272318,-387.488727,14.34678984,-387.488727,14.34678984,75.98502499,0
0.07101775444,-387.3779635,14.38323536,-387.3779635,14.38323536,76.10163171,0
0.0711427857,-387.2671988,14.41965736,-387.2671988,14.41965736,76.21822995,0
0.07126781695,-387.1564329,14.45605588,-387.1564329,14.45605588,76.33482287,0
0.07139284821,-387.0456658,14.49243099,-387.0456658,14.49243099,76.45141128,0
0.07151787947,-386.9348974,14.52878275,-386.9348974,14.52878275,76.56799047,0
0.07164291073,-386.8241278,14.56511122,-386.8241278,14.56511122,76.68456577,0
0.07176794199,-386.7133569,14.60141647,-386.7133569,14.60141647,76.80113468,0
0.07189297324,-386.6025849,14.63769854,-386.6025849,14.63769854,76.9176964,0
0.0720180045,-386.4918116,14.67395751,-386.4918116,14.67395751,77.03425425,0
0.07214303576,-386.3810371,14.71019344,-386.3810371,14.71019344,77.15080386,0
0.07226806702,-386.2702614,14.74640637,-386.2702614,14.74640637,77.26734827,0
0.07239309827,-386.1594845,14.78259639,-386.1594845,14.78259639,77.38388831,0
0.07251812953,-386.0487064,14.81876354,-386.0487064,14.81876354,77.50041936,0
0.07264316079,-385.937927,14.85490788,-385.937927,14.85490788,77.61694661,0
0.07276819205,-385.8271465,14.89102948,-385.8271465,14.89102948,77.73346766,0
0.07289322331,-385.7163648,14.9271284,-385.7163648,14.9271284,77.84998169,0
0.07301825456,-385.6055819,14.9632047,-385.6055819,14.9632047,77.96649196,0
0.07314328582,-385.4947978,14.99925844,-385.4947978,14.99925844,78.08299423,0
0.07326831708,-385.3840125,15.03528968,-385.3840125,15.03528968,78.1994914,0
0.07339334834,-385.2732261,15.07129847,-385.2732261,15.07129847,78.31598435,0
0.07351837959,-385.1624384,15.10728489,-385.1624384,15.10728489,78.43246853,0
0.07364341085,-385.0516496,15.143249,-385.0516496,15.143249,78.54894902,0
0.07376844211,-384.9408596,15.17919084,-384.9408596,15.17919084,78.66542348,0
0.07389347337,-384.8300685,15.21511049,-384.8300685,15.21511049,78.7818911,0
0.07401850463,-384.7192761,15.251008,-384.7192761,15.251008,78.89835506,0
0.07414353588,-384.6084826,15.28688344,-384.6084826,15.28688344,79.01481124,0
0.07426856714,-384.497688,15.32273686,-384.497688,15.32273686,79.13126246,0
0.0743935984,-384.3868922,15.35856832,-384.3868922,15.35856832,79.24770958,0
0.07451862966,-384.2760952,15.3943779,-384.2760952,15.3943779,79.36414815,0
0.07464366092,-384.1652971,15.43016564,-384.1652971,15.43016564,79.48058313,0
0.07476869217,-384.0544978,15.46593161,-384.0544978,15.46593161,79.59701227,0
0.07489372343,-383.9436974,15.50167587,-383.9436974,15.50167587,79.71343473,0
0.07501875469,-383.8328959,15.53739848,-383.8328959,15.53739848,79.82985363,0
0.07514378595,-383.7220932,15.5730995,-383.7220932,15.5730995,79.94626499,0
0.0752688172,-383.6112894,15.60877898,-383.6112894,15.60877898,80.0626715,0
0.07539384846,-383.5004844,15.644437,-383.5004844,15.644437,80.17907404,0
0.07551887972,-383.3896784,15.68007359,-383.3896784,15.68007359,80.29546824,0
0.07564391098,-383.2788712,15.71568878,-383.2788712,15.71568878,80.41185893,0
0.07576894224,-383.1680628,15.75128263,-383.1680628,15.75128263,80.52824396,0
0.07589397349,-383.0572534,15.78685516,-383.0572534,15.78685516,80.64462244,0
0.07601900475,-382.9464428,15.82240642,-382.9464428,15.82240642,80.76099743,0
0.07614403601,-382.8356311,15.85793645,-382.8356311,15.85793645,80.87736508,0
0.07626906727,-382.7248183,15.89344527,-382.7248183,15.89344527,80.99372795,0
0.07639409852,-382.6140044,15.92893295,-382.6140044,15.92893295,81.11008696,0
0.07651912978,-382.5031893,15.96439951,-382.5031893,15.96439951,81.22643777,0
0.07664416104,-382.3923732,15.99984498,-382.3923732,15.99984498,81.34278515,0
0.0767691923,-382.2815559,16.03526942,-382.2815559,16.03526942,81.45912698,0
0.07689422356,-382.1707375,16.07067286,-382.1707375,16.07067286,81.57546239,0
0.07701925481,-382.0599181,16.10605535,-382.0599181,16.10605535,81.69179438,0
0.07714428607,-381.9490975,16.1414169,-381.9490975,16.1414169,81.80811918,0
0.07726931733,-381.8382758,16.17675758,-381.8382758,16.17675758,81.9244393,0
0.07739434859,-381.727453,16.21207741,-381.727453,16.21207741,82.04075563,0
0.07751937984,-381.6166292,16.24737644,-381.6166292,16.24737644,82.15706392,0
0.0776444111,-381.5058042,16.28265471,-381.5058042,16.28265471,82.27336885,0
0.07776944236,-381.3949781,16.31791225,-381.3949781,16.31791225,82.38966836,0
0.07789447362,-381.284151,16.3531491,-381.284151,16.3531491,82.50596156,0
0.07801950488,-381.1733228,16.38836531,-381.1733228,16.38836531,82.62225141,0
0.07814453613,-381.0624934,16.4235609,-381.0624934,16.4235609,82.73853423,0
0.07826956739,-380.951663,16.45873593,-380.951663,16.45873593,82.85481244,0
0.07839459865,-380.8408315,16.49389043,-380.8408315,16.49389043,82.97108697,0
0.07851962991,-380.729999,16.52902444,-380.729999,16.52902444,83.0873536,0
0.07864466117,-380.6191653,16.56413799,-380.6191653,16.56413799,83.20361693,0
0.07876969242,-380.5083306,16.59923113,-380.5083306,16.59923113,83.31987498,0
0.07889472368,-380.3974948,16.6343039,-380.3974948,16.6343039,83.43612681,0
0.07901975494,-380.2866579,16.66935634,-380.2866579,16.66935634,83.55237538,0
0.0791447862,-380.17582,16.70438847,-380.17582,16.70438847,83.66861707,0
0.07926981745,-380.064981,16.73940036,-380.064981,16.73940036,83.78485423,0
0.07939484871,-379.9541409,16.77439202,-379.9541409,16.77439202,83.9010878,0
0.07951987997,-379.8432998,16.80936351,-379.8432998,16.80936351,84.01731361,0
0.07964491123,-379.7324576,16.84431486,-379.7324576,16.84431486,84.13353619,0
0.07976994249,-379.6216143,16.8792461,-379.6216143,16.8792461,84.24975361,0
0.07989497374,-379.51077,16.91415729,-379.51077,16.91415729,84.36596494,0
0.080020005,-379.3999247,16.94904846,-379.3999247,16.94904846,84.48217305,0
0.08014503626,-379.2890782,16.98391964,-379.2890782,16.98391964,84.59837446,0
0.08027006752,-379.1782308,17.01877088,-379.1782308,17.01877088,84.7145714,0
0.08039509877,-379.0673823,17.05360222,-379.0673823,17.05360222,84.83076485,0
0.08052013003,-378.9565327,17.08841369,-378.9565327,17.08841369,84.94695069,0
0.08064516129,-378.8456821,17.12320533,-378.8456821,17.12320533,85.06313336,0
0.08077019255,-378.7348304,17.15797719,-378.7348304,17.15797719,85.17931099,0
0.08089522381,-378.6239777,17.1927293,-378.6239777,17.1927293,85.29548263,0
0.08102025506,-378.513124,17.2274617,-378.513124,17.2274617,85.41165114,0
0.08114528632,-378.4022692,17.26217444,-378.4022692,17.26217444,85.52781309,0
0.08127031758,-378.2914134,17.29686754,-378.2914134,17.29686754,85.64397065,0
0.08139534884,-378.1805566,17.33154105,-378.1805566,17.33154105,85.76012481,0
0.0815203801,-378.0696987,17.36619501,-378.0696987,17.36619501,85.87627149,0
0.08164541135,-377.9588398,17.40082945,-377.9588398,17.40082945,85.99241508,0
0.08177044261,-377.8479799,17.43544443,-377.8479799,17.43544443,86.10855375,0
0.08189547387,-377.7371189,17.47003996,-377.7371189,17.47003996,86.22468654,0
0.08202050513,-377.626257,17.5046161,-377.626257,17.5046161,86.34081626,0
0.08214553638,-377.515394,17.53917289,-377.515394,17.53917289,86.45693957,0
0.08227056764,-377.40453,17.57371036,-377.40453,17.57371036,86.57305857,0
0.0823955989,-377.2936649,17.60822855,-377.2936649,17.60822855,86.68917426,0
0.08252063016,-377.1827989,17.64272749,-377.1827989,17.64272749,86.80528261,0
0.08264566142,-377.0719318,17.67720724,-377.0719318,17.67720724,86.92138793,0
0.08277069267,-376.9610638,17.71166783,-376.9610638,17.71166783,87.03748845,0
0.08289572393,-376.8501947,17.7461093,-376.8501947,17.7461093,87.15358321,0
0.08302075519,-376.7393246,17.78053168,-376.7393246,17.78053168,87.26967495,0
0.08314578645,-376.6284536,17.81493503,-376.6284536,17.81493503,87.38576044,0
0.0832708177,-376.5175815,17.84931936,-376.5175815,17.84931936,87.5018417,0
0.08339584896,-376.4067084,17.88368473,-376.4067084,17.88368473,87.61791972,0
0.08352088022,-376.2958343,17.91803118,-376.2958343,17.91803118,87.73399055,0
0.08364591148,-376.1849593,17.95235873,-376.1849593,17.95235873,87.85005841,0
0.08377094274,-376.0740832,17.98666744,-376.0740832,17.98666744,87.96612159,0
0.08389597399,-375.9632061,18.02095734,-375.9632061,18.02095734,88.08217912,0
0.08402100525,-375.8523281,18.05522848,-375.8523281,18.05522848,88.19823369,0
0.08414603651,-375.7414491,18.08948088,-375.7414491,18.08948088,88.31428216,0
0.08427106777,-375.630569,18.12371458,-375.630569,18.12371458,88.43032647,0
0.08439609902,-375.519688,18.15792964,-375.519688,18.15792964,88.54636763,0
0.08452113028,-375.4088061,18.19212608,-375.4088061,18.19212608,88.66240174,0
0.08464616154,-375.2979231,18.22630395,-375.2979231,18.22630395,88.77843295,0
0.0847711928,-375.1870392,18.26046329,-375.1870392,18.26046329,88.89445959,0
0.08489622406,-375.0761542,18.29460412,-375.0761542,18.29460412,89.01048068,0
0.08502125531,-374.9652684,18.3287265,-374.9652684,18.3287265,89.12649888,0
0.08514628657,-374.8543815,18.36283047,-374.8543815,18.36283047,89.24251113,0
0.08527131783,-374.7434937,18.39691605,-374.7434937,18.39691605,89.35851929,0
0.08539634909,-374.6326049,18.4309833,-374.6326049,18.4309833,89.47452438,0
0.08552138035,-374.5217151,18.46503224,-374.5217151,18.46503224,89.59052256,0
0.0856464116,-374.4108244,18.49906293,-374.4108244,18.49906293,89.70651791,0
0.08577144286,-374.2999327,18.53307539,-374.2999327,18.53307539,89.82250879,0
0.08589647412,-374.1890401,18.56706967,-374.1890401,18.56706967,89.93849423,0
0.08602150538,-374.0781465,18.6010458,-374.0781465,18.6010458,90.05447685,0
0.08614653663,-373.9672519,18.63500383,-373.9672519,18.63500383,90.17045366,0
0.08627156789,-373.8563564,18.6689438,-373.8563564,18.6689438,90.28642646,0
0.08639659915,-373.74546,18.70286573,-373.74546,18.70286573,90.40239626,0
0.08652163041,-373.6345626,18.73676968,-373.6345626,18.73676968,90.5183593,0
0.08664666167,-373.5236642,18.77065569,-373.5236642,18.77065569,90.63431956,0
0.08677169292,-373.412765,18.80452378,-373.412765,18.80452378,90.75027547,0
0.08689672418,-373.3018647,18.838374,-373.3018647,18.838374,90.86622604,0
0.08702175544,-373.1909636,18.87220639,-373.1909636,18.87220639,90.98217386,0
0.0871467867,-373.0800614,18.906021,-373.0800614,18.906021,91.098116,0
0.08727181795,-372.9691584,18.93981784,-372.9691584,18.93981784,91.21405421,0
0.08739684921,-372.8582544,18.97359698,-372.8582544,18.97359698,91.32998951,0
0.08752188047,-372.7473495,19.00735844,-372.7473495,19.00735844,91.44591817,0
0.08764691173,-372.6364437,19.04110226,-372.6364437,19.04110226,91.56184412,0
0.08777194299,-372.5255369,19.07482849,-372.5255369,19.07482849,91.67776583,0
0.08789697424,-372.4146292,19.10853716,-372.4146292,19.10853716,91.79368231,0
0.0880220055,-372.3037206,19.14222831,-372.3037206,19.14222831,91.90959609,0
0.08814703676,-372.1928111,19.17590199,-372.1928111,19.17590199,92.02550433,0
0.08827206802,-372.0819006,19.20955822,-372.0819006,19.20955822,92.14140872,0
0.08839709927,-371.9709892,19.24319706,-371.9709892,19.24319706,92.25731028,0
0.08852213053,-371.860077,19.27681853,-371.860077,19.27681853,92.37320533,0
0.08864716179,-371.7491638,19.31042267,-371.7491638,19.31042267,92.48909773,0
0.08877219305,-371.6382496,19.34400952,-371.6382496,19.34400952,92.604986,0
0.08889722431,-371.5273346,19.37757907,-371.5273346,19.37757907,92.72086913,0
0.08902225556,-371.4164187,19.41113137,-371.4164187,19.41113137,92.83674961,0
0.08914728682,-371.3055019,19.44466642,-371.3055019,19.44466642,92.95262466,0
0.08927231808,-371.1945841,19.47818425,-371.1945841,19.47818425,93.06849592,0
0.08939734934,-371.0836654,19.51168487,-371.0836654,19.51168487,93.1843644,0
0.0895223806,-370.9727459,19.54516832,-370.9727459,19.54516832,93.30022647,0
0.08964741185,-370.8618254,19.5786346,-370.8618254,19.5786346,93.41608591,0
0.08977244311,-370.750904,19.61208374,-370.750904,19.61208374,93.5319413,0
0.08989747437,-370.6399818,19.64551576,-370.6399818,19.64551576,93.6477916,0
0.09002250563,-370.5290586,19.67893068,-370.5290586,19.67893068,93.7636393,0
0.09014753688,-370.4181345,19.71232852,-370.4181345,19.71232852,93.87948166,0
0.09027256814,-370.3072096,19.74570931,-370.3072096,19.74570931,93.99532026,0
0.0903975994,-370.1962837,19.77907305,-370.1962837,19.77907305,94.11115614,0
0.09052263066,-370.0853569,19.81241977,-370.0853569,19.81241977,94.22698568,0
0.09064766192,-369.9744293,19.84574949,-369.9744293,19.84574949,94.34281264,0
0.09077269317,-369.8635007,19.87906224,-369.8635007,19.87906224,94.4586356,0
0.09089772443,-369.7525712,19.91235802,-369.7525712,19.91235802,94.57445355,0
0.09102275569,-369.6416409,19.94563687,-369.6416409,19.94563687,94.69026892,0
0.09114778695,-369.5307097,19.9788988,-369.5307097,19.9788988,94.80607905,0
0.0912728182,-369.4197775,20.01214384,-369.4197775,20.01214384,94.92188546,0
0.09139784946,-369.3088445,20.045372,-369.3088445,20.045372,95.0376892,0
0.09152288072,-369.1979106,20.0785833,-369.1979106,20.0785833,95.15348667,0
0.09164791198,-369.0869758,20.11177777,-369.0869758,20.11177777,95.2692816,0
0.09177294324,-368.9760401,20.14495542,-368.9760401,20.14495542,95.38507261,0
0.09189797449,-368.8651036,20.17811628,-368.8651036,20.17811628,95.50085866,0
0.09202300575,-368.7541661,20.21126036,-368.7541661,20.21126036,95.61664217,0
0.09214803701,-368.6432278,20.24438768,-368.6432278,20.24438768,95.73242052,0
0.09227306827,-368.5322886,20.27749828,-368.5322886,20.27749828,95.84819519,0
0.09239809952,-368.4213485,20.31059216,-368.4213485,20.31059216,95.96396725,0
0.09252313078,-368.3104075,20.34366934,-368.3104075,20.34366934,96.07973311,0
0.09264816204,-368.1994657,20.37672986,-368.1994657,20.37672986,96.19549647,0
0.0927731933,-368.0885229,20.40977372,-368.0885229,20.40977372,96.31125598,0
0.09289822456,-367.9775793,20.44280095,-367.9775793,20.44280095,96.42701058,0
0.09302325581,-367.8666349,20.47581156,-367.8666349,20.47581156,96.54276268,0
0.09314828707,-367.7556895,20.50880559,-367.7556895,20.50880559,96.65850971,0
0.09327331833,-367.6447433,20.54178304,-367.6447433,20.54178304,96.77425311,0
0.09339834959,-367.5337962,20.57474395,-367.5337962,20.57474395,96.88999393,0
0.09352338085,-367.4228482,20.60768832,-367.4228482,20.60768832,97.00572864,0
0.0936484121,-367.3118993,20.64061618,-367.3118993,20.64061618,97.12146088,0
0.09377344336,-367.2009496,20.67352756,-367.2009496,20.67352756,97.23718933,0
0.09389847462,-367.0899991,20.70642246,-367.0899991,20.70642246,97.35291294,0
0.09402350588,-366.9790476,20.73930092,-366.9790476,20.73930092,97.46863408,0
0.09414853713,-366.8680953,20.77216295,-366.8680953,20.77216295,97.58435024,0
0.09427356839,-366.7571421,20.80500856,-366.7571421,20.80500856,97.7000628,0
0.09439859965,-366.6461881,20.8378378,-366.6461881,20.8378378,97.81577284,0
0.09452363091,-366.5352332,20.87065066,-366.5352332,20.87065066,97.93147684,0
0.09464866217,-366.4242774,20.90344718,-366.4242774,20.90344718,98.04717841,0
0.09477369342,-366.3133208,20.93622737,-366.3133208,20.93622737,98.16287626,0
0.09489872468,-366.2023633,20.96899125,-366.2023633,20.96899125,98.27856932,0
0.09502375594,-366.0914049,21.00173885,-366.0914049,21.00173885,98.39425995,0
0.0951487872,-365.9804457,21.03447018,-365.9804457,21.03447018,98.50994569,0
0.09527381845,-365.8694857,21.06718527,-365.8694857,21.06718527,98.62562786,0
0.09539884971,-365.7585248,21.09988413,-365.7585248,21.09988413,98.74130756,0
0.09552388097,-365.647563,21.13256678,-365.647563,21.13256678,98.8569813,0
0.09564891223,-365.5366004,21.16523326,-365.5366004,21.16523326,98.97265264,0
0.09577394349,-365.4256369,21.19788357,-365.4256369,21.19788357,99.08832032,0
0.09589897474,-365.3146726,21.23051773,-365.3146726,21.23051773,99.20398328,0
0.096024006,-365.2037074,21.26313577,-365.2037074,21.26313577,99.31964384,0
0.09614903726,-365.0927414,21.29573771,-365.0927414,21.29573771,99.43529959,0
0.09627406852,-364.9817745,21.32832357,-364.9817745,21.32832357,99.55095181,0
0.09639909977,-364.8708068,21.36089337,-364.8708068,21.36089337,99.66660162,0
0.09652413103,-364.7598382,21.39344712,-364.7598382,21.39344712,99.78224553,0
0.09664916229,-364.6488688,21.42598485,-364.6488688,21.42598485,99.89788708,0
0.09677419355,-364.5378986,21.45850659,-364.5378986,21.45850659,100.013525,0
0.09689922481,-364.4269275,21.49101234,-364.4269275,21.49101234,100.1291583,0
0.09702425606,-364.3159556,21.52350213,-364.3159556,21.52350213,100.2447893,0
0.09714928732,-364.2049828,21.55597598,-364.2049828,21.55597598,100.3604155,0
0.09727431858,-364.0940092,21.58843391,-364.0940092,21.58843391,100.4760382,0
0.09739934984,-363.9830347,21.62087594,-363.9830347,21.62087594,100.5916585,0
0.0975243811,-363.8720594,21.6533021,-363.8720594,21.6533021,100.7072731,0
0.09764941235,-363.7610833,21.68571239,-363.7610833,21.68571239,100.8228853,0
0.09777444361,-363.6501064,21.71810685,-363.6501064,21.71810685,100.9384939,0
0.09789947487,-363.5391286,21.75048549,-363.5391286,21.75048549,101.054098,0
0.09802450613,-363.42815,21.78284833,-363.42815,21.78284833,101.1696997,0
0.09814953738,-363.3171705,21.8151954,-363.3171705,21.8151954,101.2852968,0
0.09827456864,-363.2061902,21.84752671,-363.2061902,21.84752671,101.4008904,0
0.0983995999,-363.0952091,21.87984228,-363.0952091,21.87984228,101.5164818,0
0.09852463116,-362.9842272,21.91214213,-362.9842272,21.91214213,101.6320673,0
0.09864966242,-362.8732444,21.9444263,-362.8732444,21.9444263,101.7476506,0
0.09877469367,-362.7622608,21.97669478,-362.7622608,21.97669478,101.8632304,0
0.09889972493,-362.6512764,22.00894761,-362.6512764,22.00894761,101.9788057,0
0.09902475619,-362.5402911,22.04118481,-362.5402911,22.04118481,102.0943787,0
0.09914978745,-362.4293051,22.07340639,-362.4293051,22.07340639,102.209947,0
0.0992748187,-362.3183182,22.10561238,-362.3183182,22.10561238,102.325512,0
0.09939984996,-362.2073305,22.1378028,-362.2073305,22.1378028,102.4410748,0
0.09952488122,-362.0963419,22.16997766,-362.0963419,22.16997766,102.5566318,0
0.09964991248,-361.9853526,22.20213699,-361.9853526,22.20213699,102.6721866,0
0.09977494374,-361.8743624,22.23428081,-361.8743624,22.23428081,102.787738,0
0.09989997499,-361.7633714,22.26640914,-361.7633714,22.26640914,102.9032849,0
0.1000250063,-361.6523796,22.29852199,-361.6523796,22.29852199,103.0188295,0
0.1001500375,-361.541387,22.3306194,-361.541387,22.3306194,103.1343696,0
0.1002750688,-361.4303936,22.36270137,-361.4303936,22.36270137,103.2499064,0
0.1004001,-361.3193993,22.39476793,-361.3193993,22.39476793,103.3654409,0
0.1005251313,-361.2084043,22.4268191,-361.2084043,22.4268191,103.4809699,0
0.1006501625,-361.0974084,22.45885491,-361.0974084,22.45885491,103.5964966,0
0.1007751938,-360.9864118,22.49087536,-360.9864118,22.49087536,103.71202,0
0.1009002251,-360.8754143,22.52288049,-360.8754143,22.52288049,103.8275389,0
0.1010252563,-360.764416,22.5548703,-360.764416,22.5548703,103.9430556,0
0.1011502876,-360.6534169,22.58684483,-360.6534169,22.58684483,104.0585679,0
0.1012753188,-360.542417,22.61880409,-360.542417,22.61880409,104.1740769,0
0.1014003501,-360.4314163,22.6507481,-360.4314163,22.6507481,104.2895836,0
0.1015253813,-360.3204148,22.68267689,-360.3204148,22.68267689,104.4050849,0
0.1016504126,-360.2094125,22.71459047,-360.2094125,22.71459047,104.520584,0
0.1017754439,-360.0984094,22.74648886,-360.0984094,22.74648886,104.6360798,0
0.1019004751,-359.9874055,22.77837208,-359.9874055,22.77837208,104.7515712,0
0.1020255064,-359.8764008,22.81024016,-359.8764008,22.81024016,104.8670604,0
0.1021505376,-359.7653953,22.84209312,-359.7653953,22.84209312,104.9825452,0
0.1022755689,-359.654389,22.87393097,-359.654389,22.87393097,105.0980268,0
0.1024006002,-359.5433819,22.90575373,-359.5433819,22.90575373,105.2135062,0
0.1025256314,-359.4323741,22.93756144,-359.4323741,22.93756144,105.3289803,0
0.1026506627,-359.3213654,22.96935409,-359.3213654,22.96935409,105.4444521,0
0.1027756939,-359.2103559,23.00113173,-359.2103559,23.00113173,105.5599207,0
0.1029007252,-359.0993457,23.03289435,-359.0993457,23.03289435,105.675385,0
0.1030257564,-358.9883346,23.06464198,-358.9883346,23.06464198,105.7908471,0
0.1031507877,-358.8773228,23.09637461,-358.8773228,23.09637461,105.906305,0
0.103275819,-358.7663101,23.12809226,-358.7663101,23.12809226,106.0217596,0
0.1034008502,-358.6552967,23.15979495,-358.6552967,23.15979495,106.137212,0
0.1035258815,-358.5442825,23.19148267,-358.5442825,23.19148267,106.2526591,0
0.1036509127,-358.4332675,23.22315544,-358.4332675,23.22315544,106.3681041,0
0.103775944,-358.3222517,23.25481326,-358.3222517,23.25481326,106.4835459,0
0.1039009752,-358.2112352,23.28645615,-358.2112352,23.28645615,106.5989833,0
0.1040260065,-358.1002178,23.31808412,-358.1002178,23.31808412,106.7144187,0
0.1041510378,-357.9891997,23.34969717,-357.9891997,23.34969717,106.8298498,0
0.104276069,-357.8781808,23.38129532,-357.8781808,23.38129532,106.9452777,0
0.1044011003,-357.767161,23.41287857,-357.767161,23.41287857,107.0607034,0
0.1045261315,-357.6561405,23.44444694,-357.6561405,23.44444694,107.1761239,0
0.1046511628,-357.5451193,23.47600042,-357.5451193,23.47600042,107.2915422,0
0.104776194,-357.4340972,23.50753904,-357.4340972,23.50753904,107.4069574,0
0.1049012253,-357.3230744,23.5390628,-357.3230744,23.5390628,107.5223683,0
0.1050262566,-357.2120507,23.57057171,-357.2120507,23.57057171,107.6377771,0
0.1051512878,-357.1010263,23.60206579,-357.1010263,23.60206579,107.7531818,0
0.1052763191,-356.9900011,23.63354503,-356.9900011,23.63354503,107.8685832,0
0.1054013503,-356.8789751,23.66500945,-356.8789751,23.66500945,107.9839825,0
0.1055263816,-356.7679484,23.69645906,-356.7679484,23.69645906,108.0993766,0
0.1056514129,-356.6569209,23.72789386,-356.6569209,23.72789386,108.2147685,0
0.1057764441,-356.5458925,23.75931388,-356.5458925,23.75931388,108.3301574,0
0.1059014754,-356.4348634,23.79071911,-356.4348634,23.79071911,108.445542,0
0.1060265066,-356.3238336,23.82210957,-356.3238336,23.82210957,108.5609245,0
0.1061515379,-356.2128029,23.85348526,-356.2128029,23.85348526,108.6763029,0
0.1062765691,-356.1017715,23.8848462,-356.1017715,23.8848462,108.7916781,0
0.1064016004,-355.9907393,23.91619239,-355.9907393,23.91619239,108.9070512,0
0.1065266317,-355.8797063,23.94752385,-355.8797063,23.94752385,109.0224192,0
0.1066516629,-355.7686725,23.97884058,-355.7686725,23.97884058,109.137785,0
0.1067766942,-355.657638,24.01014259,-355.657638,24.01014259,109.2531478,0
0.1069017254,-355.5466027,24.04142989,-355.5466027,24.04142989,109.3685063,0
0.1070267567,-355.4355666,24.0727025,-355.4355666,24.0727025,109.4838628,0
0.1071517879,-355.3245298,24.10396041,-355.3245298,24.10396041,109.5992152,0
0.1072768192,-355.2134921,24.13520365,-355.2134921,24.13520365,109.7145644,0
0.1074018505,-355.1024537,24.16643221,-355.1024537,24.16643221,109.8299116,0
0.1075268817,-354.9914145,24.19764612,-354.9914145,24.19764612,109.9452537,0
0.107651913,-354.8803746,24.22884537,-354.8803746,24.22884537,110.0605936,0
0.1077769442,-354.7693339,24.26002998,-354.7693339,24.26002998,110.1759305,0
0.1079019755,-354.6582924,24.29119996,-354.6582924,24.29119996,110.2912633,0
0.1080270068,-354.5472501,24.32235531,-354.5472501,24.32235531,110.406594,0
0.108152038,-354.4362071,24.35349605,-354.4362071,24.35349605,110.5219206,0
0.1082770693,-354.3251633,24.38462219,-354.3251633,24.38462219,110.6372441,0
0.1084021005,-354.2141187,24.41573373,-354.2141187,24.41573373,110.7525656,0
0.1085271318,-354.1030734,24.44683069,-354.1030734,24.44683069,110.867882,0
0.108652163,-353.9920272,24.47791306,-353.9920272,24.47791306,110.9831963,0
0.1087771943,-353.8809804,24.50898088,-353.8809804,24.50898088,111.0985077,0
0.1089022256,-353.7699327,24.54003413,-353.7699327,24.54003413,111.2138149,0
0.1090272568,-353.6588843,24.57107284,-353.6588843,24.57107284,111.32912,0
0.1091522881,-353.5478351,24.602097,-353.5478351,24.602097,111.4444212,0
0.1092773193,-353.4367852,24.63310664,-353.4367852,24.63310664,111.5597192,0
0.1094023506,-353.3257345,24.66410176,-353.3257345,24.66410176,111.6750152,0
0.1095273818,-353.214683,24.69508236,-353.214683,24.69508236,111.7903062,0
0.1096524131,-353.1036308,24.72604847,-353.1036308,24.72604847,111.9055951,0
0.1097774444,-352.9925778,24.75700008,-352.9925778,24.75700008,112.0208811,0
0.1099024756,-352.881524,24.78793722,-352.881524,24.78793722,112.136163,0
0.1100275069,-352.7704695,24.81885987,-352.7704695,24.81885987,112.2514428,0
0.1101525381,-352.6594142,24.84976807,-352.6594142,24.84976807,112.3667187,0
0.1102775694,-352.5483581,24.88066181,-352.5483581,24.88066181,112.4819915,0
0.1104026007,-352.4373013,24.91154111,-352.4373013,24.91154111,112.5972623,0
0.1105276319,-352.3262437,24.94240597,-352.3262437,24.94240597,112.7125282,0
0.1106526632,-352.2151854,24.9732564,-352.2151854,24.9732564,112.827792,0
0.1107776944,-352.1041263,25.00409242,-352.1041263,25.00409242,112.9430529,0
0.1109027257,-351.9930664,25.03491403,-351.9930664,25.03491403,113.0583096,0
0.1110277569,-351.8820058,25.06572124,-351.8820058,25.06572124,113.1735644,0
0.1111527882,-351.7709445,25.09651407,-351.7709445,25.09651407,113.2888153,0
0.1112778195,-351.6598823,25.12729252,-351.6598823,25.12729252,113.4040631,0
0.1114028507,-351.5488194,25.15805659,-351.5488194,25.15805659,113.5193089,0
0.111527882,-351.4377558,25.18880631,-351.4377558,25.18880631,113.6345499,0
0.1116529132,-351.3266914,25.21954167,-351.3266914,25.21954167,113.7497888,0
0.1117779445,-351.2156262,25.2502627,-351.2156262,25.2502627,113.8650248,0
0.1119029757,-351.1045603,25.28096939,-351.1045603,25.28096939,113.9802567,0
0.112028007,-350.9934937,25.31166176,-350.9934937,25.31166176,114.0954867,0
0.1121530383,-350.8824262,25.34233982,-350.8824262,25.34233982,114.2107128,0
0.1122780695,-350.7713581,25.37300357,-350.7713581,25.37300357,114.3259359,0
0.1124031008,-350.6602891,25.40365303,-350.6602891,25.40365303,114.441157,0
0.112528132,-350.5492195,25.4342882,-350.5492195,25.4342882,114.5563732,0
0.1126531633,-350.438149,25.4649091,-350.438149,25.4649091,114.6715874,0
0.1127781945,-350.3270778,25.49551573,-350.3270778,25.49551573,114.7867988,0
0.1129032258,-350.2160059,25.52610811,-350.2160059,25.52610811,114.9020062,0
0.1130282571,-350.1049332,25.55668624,-350.1049332,25.55668624,115.0172115,0
0.1131532883,-349.9938598,25.58725013,-349.9938598,25.58725013,115.1324131,0
0.1132783196,-349.8827856,25.61779979,-349.8827856,25.61779979,115.2476117,0
0.1134033508,-349.7717107,25.64833523,-349.7717107,25.64833523,115.3628083,0
0.1135283821,-349.660635,25.67885646,-349.660635,25.67885646,115.4780001,0
0.1136534134,-349.5495585,25.7093635,-349.5495585,25.7093635,115.5931899,0
0.1137784446,-349.4384814,25.73985634,-349.4384814,25.73985634,115.7083769,0
0.1139034759,-349.3274034,25.770335,-349.3274034,25.770335,115.8235599,0
0.1140285071,-349.2163248,25.80079949,-349.2163248,25.80079949,115.9387409,0
0.1141535384,-349.1052453,25.83124981,-349.1052453,25.83124981,116.0539182,0
0.1142785696,-348.9941652,25.86168598,-348.9941652,25.86168598,116.1690925,0
0.1144036009,-348.8830842,25.89210801,-348.8830842,25.89210801,116.2842648,0
0.1145286322,-348.7720026,25.92251591,-348.7720026,25.92251591,116.3994325,0
0.1146536634,-348.6609202,25.95290967,-348.6609202,25.95290967,116.514598,0
0.1147786947,-348.549837,25.98328933,-348.549837,25.98328933,116.6297609,0
0.1149037259,-348.4387531,26.01365487,-348.4387531,26.01365487,116.7449197,0
0.1150287572,-348.3276685,26.04400632,-348.3276685,26.04400632,116.8600766,0
0.1151537884,-348.2165831,26.07434369,-348.2165831,26.07434369,116.9752299,0
0.1152788197,-348.105497,26.10466697,-348.105497,26.10466697,117.0903801,0
0.115403851,-347.9944102,26.13497619,-347.9944102,26.13497619,117.2055284,0
0.1155288822,-347.8833226,26.16527134,-347.8833226,26.16527134,117.3206721,0
0.1156539135,-347.7722342,26.19555245,-347.7722342,26.19555245,117.4358137,0
0.1157789447,-347.6611451,26.22581951,-347.6611451,26.22581951,117.5509526,0
0.115903976,-347.5500553,26.25607255,-347.5500553,26.25607255,117.6660876,0
0.1160290073,-347.4389647,26.28631156,-347.4389647,26.28631156,117.7812207,0
0.1161540385,-347.3278734,26.31653656,-347.3278734,26.31653656,117.8963501,0
0.1162790698,-347.2167814,26.34674756,-347.2167814,26.34674756,118.0114765,0
0.116404101,-347.1056886,26.37694457,-347.1056886,26.37694457,118.126601,0
0.1165291323,-346.9945951,26.40712759,-346.9945951,26.40712759,118.2417209,0
0.1166541635,-346.8835009,26.43729663,-346.8835009,26.43729663,118.3568388,0
0.1167791948,-346.7724059,26.46745171,-346.7724059,26.46745171,118.4719541,0
0.1169042261,-346.6613102,26.49759284,-346.6613102,26.49759284,118.5870654,0
0.1170292573,-346.5502137,26.52772002,-346.5502137,26.52772002,118.7021748,0
0.1171542886,-346.4391165,26.55783326,-346.4391165,26.55783326,118.8172806,0
0.1172793198,-346.3280186,26.58793257,-346.3280186,26.58793257,118.9323834,0
0.1174043511,-346.21692,26.61801797,-346.21692,26.61801797,119.0474844,0
0.1175293823,-346.1058206,26.64808946,-346.1058206,26.64808946,119.1625808,0
0.1176544136,-345.9947204,26.67814704,-345.9947204,26.67814704,119.2776752,0
0.1177794449,-345.8836196,26.70819074,-345.8836196,26.70819074,119.392767,0
0.1179044761,-345.772518,26.73822056,-345.772518,26.73822056,119.5078549,0
0.1180295074,-345.6614157,26.76823651,-345.6614157,26.76823651,119.6229409,0
0.1181545386,-345.5503126,26.79823861,-345.5503126,26.79823861,119.7380233,0
0.1182795699,-345.4392089,26.82822688,-345.4392089,26.82822688,119.8531028,0
0.1184046012,-345.3281044,26.85820134,-345.3281044,26.85820134,119.9681805,0
0.1185296324,-345.2169991,26.888162,-345.2169991,26.888162,120.0832536,0
0.1186546637,-345.1058932,26.91810888,-345.1058932,26.91810888,120.1983248,0
0.1187796949,-344.9947865,26.948042,-344.9947865,26.948042,120.3133934,0
0.1189047262,-344.8836791,26.97796138,-344.8836791,26.97796138,120.4284581,0
0.1190297574,-344.7725709,27.00786703,-344.7725709,27.00786703,120.543521,0
0.1191547887,-344.6614621,27.03775898,-344.6614621,27.03775898,120.6585804,0
0.11927982,-344.5503525,27.06763724,-344.5503525,27.06763724,120.7736369,0
0.1194048512,-344.4392422,27.09750183,-344.4392422,27.09750183,120.8886915,0
0.1195298825,-344.3281312,27.12735276,-344.3281312,27.12735276,121.0037418,0
0.1196549137,-344.2170195,27.15719006,-344.2170195,27.15719006,121.1187901,0
0.119779945,-344.105907,27.18701373,-344.105907,27.18701373,121.2338358,0
0.1199049762,-343.9947939,27.21682381,-343.9947939,27.21682381,121.3488777,0
0.1200300075,-343.88368,27.24662031,-343.88368,27.24662031,121.4639179,0
0.1201550388,-343.7725654,27.27640324,-343.7725655,27.27640363,121.5789545,4.008235111e-07
0.12028007,-343.6614501,27.30617262,-343.6614511,27.30617658,121.6939883,4.097311718e-06
0.1204051013,-343.550334,27.33592848,-343.5503384,27.33594507,121.8090203,1.716107466e-05
0.1205301325,-343.4392173,27.36567082,-343.4392301,27.36571943,121.924048,5.025988653e-05
0.1206551638,-343.3280999,27.39539967,-343.3281306,27.39551679,122.0390737,0.0001210995898
0.120780195,-343.2169817,27.42511504,-343.217047,27.4253638,122.154097,0.0002571926682
0.1209052263,-343.1058628,27.45481695,-343.1059892,27.45529809,122.2691164,0.0004974486295
0.1210302576,-342.9947433,27.48450543,-342.9949691,27.48536526,122.3841341,0.0008889942585
0.1211552888,-342.883623,27.51418048,-342.8839973,27.51560603,122.4991484,0.001473892989
0.1212803201,-342.772502,27.54384212,-342.7730771,27.5460321,122.6141598,0.002264236487
0.1214053513,-342.6613803,27.57349038,-342.6621977,27.57660289,122.7291695,0.003218052632
0.1215303826,-342.5502579,27.60312527,-342.5513353,27.60722777,122.8441749,0.004241621257
0.1216554139,-342.4391348,27.63274681,-342.4404627,27.63780328,122.9591784,0.005227934801
0.1217804451,-342.328011,27.66235501,-342.329561,27.66825714,123.0741795,0.00610226733
0.1219054764,-342.2168865,27.6919499,-342.2186238,27.69856544,123.1891768,0.006839879619
0.1220305076,-342.1057612,27.72153148,-342.1076546,27.728741,123.3041724,0.00745398994
0.1221555389,-341.9946353,27.75109979,-341.996661,27.75881292,123.4191646,0.00797468393
0.1222805701,-341.8835087,27.78065483,-341.885651,27.78881203,123.534154,0.008433801396
0.1224056014,-341.7723814,27.81019663,-341.7746314,27.81876423,123.6491417,0.008858120177
0.1225306327,-341.6612534,27.83972521,-341.6636075,27.84868911,123.7641252,0.009267866672
0.1226556639,-341.5501247,27.86924057,-341.5525829,27.87860072,123.8791068,0.009677554507
0.1227806952,-341.4389953,27.89874274,-341.4415601,27.90850891,123.994086,0.01009733667
0.1229057264,-341.3278652,27.92823173,-341.3305406,27.93841902,124.1090615,0.01053273749
0.1230307577,-341.2167344,27.95770757,-341.2195247,27.96833206,124.2240353,0.01098476588
0.1231557889,-341.105603,27.98717027,-341.1085124,27.99824856,124.3390058,0.01145394874
0.1232808202,-340.9944708,28.01661985,-340.9975039,28.02816906,124.4539736,0.01194083321
0.1234058515,-340.8833379,28.04605633,-340.8864993,28.05809411,124.5689396,0.01244598198
0.1235308827,-340.7722044,28.07547972,-340.7754989,28.08802429,124.6839015,0.01296995524
0.123655914,-340.6610702,28.10489005,-340.6645026,28.11796019,124.7988616,0.01351334632
0.1237809452,-340.5499352,28.13428732,-340.5535108,28.14790239,124.9138192,0.01407674979
0.1239059765,-340.4387996,28.16367156,-340.4425236,28.17785149,125.0287732,0.01466076876
0.1240310078,-340.3276633,28.19304279,-340.331541,28.20780814,125.1437256,0.01526603536
0.124156039,-340.2165263,28.22240102,-340.2205633,28.23777294,125.2586747,0.01589317733
0.1242810703,-340.1053887,28.25174628,-340.1095907,28.26774655,125.3736211,0.0165428455
0.1244061015,-339.9942503,28.28107857,-339.9986232,28.29772964,125.4885658,0.01721570778
0.1245311328,-339.8831113,28.31039792,-339.8876612,28.32772285,125.6035064,0.01791242525
0.124656164,-339.7719716,28.33970434,-339.7767047,28.35772689,125.7184452,0.01863369855
0.1247811953,-339.6608312,28.36899785,-339.6657539,28.38774245,125.8333817,0.0193802264
0.1249062266,-339.5496901,28.39827848,-339.5548091,28.41777023,125.9483145,0.02015271459
0.1250312578,-339.4385484,28.42754623,-339.4438703,28.44781096,126.0632457,0.02095190302
0.1251562891,-339.3274059,28.45680113,-339.3329378,28.47786537,126.1781738,0.02177852181
0.1252813203,-339.2162628,28.48604319,-339.2220119,28.5079342,126.2930991,0.02263332683
0.1254063516,-339.1051191,28.51527243,-339.1110926,28.53801822,126.4080228,0.02351709203
0.1255313828,-338.9939746,28.54448888,-339.0001801,28.56811819,126.5229425,0.02443057831
0.1256564141,-338.8828295,28.57369253,-338.8892748,28.5982349,126.6378604,0.02537459309
0.1257814454,-338.7716837,28.60288343,-338.7783767,28.62836915,126.7527759,0.0263499371
0.1259064766,-338.6605372,28.63206157,-338.6674862,28.65852173,126.867688,0.0273574154
0.1260315079,-338.5493901,28.66122699,-338.5566033,28.68869348,126.9825984,0.02839787241
0.1261565391,-338.4382422,28.69037969,-338.4457284,28.71888521,127.0975057,0.0294721353
0.1262815704,-338.3270938,28.7195197,-338.3348616,28.74909777,127.2124103,0.03058105922
0.1264066017,-338.2159446,28.74864703,-338.2240031,28.77933202,127.3273133,0.03172551769
0.1265316329,-338.1047948,28.7777617,-338.1131532,28.80958881,127.4422124,0.03290636261
0.1266566642,-337.9936443,28.80686373,-338.0023122,28.83986903,127.5571096,0.03412449989
0.1267816954,-337.8824931,28.83595314,-337.8914801,28.87017355,127.6720046,0.03538082196
0.1269067267,-337.7713413,28.86502994,-337.7806574,28.90050327,127.7868961,0.03667622124
0.1270317579,-337.6601889,28.89409416,-337.6698441,28.9308591,127.901786,0.03801163494
0.1271567892,-337.5490357,28.9231458,-337.5590405,28.96124194,128.0166729,0.03938797296
0.1272818205,-337.4378819,28.95218489,-337.448247,28.99165272,128.1315571,0.0408061748
0.1274068517,-337.3267274,28.98121145,-337.3374636,29.02209238,128.2464397,0.04226719773
0.127531883,-337.2155723,29.01022549,-337.2266907,29.05256183,128.3613185,0.04377196617
0.1276569142,-337.1044165,29.03922703,-337.1159285,29.08306205,128.4761954,0.04532146631
0.1277819455,-336.9932601,29.06821608,-337.0051773,29.11359399,128.5910702,0.04691666193
0.1279069767,-336.882103,29.09719268,-336.8944372,29.14415858,128.7059415,0.0485585105
0.128032008,-336.7709453,29.12615683,-336.7837086,29.17475683,128.8208112,0.05024801972
0.1281570393,-336.6597868,29.15510855,-336.6729917,29.20538968,128.935678,0.05198615714
0.1282820705,-336.5486278,29.18404786,-336.5622867,29.23605812,129.0505421,0.05377392065
0.1284071018,-336.4374681,29.21297478,-336.451594,29.26676315,129.1654046,0.05561232427
0.128532133,-336.3263077,29.24188932,-336.3409137,29.29750572,129.2802634,0.05750233503
0.1286571643,-336.2151467,29.27079151,-336.2302461,29.32828684,129.3951204,0.05944498965
0.1287821955,-336.103985,29.29968135,-336.1195915,29.35910752,129.5099752,0.06144129113
0.1289072268,-335.9928227,29.32855888,-336.0089502,29.38996871,129.6248266,0.06349222773
0.1290322581,-335.8816597,29.3574241,-335.8983223,29.42087146,129.7396765,0.06559884328
0.1291572893,-335.7704961,29.38627704,-335.7877082,29.45181672,129.8545234,0.06776212566
0.1292823206,-335.6593319,29.4151177,-335.6771081,29.48280552,129.9693678,0.06998309281
0.1294073518,-335.5481669,29.44394612,-335.5665222,29.51383885,130.0842105,0.07226277603
0.1295323831,-335.4370014,29.47276231,-335.4559509,29.54491767,130.1990496,0.07460214244
0.1296574144,-335.3258352,29.50156627,-335.3453943,29.57604302,130.3138869,0.07700223684
0.1297824456,-335.2146684,29.53035805,-335.2348528,29.60721587,130.4287221,0.07946405656
0.1299074769,-335.1035009,29.55913764,-335.1243266,29.63843718,130.543554,0.08198857349
0.1300325081,-334.9923328,29.58790507,-335.0138159,29.66970797,130.6583843,0.08457682041
0.1301575394,-334.881164,29.61666036,-334.903321,29.70102918,130.7732117,0.08722975521
0.1302825706,-334.7699946,29.64540352,-334.7928421,29.73240179,130.8880366,0.08994836465
0.1304076019,-334.6588246,29.67413457,-334.6823796,29.76382677,131.0028599,0.09273364482
0.1305326332,-334.5476539,29.70285353,-334.5719335,29.79530503,131.1176796,0.09558650758
0.1306576644,-334.4364826,29.73156042,-334.4615043,29.82683754,131.2324975,0.09850795035
0.1307826957,-334.3253106,29.76025525,-334.3510921,29.85842524,131.3473134,0.1014989071
0.1309077269,-334.2141381,29.78893805,-334.2406971,29.89006899,131.462126,0.1045602735
0.1310327582,-334.1029648,29.81760883,-334.1303196,29.92176976,131.576937,0.1076930112
0.1311577894,-333.991791,29.8462676,-334.0199599,29.95352839,131.6917452,0.1108979854
0.1312828207,-333.8806165,29.87491439,-333.9096181,29.98534577,131.806551,0.114176088
0.131407852,-333.7694414,29.90354922,-333.7992944,30.01722278,131.9213551,0.117528215
0.1315328832,-333.6582657,29.93217209,-333.6889891,30.0491602,132.0361558,0.1209551557
0.1316579145,-333.5470893,29.96078304,-333.5787025,30.08115891,132.1509547,0.1244577926
0.1317829457,-333.4359123,29.98938207,-333.4684346,30.11321969,132.2657515,0.128036927
0.131907977,-333.3247347,30.01796921,-333.3581857,30.14534328,132.3805451,0.1316933071
0.1320330083,-333.2135564,30.04654447,-333.247956,30.17753051,132.4953372,0.1354277523
0.1321580395,-333.1023776,30.07510787,-333.1377457,30.20978205,132.6101265,0.1392409614
0.1322830708,-332.9911981,30.10365943,-333.027555,30.24209863,132.7249134,0.1431336571
0.132408102,-332.8800179,30.13219916,-332.917384,30.27448097,132.8396987,0.1471065603
0.1325331333,-332.7688372,30.16072709,-332.807233,30.30692965,132.9544806,0.1511602606
0.1326581645,-332.6576558,30.18924323,-332.697102,30.33944535,133.0692607,0.1552954487
0.1327831958,-332.5464738,30.21774759,-332.5869912,30.37202867,133.1840389,0.1595127147
0.1329082271,-332.4352912,30.24624021,-332.4769008,30.40468012,133.2988138,0.1638125795
0.1330332583,-332.324108,30.27472109,-332.3668309,30.43740031,133.4135872,0.1681956407
0.1331582896,-332.2129242,30.30319025,-332.2567816,30.47018968,133.528358,0.1726623498
0.1332833208,-332.1017397,30.33164771,-332.1467531,30.50304871,133.6431262,0.1772131784
0.1334083521,-331.9905546,30.36009349,-332.0367455,30.53597787,133.7578931,0.1818485908
0.1335333833,-331.879369,30.38852761,-331.9267588,30.56897748,133.8726564,0.186568894
0.1336584146,-331.7681827,30.41695007,-331.8167931,30.60204794,133.9874181,0.191374504
0.1337834459,-331.6569957,30.44536091,-331.7068486,30.63518958,134.1021778,0.1962657166
0.1339084771,-331.5458082,30.47376014,-331.5943147,30.66906954,134.2169344,0.2012427414
0.1340335084,-331.4346201,30.50214777,-331.4843469,30.70237102,134.3316895,0.2063058708
0.1341585396,-331.3234313,30.53052381,-331.3743994,30.73574459,134.4464419,0.211455225
0.1342835709,-331.212242,30.55888825,-331.264472,30.76919039,134.5611919,0.2166909409
0.1344086022,-331.101052,30.58724111,-331.1545649,30.80270853,134.6759405,0.2220131424
0.1345336334,-330.9898614,30.61558238,-331.0446779,30.83629896,134.7906856,0.2274217702
0.1346586647,-330.8786702,30.64391207,-330.9348113,30.86996175,134.9054291,0.2329168826
0.1347836959,-330.7674784,30.67223018,-330.8249648,30.90369681,135.0201706,0.2384983985
0.1349087272,-330.656286,30.70053672,-330.7151385,30.93750398,135.134909,0.244166134
0.1350337584,-330.545093,30.72883169,-330.6053324,30.97138317,135.249646,0.2499199952
0.1351587897,-330.4338994,30.75711508,-330.4955463,31.00533408,135.3643802,0.2557596905
0.135283821,-330.3227051,30.78538691,-330.3857803,31.03935647,135.4791121,0.2616849421
0.1354088522,-330.2115103,30.81364718,-330.2760342,31.07345004,135.5938426,0.2676954557
0.1355338835,-330.1003148,30.84189589,-330.1663079,31.10761431,135.7085696,0.2737907279
0.1356589147,-329.9891187,30.87013305,-330.0566013,31.14184893,135.823295,0.2799703836
0.135783946,-329.8779221,30.89835865,-329.9469144,31.17615336,135.9380185,0.2862338902
0.1359089772,-329.7667248,30.92657271,-329.8372468,31.210527,136.0527388,0.2925805966
0.1360340085,-329.6555269,30.95477521,-329.7275986,31.2449693,136.1674577,0.2990099513
0.1361590398,-329.5443284,30.98296618,-329.6179696,31.27947953,136.282174,0.305521181
0.136284071,-329.4331293,31.0111456,-329.5083594,31.31405693,136.3968878,0.3121135252
0.1364091023,-329.3219295,31.03931349,-329.3987681,31.34870077,136.5116002,0.318786205
0.1365341335,-329.2107292,31.06746985,-329.2891952,31.38341005,136.6263093,0.3255382096
0.1366591648,-329.0995283,31.09561468,-329.1796407,31.41818395,136.7410167,0.3323686679
0.136784196,-328.9883267,31.12374798,-329.0701041,31.45302146,136.8557223,0.3392765368
0.1369092273,-328.8771246,31.15186976,-328.9605854,31.48792142,136.9704246,0.3462606414
0.1370342586,-328.7659218,31.17998002,-328.8510842,31.52288283,137.0851256,0.3533199177
0.1371592898,-328.6547185,31.20807876,-328.7416002,31.5579044,137.199824,0.3604530596
0.1372843211,-328.5435145,31.23616599,-328.632133,31.59298489,137.3145199,0.367658775
0.1374093523,-328.4323099,31.2642417,-328.5226824,31.62812304,137.4292144,0.3749357541
0.1375343836,-328.3211047,31.29230592,-328.4132481,31.66331733,137.5439057,0.382282437
0.1376594149,-328.2098989,31.32035862,-328.3038295,31.6985664,137.6585952,0.3896974163
0.1377844461,-328.0986925,31.34839983,-328.1944265,31.7338687,137.7732829,0.3971791019
0.1379094774,-327.9874855,31.37642954,-328.0850385,31.76922257,137.8879674,0.4047257633
0.1380345086,-327.8762779,31.40444776,-327.9756652,31.80462645,138.0026506,0.4123357935
0.1381595399,-327.7650697,31.43245448,-327.8663061,31.84007852,138.1173311,0.4200073288
0.1382845711,-327.6538609,31.46044972,-327.7569607,31.87557701,138.2320093,0.4277385234
0.1384096024,-327.5426515,31.48843347,-327.6476287,31.91112012,138.346686,0.4355275173
0.1385346337,-327.4314414,31.51640575,-327.5383095,31.94670577,138.4613595,0.4433721897
0.1386596649,-327.3202308,31.54436654,-327.4290027,31.98233209,138.5760313,0.4512705845
0.1387846962,-327.2090196,31.57231586,-327.3197077,32.01799699,138.6907012,0.4592205592
0.1389097274,-327.0978077,31.60025371,-327.2104239,32.05369827,138.8053681,0.4672198269
0.1390347587,-326.9865953,31.6281801,-327.1011509,32.08943382,138.9200335,0.4752662381
0.1391597899,-326.8753822,31.65609501,-326.9918881,32.12520133,139.0346964,0.4833573799
0.1392848212,-326.7641686,31.68399847,-326.8826349,32.16099846,139.1493568,0.4914908632
0.1394098525,-326.6529543,31.71189047,-326.7733907,32.19682291,139.2640159,0.4996642931
0.1395348837,-326.5417394,31.73977101,-326.6641549,32.23267209,139.3786717,0.5078750097
0.139659915,-326.430524,31.7676401,-326.5549269,32.26854359,139.4933259,0.5161205315
0.1397849462,-326.3193079,31.79549774,-326.4457061,32.30443484,139.6079782,0.5243981932
0.1399099775,-326.2080912,31.82334394,-326.3364917,32.34034312,139.7226274,0.5327051873
0.1400350088,-326.096874,31.8511787,-326.2272831,32.37626584,139.8372752,0.5410388589
0.14016004,-325.9856561,31.87900201,-326.1180796,32.41220018,139.9519205,0.5493962908
0.1402850713,-325.8744376,31.9068139,-326.0088806,32.44814335,140.0665635,0.5577745995
0.1404101025,-325.7632185,31.93461434,-325.8996853,32.48409255,140.181205,0.566170907
0.1405351338,-325.6519988,31.96240336,-325.790493,32.52004475,140.2958433,0.5745820754
0.140660165,-325.5407785,31.99018096,-325.681303,32.55599708,140.4104799,0.5830051588
0.1407851963,-325.4295576,32.01794713,-325.5721145,32.59194653,140.5251147,0.5914370376
0.1409102276,-325.3183361,32.04570188,-325.4629267,32.62788994,140.6397464,0.5998744583
0.1410352588,-325.207114,32.07344522,-325.3537389,32.66382432,140.7543767,0.6083143361
0.1411602901,-325.0958913,32.10117714,-325.2445503,32.69974643,140.8690046,0.6167533342
0.1412853213,-324.984668,32.12889766,-325.1353601,32.73565309,140.98363,0.6251881619
0.1414103526,-324.8734441,32.15660677,-325.0261675,32.77154111,141.0982541,0.6336155488
0.1415353838,-324.7622196,32.18430447,-324.9169716,32.8074071,141.212875,0.6420319794
0.1416604151,-324.6509945,32.21199078,-324.8077717,32.84324785,141.3274941,0.6504341428
0.1417854464,-324.5397688,32.23966569,-324.698567,32.87905998,141.4421116,0.6588185717
0.1419104776,-324.4285425,32.2673292,-324.5893565,32.91484003,141.5567259,0.6671816805
0.1420355089,-324.3173156,32.29498133,-324.4801394,32.9505847,141.6713388,0.675520067
0.1421605401,-324.2060881,32.32262207,-324.3709149,32.98629046,141.7859493,0.6838300971
0.1422855714,-324.09486,32.35025142,-324.2616821,33.02195385,141.9005574,0.6921081976
0.1424106027,-323.9836313,32.3778694,-324.1524402,33.05757144,142.0151641,0.7003508328
0.1425356339,-323.872402,32.405476,-324.0431882,33.09313958,142.1297677,0.7085542465
0.1426606652,-323.7611721,32.43307122,-323.9339253,33.12865485,142.2443696,0.7167148972
0.1427856964,-323.6499416,32.46065507,-323.8246506,33.16411369,142.3589697,0.7248291116
0.1429107277,-323.5387105,32.48822756,-323.7153632,33.19951243,142.4735667,0.73289312
0.1430357589,-323.4274788,32.51578868,-323.6060622,33.23484761,142.5881624,0.7409033486
0.1431607902,-323.3162465,32.54333845,-323.4967468,33.27011557,142.7027556,0.7488560212
0.1432858215,-323.2050136,32.57087685,-323.387416,33.30531272,142.8173465,0.7567474382
0.1434108527,-323.0937801,32.5984039,-323.278069,33.34043554,142.931936,0.7645739567
0.143535884,-322.982546,32.6259196,-323.1687048,33.3754803,143.0465224,0.7723317461
0.1436609152,-322.8713113,32.65342395,-323.0593226,33.41044351,143.161107,0.7800171977
0.1437859465,-322.7600761,32.68091695,-322.9499214,33.44532157,143.27569,0.7876266016
0.1439109777,-322.6488402,32.70839862,-322.8405004,33.48011081,143.3902699,0.7951561785
0.144036009,-322.5376037,32.73586895,-322.7310587,33.51480777,143.5048484,0.8026023542
0.1441610403,-322.4263666,32.76332794,-322.6215954,33.54940883,143.6194245,0.8099613894
0.1442860715,-322.3151289,32.7907756,-322.5121096,33.58391045,143.7339982,0.8172296373
0.1444111028,-322.2038906,32.81821193,-322.4026005,33.61830916,143.8485706,0.8244035272
0.144536134,-322.0926518,32.84563694,-322.2930671,33.65260136,143.9631398,0.8314793407
0.1446611653,-321.9814123,32.87305062,-322.1835087,33.68678366,144.0777074,0.8384535842
0.1447861965,-321.8701722,32.90045299,-322.0739243,33.72085261,144.1922733,0.8453226975
0.1449112278,-321.7589316,32.92784404,-321.9643132,33.75480473,144.3068361,0.8520830819
0.1450362591,-321.6476903,32.95522378,-321.8546744,33.78863672,144.4213975,0.8587313486
0.1451612903,-321.5364485,32.98259221,-321.7450071,33.82234518,144.5359566,0.8652639866
0.1452863216,-321.425206,33.00994933,-321.6353106,33.85592682,144.6505133,0.8716775926
0.1454113528,-321.313963,33.03729516,-321.5255839,33.88937842,144.7650687,0.8779688565
0.1455363841,-321.2027193,33.06462968,-321.4158264,33.92269667,144.8796209,0.8841343666
0.1456614154,-321.0914751,33.09195291,-321.3060372,33.95587848,144.9941715,0.8901709326
0.1457864466,-320.9802303,33.11926484,-321.1962155,33.98892074,145.1087204,0.8960753351
0.1459114779,-320.8689848,33.14656548,-321.0863606,34.02182031,145.2232663,0.901844349
0.1460365091,-320.7577388,33.17385484,-320.9764718,34.05457426,145.3378108,0.9074749572
0.1461615404,-320.6464922,33.20113292,-320.8665482,34.08717961,145.4523529,0.912964068
0.1462865716,-320.535245,33.22839972,-320.7565892,34.11963347,145.5668927,0.9183087089
0.1464116029,-320.4239972,33.25565524,-320.6465942,34.15193306,145.6814312,0.9235060154
0.1465366342,-320.3127488,33.28289948,-320.5365623,34.18407556,145.7959666,0.9285530701
0.1466616654,-320.2014998,33.31013246,-320.4264929,34.21605834,145.9105003,0.9334471669
0.1467866967,-320.0902502,33.33735417,-320.3163855,34.24787878,146.0250323,0.938185608
0.1469117279,-319.979,33.36456462,-320.2062392,34.2795343,146.1395614,0.9427657231
0.1470367592,-319.8677492,33.3917638,-320.0960537,34.31102251,146.2540891,0.9471850405
0.1471617904,-319.7564979,33.41895173,-319.9858282,34.34234098,146.3686144,0.9514410627
0.1472868217,-319.6452459,33.44612841,-319.8755621,34.37348741,146.4831374,0.9555314193
0.147411853,-319.5339933,33.47329383,-319.765255,34.40445963,146.597659,0.9594538573
0.1475368842,-319.4227402,33.50044801,-319.6549063,34.43525544,146.7121776,0.9632061202
0.1476619155,-319.3114865,33.52759094,-319.5445155,34.46587285,146.8266946,0.9667861454
0.1477869467,-319.2002321,33.55472264,-319.434082,34.4963099,146.9412099,0.9701919133
0.147911978,-319.0889772,33.58184309,-319.3236055,34.52656468,147.0557221,0.9734214639
0.1480370093,-318.9777217,33.60895231,-319.2130856,34.55663549,147.1702331,0.9764730172
0.1481620405,-318.8664656,33.63605031,-319.1025216,34.58652061,147.2847417,0.9793448161
0.1482870718,-318.7552089,33.66313707,-318.9919134,34.61621846,147.399248,0.9820352324
0.148412103,-318.6439516,33.69021261,-318.8812605,34.6457276,147.513753,0.9845427589
0.1485371343,-318.5326937,33.71727692,-318.7705626,34.67504659,147.6282549,0.9868659323
0.1486621655,-318.4214352,33.74433002,-318.6598194,34.7041742,147.7427552,0.989003458
0.1487871968,-318.3101762,33.77137191,-318.5490305,34.73310923,147.8572538,0.9909541147
0.1489122281,-318.1989165,33.79840258,-318.4381957,34.76185058,147.9717495,0.9927167688
0.1490372593,-318.0876562,33.82542205,-318.3273147,34.79039732,148.0862438,0.9942904404
0.1491622906,-317.9763954,33.8524303,-318.2163874,34.81874856,148.2007358,0.9956742169
0.1492873218,-317.865134,33.87942736,-318.1054136,34.84690354,148.3152255,0.9968673108
0.1494123531,-317.753872,33.90641322,-317.994393,34.8748616,148.4297139,0.9978690519
0.1495373843,-317.6426094,33.93338789,-317.8833256,34.90262219,148.5441993,0.9986788571
0.1496624156,-317.5313462,33.96035136,-317.7722112,34.93018488,148.658683,0.9992962787
0.1497874469,-317.4200824,33.98730364,-317.6610498,34.95754934,148.7731651,0.9997209677
0.1499124781,-317.308818,34.01424474,-317.5498413,34.98471532,148.8876443,0.9999526847
0.1500375094,-317.197553,34.04117465,-317.4385856,35.01168272,149.0021221,0.9999913098
0.1501625406,-317.0862875,34.06809339,-317.3272828,35.03845153,149.1165976,0.9998368293
0.1502875719,-316.9750213,34.09500095,-317.2159329,35.06502185,149.2310708,0.9994893445
0.1504126032,-316.8637546,34.12189734,-317.104536,35.09139389,149.3455427,0.9989490627
0.1505376344,-316.7524873,34.14878256,-316.993092,35.11756796,149.4600116,0.9982163152
0.1506626657,-316.6412193,34.17565661,-316.8816012,35.14354449,149.5744789,0.9972915292
0.1507876969,-316.5299508,34.2025195,-316.7576241,35.17232876,149.6889446,0.9961752479
0.1509127282,-316.4186818,34.22937124,-316.6460563,35.19790799,149.8034073,0.9948681405
0.1510377594,-316.3074121,34.25621184,-316.5344444,35.22329103,149.9178687,0.9933709538
0.1511627907,-316.1961418,34.28304132,-316.4227888,35.24847876,150.0323279,0.991684573
0.151287822,-316.084871,34.3098597,-316.3110895,35.27347216,150.1467847,0.9898099813
0.1514128532,-315.9735995,34.33666699,-316.1993469,35.2982723,150.2612403,0.9877482503
0.1515378845,-315.8623275,34.36346323,-316.0875612,35.32288037,150.3756929,0.9855006042
0.1516629157,-315.7510549,34.39024841,-315.9757327,35.34729764,150.4901439,0.9830683186
0.151787947,-315.6397818,34.41702256,-315.8638617,35.3715255,150.6045933,0.9804527946
0.1519129782,-315.528508,34.4437857,-315.7519487,35.39556545,150.7190399,0.9776555684
0.1520380095,-315.4172337,34.47053784,-315.6399939,35.41941903,150.8334851,0.9746782073
0.1521630408,-315.3059588,34.49727901,-315.5279977,35.44308796,150.9479281,0.9715224402
0.152288072,-315.1946833,34.52400922,-315.4159606,35.46657399,151.0623688,0.9681900721
0.1524131033,-315.0834072,34.55072848,-315.303883,35.48987898,151.1768083,0.9646829727
0.1525381345,-314.9721305,34.57743682,-315.1917653,35.51300493,151.2912449,0.9610031837
0.1526631658,-314.8608533,34.60413426,-315.0796081,35.53595384,151.4056799,0.9571527515
0.152788197,-314.7495755,34.6308208,-314.9674118,35.55872785,151.5201133,0.9531338491
0.1529132283,-314.6382972,34.65749647,-314.855177,35.58132922,151.6345439,0.9489487869
0.1530382596,-314.5270182,34.68416129,-314.7429041,35.60376022,151.7489732,0.9445998567
0.1531632908,-314.4157387,34.71081527,-314.6305937,35.62602324,151.8634004,0.9400895265
0.1532883221,-314.3044586,34.73745844,-314.5182465,35.64812078,151.9778253,0.9354203142
0.1534133533,-314.193178,34.7640908,-314.405863,35.67005532,152.0922489,0.9305947743
0.1535383846,-314.0818968,34.79071238,-314.2934438,35.69182955,152.2066698,0.9256156439
0.1536634159,-313.970615,34.81732319,-314.1809896,35.71344612,152.321089,0.9204856173
0.1537884471,-313.8593326,34.84392326,-314.0685009,35.73490777,152.4355068,0.9152075089
0.1539134784,-313.7480497,34.87051259,-313.9559786,35.7562174,152.5499217,0.9097842665
0.1540385096,-313.6367662,34.89709121,-313.8434231,35.77737783,152.6643354,0.9042187696
0.1541635409,-313.5254822,34.92365914,-313.7308353,35.79839205,152.7787469,0.8985140794
0.1542885721,-313.4141976,34.95021639,-313.6182157,35.81926309,152.8931562,0.8926732784
0.1544136034,-313.3029124,34.97676298,-313.5055653,35.83999397,153.0075643,0.8866994553
0.1545386347,-313.1916267,35.00329893,-313.3928846,35.86058789,153.1219697,0.880595883
0.1546636659,-313.0803404,35.02982426,-313.2801744,35.88104797,153.2363735,0.8743657459
0.1547886972,-312.9690535,35.05633897,-313.1674355,35.90137744,153.3507758,0.8680123367
0.1549137284,-312.8577661,35.0828431,-313.0546686,35.92157963,153.4651753,0.8615390707
0.1550387597,-312.7464782,35.10933666,-312.9418746,35.94165778,153.5795736,0.8549492484
0.1551637909,-312.6351896,35.13581966,-312.8290541,35.96161529,153.6939698,0.8482463494
0.1552888222,-312.5239006,35.16229213,-312.7162081,35.98145556,153.8083638,0.8414338454
0.1554138535,-312.4126109,35.18875408,-312.6033372,36.00118197,153.9227566,0.8345151832
0.1555388847,-312.3013207,35.21520553,-312.4904424,36.02079805,154.0371468,0.8274939878
0.155663916,-312.19003,35.24164649,-312.3775243,36.04030723,154.1515354,0.8203737545
0.1557889472,-312.0787387,35.26807699,-312.2645839,36.05971303,154.2659225,0.8131580699
0.1559139785,-311.9674469,35.29449704,-312.1516219,36.07901905,154.3803069,0.8058506293
0.1560390098,-311.8561545,35.32090666,-312.0386393,36.09822875,154.4946901,0.7984549701
0.156164041,-311.7448615,35.34730587,-311.9256368,36.11734577,154.6090712,0.7909748005
0.1562890723,-311.6335681,35.37369468,-311.8126153,36.13637369,154.7234502,0.7834137928
0.1564141035,-311.522274,35.40007312,-311.6995755,36.15531606,154.837828,0.7757755641
0.1565391348,-311.4109794,35.4264412,-311.5865185,36.17417658,154.9522032,0.7680638987
0.156664166,-311.2996843,35.45279893,-311.4734449,36.19295879,155.0665768,0.7602824153
0.1567891973,-311.1883887,35.47914634,-311.3603557,36.21166629,155.180949,0.7524348042
0.1569142286,-311.0770924,35.50548345,-311.2472517,36.2303028,155.2953185,0.7445248481
0.1570392598,-310.9657957,35.53181026,-311.1341337,36.24887181,155.4096869,0.7365561356
0.1571642911,-310.8544984,35.55812681,-311.0210026,36.267377,155.5240532,0.7285324127
0.1572893223,-310.7432006,35.5844331,-310.9078592,36.28582196,155.6384174,0.7204573642
0.1574143536,-310.6319022,35.61072915,-310.7947044,36.30421023,155.7527805,0.7123345931
0.1575393848,-310.5206033,35.63701499,-310.681539,36.32254548,155.8671409,0.7041678541
0.1576644161,-310.4093038,35.66329063,-310.5683638,36.34083119,155.9814999,0.6959607077
0.1577894474,-310.2980038,35.68955608,-310.4551797,36.3590709,156.0958575,0.6877167659
0.1579144786,-310.1867033,35.71581137,-310.3419875,36.3772682,156.2102124,0.6794397157
0.1580395099,-310.0754022,35.74205651,-310.228788,36.3954265,156.3245661,0.6711330218
0.1581645411,-309.9641007,35.76829152,-310.1155819,36.41354933,156.4389179,0.6628002899
0.1582895724,-309.8527985,35.79451641,-310.0023703,36.43164012,156.5532676,0.6544450438
0.1584146037,-309.7414959,35.82073122,-309.8891537,36.44970223,156.6676161,0.6460707029
0.1585396349,-309.6301927,35.84693594,-309.775933,36.46773913,156.7819622,0.637680821
0.1586646662,-309.518889,35.87313061,-309.662709,36.48575409,156.8963067,0.6292787375
0.1587896974,-309.4075847,35.89931523,-309.5494825,36.50375041,157.0106499,0.6208678238
0.1589147287,-309.2962799,35.92548983,-309.4362541,36.52173146,157.1249904,0.6124515096
0.1590397599,-309.1849746,35.95165443,-309.3230248,36.53970034,157.2393298,0.6040329829
0.1591647912,-309.0736688,35.97780903,-309.2097952,36.5576603,157.3536673,0.5956155553
0.1592898225,-308.9623624,36.00395367,-309.096566,36.57561449,157.4680027,0.5872024408
0.1594148537,-308.8510556,36.03008835,-308.9833381,36.59356594,157.5823371,0.5787967322
0.159539885,-308.7397482,36.05621309,-308.870112,36.61151779,157.6966689,0.5704016389
0.1596649162,-308.6284402,36.08232792,-308.7568885,36.62947295,157.8109993,0.5620201442
0.1597899475,-308.5171318,36.10843285,-308.6436683,36.64743438,157.9253283,0.5536552463
0.1599149787,-308.4058228,36.13452789,-308.530452,36.66540504,158.0396547,0.5453099866
0.16004001,-308.2945133,36.16061307,-308.4172404,36.68338767,158.1539801,0.5369871549
0.1601650413,-308.1832033,36.1866884,-308.304034,36.7013851,158.2683035,0.5286896471
0.1602900725,-308.0718928,36.2127539,-308.1908335,36.71940008,158.382625,0.5204202518
0.1604151038,-307.9605817,36.23880959,-308.0776395,36.73743519,158.4969453,0.512181626
0.160540135,-307.8492702,36.26485548,-307.9644527,36.75549315,158.6112632,0.5039765257
0.1606651663,-307.7379581,36.2908916,-307.8512736,36.77357643,158.7255796,0.4958074781
0.1607901975,-307.6266455,36.31691796,-307.7381028,36.79168752,158.8398948,0.4876770115
0.1609152288,-307.5153324,36.34293457,-307.6249409,36.80982891,158.9542074,0.4795876843
0.1610402601,-307.4040188,36.36894147,-307.5117885,36.82800287,159.0685189,0.471541803
0.1611652913,-307.2927047,36.39493865,-307.398646,36.84621176,159.1828286,0.463541764
0.1612903226,-307.18139,36.42092615,-307.2855139,36.86445781,159.2971362,0.4555898522
0.1614153538,-307.0700749,36.44690398,-307.1723929,36.88274313,159.4114428,0.4476882167
0.1615403851,-306.9587592,36.47287215,-307.0592833,36.90106993,159.525747,0.4398390902
0.1616654164,-306.8474431,36.49883069,-306.9461857,36.91944016,159.6400498,0.4320444816
0.1617904476,-306.7361264,36.52477961,-306.8331005,36.93785579,159.7543513,0.4243063907
0.1619154789,-306.6248092,36.55071893,-306.7200282,36.95631881,159.8686504,0.4166268377
0.1620405101,-306.5134915,36.57664867,-306.6069692,36.97483097,159.9829483,0.4090075984
0.1621655414,-306.4021734,36.60256884,-306.4939238,36.99339409,160.0972444,0.4014505247
0.1622905726,-306.2908547,36.62847946,-306.3808926,37.01200987,160.2115386,0.3939573577
0.1624156039,-306.1795355,36.65438056,-306.2678758,37.0306799,160.3258317,0.3865297054
0.1625406352,-306.0682158,36.68027214,-306.1548739,37.04940583,160.4401225,0.3791692453
0.1626656664,-305.9568956,36.70615423,-306.0418872,37.06818911,160.5544119,0.3718774436
0.1627906977,-305.8455749,36.73202684,-305.928916,37.08703117,160.6687,0.3646557507
0.1629157289,-305.7342537,36.75789,-305.8159607,37.10593345,160.7829857,0.3575056311
0.1630407602,-305.622932,36.78374371,-305.7030215,37.12489716,160.8972703,0.3504283193
0.1631657914,-305.5116098,36.80958799,-305.5900988,37.1439236,161.0115531,0.3434251142
0.1632908227,-305.4002872,36.83542288,-305.4771927,37.16301394,161.125834,0.3364972102
0.163415854,-305.288964,36.86124837,-305.3643036,37.18216924,161.2401139,0.3296456751
0.1635408852,-305.1776403,36.88706449,-305.2514318,37.20139061,161.3543915,0.3228716361
0.1636659165,-305.0663161,36.91287126,-305.1385774,37.22067899,161.4686677,0.3161760261
0.1637909477,-304.9549915,36.93866869,-305.0257406,37.24003527,161.5829427,0.3095597595
0.163915979,-304.8436663,36.96445681,-304.9129216,37.25946038,161.6972152,0.3030237614
0.1640410103,-304.7323407,36.99023563,-304.8001207,37.27895502,161.8114868,0.2965687465
0.1641660415,-304.6210146,37.01600516,-304.687338,37.29851998,161.9257566,0.2901954852
0.1642910728,-304.509688,37.04176543,-304.5745736,37.31815591,162.0400245,0.2839046528
0.164416104,-304.3983609,37.06751645,-304.4618278,37.3378634,162.1542914,0.2776968093
0.1645411353,-304.2870333,37.09325824,-304.3491005,37.35764304,162.268556,0.2715725661
0.1646661665,-304.1757052,37.11899082,-304.2363919,37.37749528,162.3828193,0.2655323611
0.1647911978,-304.0643766,37.14471421,-304.1237022,37.39742055,162.4970814,0.2595766145
0.1649162291,-303.9530476,37.17042841,-304.0110314,37.41741928,162.6113411,0.2537057558
0.1650412603,-303.8417181,37.19613346,-303.8983796,37.43749174,162.7255998,0.247920028
0.1651662916,-303.7303881,37.22182937,-303.7857468,37.45763821,162.8398568,0.242219723
0.1652913228,-303.6190576,37.24751616,-303.6731331,37.47785893,162.9541119,0.23660505
0.1654163541,-303.5077266,37.27319384,-303.5605385,37.49815401,163.0683661,0.2310761167
0.1655413853,-303.3963952,37.29886243,-303.447963,37.51852363,163.182618,0.2256330764
0.1656664166,-303.2850632,37.32452195,-303.3354067,37.53896779,163.2968686,0.2202759329
0.1657914479,-303.1737308,37.35017242,-303.2228696,37.55948652,163.4111181,0.2150046743
0.1659164791,-303.062398,37.37581385,-303.1103516,37.58007982,163.5253652,0.2098192995
0.1660415104,-302.9510646,37.40144626,-302.9978528,37.60074755,163.6396113,0.2047196461
0.1661665416,-302.8397308,37.42706968,-302.885373,37.62148962,163.7538557,0.1997055963
0.1662915729,-302.7283965,37.45268411,-302.7729123,37.64230587,163.8680983,0.194776963
0.1664166042,-302.6170617,37.47828958,-302.6604705,37.66319604,163.98234,0.1899334739
0.1665416354,-302.5057265,37.5038861,-302.5480477,37.68415993,164.0965794,0.1851748977
0.1666666667,-302.3943908,37.52947369,-302.4356438,37.70519721,164.2108176,0.1805008781
0.1667916979,-302.2830546,37.55505237,-302.3232586,37.72630754,164.3250546,0.1759110478
0.1669167292,-302.1717179,37.58062215,-302.2108921,37.74749059,164.4392894,0.1714050519
0.1670417604,-302.0603808,37.60618306,-302.0985442,37.7687459,164.5535231,0.1669824009
0.1671667917,-301.9490432,37.63173511,-301.9862148,37.79007306,164.6677552,0.1626426463
0.167291823,-301.8377052,37.65727832,-301.8739037,37.81147159,164.7819856,0.1583852849
0.1674168542,-301.7263666,37.68281271,-301.7616109,37.83294095,164.8962149,0.1542097442
0.1675418855,-301.6150277,37.70833829,-301.6493362,37.85448064,165.0104422,0.1501154905
0.1676669167,-301.5036882,37.73385508,-301.5370794,37.87609006,165.1246682,0.1461018885
0.167791948,-301.3923483,37.7593631,-301.4248405,37.8977686,165.238893,0.1421682974
0.1679169792,-301.2810079,37.78486237,-301.3126193,37.91951567,165.3531156,0.1383140914
0.1680420105,-301.1696671,37.8103529,-301.2004155,37.94133058,165.4673372,0.1345385355
0.1681670418,-301.0583258,37.83583472,-301.0882292,37.96321266,165.5815573,0.1308409337
0.168292073,-300.9469841,37.86130783,-300.97606,37.98516121,165.6957756,0.1272205492
0.1684171043,-300.8356419,37.88677227,-300.8639078,38.00717548,165.8099929,0.1236765913
0.1685421355,-300.7242992,37.91222803,-300.7504086,38.02956659,165.9242082,0.1202083065
0.1686671668,-300.6129561,37.93767513,-300.6383284,38.05170125,166.0384222,0.1168148624
0.168792198,-300.5016125,37.96311355,-300.5262638,38.07389948,166.1526351,0.1134954258
0.1689172293,-300.3902685,37.98854328,-300.4142147,38.09616046,166.2668457,0.1102491824
0.1690422606,-300.278924,38.01396431,-300.3021808,38.11848332,166.3810554,0.1070752311
0.1691672918,-300.167579,38.03937663,-300.190162,38.14086718,166.4952636,0.103972709
0.1692923231,-300.0562336,38.06478024,-300.0781581,38.16331119,166.6094699,0.1009407249
0.1694173543,-299.9448877,38.09017511,-299.9661688,38.18581441,166.7236754,0.09797834789
0.1695423856,-299.8335414,38.11556125,-299.8541939,38.20837596,166.8378787,0.0950846836
0.1696674169,-299.7221946,38.14093864,-299.7422333,38.23099491,166.9520808,0.09225877765
0.1697924481,-299.6108473,38.16630727,-299.6302868,38.25367031,167.0662817,0.08949968052
0.1699174794,-299.4994996,38.19166714,-299.5183541,38.27640126,167.1804805,0.08680646444
0.1700425106,-299.3881515,38.21701822,-299.4064351,38.29918676,167.2946782,0.0841781349
0.1701675419,-299.2768028,38.24236053,-299.2945294,38.32202588,167.4088744,0.081613735
0.1702925731,-299.1654537,38.26769403,-299.182637,38.34491766,167.5230688,0.0791122904
0.1704176044,-299.0541041,38.29301873,-299.0707576,38.3678611,167.6372622,0.07667279923
0.1705426357,-298.9427541,38.31833461,-298.9588909,38.39085527,167.7514536,0.07429429594
0.1706676669,-298.8314036,38.34364166,-298.8470368,38.41389915,167.8656437,0.07197577124
0.1707926982,-298.7200526,38.36893988,-298.7351951,38.43699176,167.9798326,0.06971622537
0.1709177294,-298.6087012,38.39422926,-298.6233655,38.46013215,168.0940193,0.0675146826
0.1710427607,-298.4973493,38.41950978,-298.5115478,38.4833193,168.2082051,0.06537011773
0.1711677919,-298.3859969,38.44478143,-298.3997418,38.50655224,168.3223892,0.06328154222
0.1712928232,-298.2746441,38.47004421,-298.2879472,38.52982998,168.4365716,0.06124795915
0.1714178545,-298.1632908,38.4952981,-298.176164,38.55315153,168.550753,0.0592683545
0.1715428857,-298.051937,38.5205431,-298.0643917,38.57651592,168.6649323,0.05734174952
0.171667917,-297.9405828,38.54577919,-297.9526303,38.59992215,168.7791103,0.05546713561
0.1717929482,-297.8292281,38.57100637,-297.8408795,38.62336925,168.8932872,0.05364351719
0.1719179795,-297.7178729,38.59622462,-297.7291391,38.64685625,169.0074619,0.05186992395
0.1720430108,-297.6065172,38.62143395,-297.6174089,38.67038217,169.1216355,0.05014535072
0.172168042,-297.4951611,38.64663432,-297.5056886,38.69394605,169.2358076,0.04846882741
0.1722930733,-297.3838045,38.67182575,-297.3939781,38.71754692,169.3499778,0.04683938271
0.1724181045,-297.2724475,38.69700821,-297.2822771,38.74118384,169.4641471,0.04525603662
0.1725431358,-297.1610899,38.72218169,-297.1705855,38.76485585,169.5783143,0.04371784274
0.172668167,-297.0497319,38.7473462,-297.058903,38.78856202,169.6924802,0.0422238361
0.1727931983,-296.9383734,38.77250171,-296.9472294,38.81230139,169.806645,0.04077306705
0.1729182296,-296.8270144,38.79764822,-296.8355645,38.83607307,169.9208075,0.03936461145
0.1730432608,-296.715655,38.82278571,-296.7239081,38.85987611,170.034969,0.03799752212
0.1731682921,-296.6042951,38.84791419,-296.6122601,38.88370962,170.1491289,0.03667088486
0.1732933233,-296.4929347,38.87303363,-296.5006201,38.9075727,170.263287,0.03538378949
0.1734183546,-296.3815738,38.89814403,-296.3889881,38.93146444,170.3774441,0.03413532359
0.1735433858,-296.2702125,38.92324538,-296.2773638,38.95538397,170.4915992,0.03292460616
0.1736684171,-296.1588507,38.94833767,-296.165747,38.97933042,170.6057529,0.03175074627
0.1737934484,-296.0474884,38.97342088,-296.0541375,39.00330293,170.7199055,0.03061286958
0.1739184796,-295.9361256,38.99849502,-295.9425352,39.02730064,170.8340558,0.02951012656
0.1740435109,-295.8247623,39.02356006,-295.8309399,39.05132272,170.9482051,0.02844165387
0.1741685421,-295.7133986,39.048616,-295.7193514,39.07536834,171.0623528,0.02740661852
0.1742935734,-295.6020344,39.07366284,-295.6077694,39.09943668,171.1764986,0.02640419511
0.1744186047,-295.4906697,39.09870055,-295.4961939,39.12352693,171.2906435,0.02543356063
0.1745436359,-295.3793045,39.12372913,-295.3846246,39.14763831,171.4047863,0.02449392081
0.1746686672,-295.2679389,39.14874858,-295.2730614,39.17177002,171.5189278,0.02358447786
0.1747936984,-295.1565727,39.17375887,-295.1615042,39.19592129,171.6330681,0.02270445084
0.1749187297,-295.0452061,39.19876,-295.0499526,39.22009138,171.7472062,0.02185308217
0.1750437609,-294.933839,39.22375197,-294.9384066,39.24427953,171.8613432,0.02102960735
0.1751687922,-294.8224714,39.24873476,-294.8268661,39.26848501,171.9754786,0.02023328924
0.1752938235,-294.7111033,39.27370835,-294.7153308,39.2927071,172.0896122,0.0194634004
0.1754188547,-294.5997348,39.29867275,-294.6038006,39.31694508,172.2037448,0.01871921883
0.175543886,-294.4883657,39.32362794,-294.4922754,39.34119827,172.3178753,0.01800004829
0.1756689172,-294.3769962,39.34857391,-294.3807549,39.36546598,172.4320045,0.01730519344
0.1757939485,-294.2656262,39.37351066,-294.2692391,39.38974753,172.5461325,0.01663397523
0.1759189797,-294.1542557,39.39843816,-294.1577278,39.41404227,172.6602582,0.01598573604
0.176044011,-294.0428847,39.42335642,-294.0462208,39.43834955,172.7743829,0.01535981614
0.1761690423,-293.9315132,39.44826542,-293.9347181,39.46266874,172.888506,0.01475558001
0.1762940735,-293.8201412,39.47316515,-293.8232195,39.48699922,173.0026273,0.01417240276
0.1764191048,-293.7087688,39.49805561,-293.7117248,39.51134037,173.1167475,0.01360966665
0.176544136,-293.5973958,39.52293678,-293.6002339,39.53569161,173.2308657,0.01306677658
0.1766691673,-293.4860224,39.54780865,-293.4887468,39.56005235,173.3449825,0.01254314117
0.1767941985,-293.3746485,39.57267122,-293.3772632,39.58442201,173.4590982,0.01203818417
0.1769192298,-293.263274,39.59752447,-293.265783,39.60880005,173.5732115,0.01155134848
0.1770442611,-293.1518991,39.62236839,-293.1543062,39.63318591,173.6873238,0.01108207807
0.1771692923,-293.0405237,39.64720298,-293.0428325,39.65757905,173.8014345,0.01062983789
0.1772943236,-292.9291478,39.67202822,-292.931362,39.68197896,173.9155434,0.01019410355
0.1774193548,-292.8177714,39.69684411,-292.8198944,39.70638497,174.0296512,0.009774198827
0.1775443861,-292.7063946,39.72165063,-292.7084289,39.73079308,174.143757,0.009366039524
0.1776694174,-292.5950172,39.74644778,-292.5969634,39.75519445,174.2578613,0.008960587709
0.1777944486,-292.4836393,39.77123554,-292.4854953,39.77957638,174.3719646,0.00854483466
0.1779194799,-292.3722609,39.79601391,-292.3740204,39.80392107,174.4860655,0.008100544983
0.1780445111,-292.2608821,39.82078287,-292.2625335,39.82820457,174.6001653,0.007603212502
0.1781695424,-292.1495027,39.84554242,-292.1510281,39.85239745,174.7142636,0.007022688552
0.1782945736,-292.0381229,39.87029254,-292.0394973,39.87646947,174.82836,0.00632799689
0.1784196049,-291.9267425,39.89503323,-291.927937,39.90040149,174.9424554,0.005499548246
0.1785446362,-291.8153617,39.91976448,-291.8163497,39.92420457,175.0565487,0.004548677307
0.1786696674,-291.7039803,39.94448627,-291.7047479,39.94793588,175.1706406,0.003533968568
0.1787946987,-291.5925985,39.9691986,-291.5931533,39.97169187,175.2847313,0.00255424838
0.1789197299,-291.4812161,39.99390146,-291.4815876,39.99557104,175.3988197,0.001710409119
0.1790447612,-291.3698333,40.01859484,-291.3700639,40.01963132,175.5129071,0.001061838013
0.1791697924,-291.2584499,40.04327872,-291.2585829,40.04387637,175.6269929,0.0006122678428
0.1792948237,-291.1470661,40.06795309,-291.1471372,40.06827264,175.7410768,0.0003273633545
0.179419855,-291.0356818,40.09261796,-291.0357167,40.09277482,175.8551596,0.0001606983807
0.1795448862,-290.9242969,40.11727331,-290.9243123,40.11734231,175.9692404,7.068759037e-05
0.1796699175,-290.8129116,40.14191912,-290.8129173,40.14194496,176.0833198,2.647778029e-05
0.1797949487,-290.7015257,40.16655539,-290.7015273,40.16656276,176.197398,7.547762214e-06
0.17991998,-290.5901393,40.19118211,-290.5901396,40.19118328,176.3114739,1.200945567e-06
0.1800450113,-290.4787525,40.21579927,-290.4787525,40.21579928,176.4255487,1.961949462e-08
0.1801700425,-290.3673651,40.24040685,-290.3673651,40.24040685,176.5396219,0
0.1802950738,-290.2559772,40.26500486,-290.2559772,40.26500486,176.6536932,0
0.180420105,-290.1445889,40.28959327,-290.1445889,40.28959327,176.7677635,0
0.1805451363,-290.0332,40.31417209,-290.0332,40.31417209,176.8818317,0
0.1806701675,-289.9218106,40.33874129,-289.9218106,40.33874129,176.9958985,0
0.1807951988,-289.8104207,40.36330087,-289.8104207,40.36330087,177.1099641,0
0.1809202301,-289.6990303,40.38785083,-289.6990303,40.38785083,177.2240274,0
0.1810452613,-289.5876394,40.41239114,-289.5876394,40.41239114,177.3380896,0
0.1811702926,-289.476248,40.43692181,-289.476248,40.43692181,177.4521502,0
0.1812953238,-289.364856,40.46144281,-289.364856,40.46144281,177.5662089,0
0.1814203551,-289.2534636,40.48595415,-289.2534636,40.48595415,177.6802666,0
0.1815453863,-289.1420706,40.51045581,-289.1420706,40.51045581,177.7943222,0
0.1816704176,-289.0306772,40.53494777,-289.0306772,40.53494777,177.9083763,0
0.1817954489,-288.9192832,40.55943004,-288.9192832,40.55943004,178.0224293,0
0.1819204801,-288.8078887,40.58390261,-288.8078887,40.58390261,178.1364799,0
0.1820455114,-288.6964937,40.60836545,-288.6964937,40.60836545,178.2505295,0
0.1821705426,-288.5850982,40.63281856,-288.5850982,40.63281856,178.3645774,0
0.1822955739,-288.4737022,40.65726194,-288.4737022,40.65726194,178.4786235,0
0.1824206052,-288.3623057,40.68169557,-288.3623057,40.68169557,178.5926685,0
0.1825456364,-288.2509086,40.70611944,-288.2509086,40.70611944,178.7067114,0
0.1826706677,-288.1395111,40.73053355,-288.1395111,40.73053355,178.8207528,0
0.1827956989,-288.028113,40.75493788,-288.028113,40.75493788,178.9347931,0
0.1829207302,-287.9167144,40.77933242,-287.9167144,40.77933242,179.048831,0
0.1830457614,-287.8053153,40.80371717,-287.8053153,40.80371717,179.1628679,0
0.1831707927,-287.6939156,40.8280921,-287.6939156,40.8280921,179.2769031,0
0.183295824,-287.5825155,40.85245723,-287.5825155,40.85245723,179.3909364,0
0.1834208552,-287.4711148,40.87681252,-287.4711148,40.87681252,179.5049687,0
0.1835458865,-287.3597136,40.90115798,-287.3597136,40.90115798,179.6189989,0
0.1836709177,-287.2483119,40.9254936,-287.2483119,40.9254936,179.7330276,0
0.183795949,-287.1369097,40.94981936,-287.1369097,40.94981936,179.8470552,0
0.1839209802,-287.025507,40.97413525,-287.025507,40.97413525,179.9610803,0
0.1840460115,-286.9141037,40.99844127,-286.9141037,40.99844127,180.0751044,0
0.1841710428,-286.8026999,41.02273741,-286.8026999,41.02273741,180.1891269,0
0.184296074,-286.6912956,41.04702365,-286.6912956,41.04702365,180.3031475,0
0.1844211053,-286.5798908,41.07129998,-286.5798908,41.07129998,180.417167,0
0.1845461365,-286.4684855,41.09556641,-286.4684855,41.09556641,180.5311844,0
0.1846711678,-286.3570796,41.1198229,-286.3570796,41.1198229,180.6452003,0
0.184796199,-286.2456732,41.14406947,-286.2456732,41.14406947,180.7592151,0
0.1849212303,-286.1342663,41.16830609,-286.1342663,41.16830609,180.8732274,0
0.1850462616,-286.0228588,41.19253275,-286.0228588,41.19253275,180.9872387,0
0.1851712928,-285.9114509,41.21674946,-285.9114509,41.21674946,181.1012484,0
0.1852963241,-285.8000424,41.24095619,-285.8000424,41.24095619,181.2152561,0
0.1854213553,-285.6886334,41.26515293,-285.6886334,41.26515293,181.3292628,0
0.1855463866,-285.5772238,41.28933969,-285.5772238,41.28933969,181.4432674,0
0.1856714179,-285.4658137,41.31351644,-285.4658137,41.31351644,181.5572705,0
0.1857964491,-285.3544031,41.33768318,-285.3544031,41.33768318,181.6712725,0
0.1859214804,-285.242992,41.3618399,-285.242992,41.3618399,181.7852719,0
0.1860465116,-285.1315804,41.38598659,-285.1315804,41.38598659,181.8992704,0
0.1861715429,-285.0201682,41.41012323,-285.0201682,41.41012323,182.0132672,0
0.1862965741,-284.9087554,41.43424982,-284.9087554,41.43424982,182.1272621,0
0.1864216054,-284.7973422,41.45836636,-284.7973422,41.45836636,182.2412559,0
0.1865466367,-284.6859284,41.48247282,-284.6859284,41.48247282,182.3552476,0
0.1866716679,-284.5745141,41.5065692,-284.5745141,41.5065692,182.4692378,0
0.1867966992,-284.4630993,41.53065549,-284.4630993,41.53065549,182.5832269,0
0.1869217304,-284.3516839,41.55473167,-284.3516839,41.55473167,182.6972135,0
0.1870467617,-284.240268,41.57879776,-284.240268,41.57879776,182.8111991,0
0.1871717929,-284.1288516,41.60285376,-284.1288516,41.60285376,182.925183,0
0.1872968242,-284.0174346,41.62689968,-284.0174346,41.62689968,183.039165,0
0.1874218555,-283.9060171,41.65093556,-283.9060171,41.65093556,183.1531459,0
0.1875468867,-283.7945991,41.6749614,-283.7945991,41.6749614,183.2671247,0
0.187671918,-283.6831805,41.69897723,-283.6831805,41.69897723,183.3811021,0
0.1877969492,-283.5717614,41.72298306,-283.5717614,41.72298306,183.4950784,0
0.1879219805,-283.4603418,41.74697892,-283.4603418,41.74697892,183.6090522,0
0.1880470118,-283.3489217,41.77096481,-283.3489217,41.77096481,183.723025,0
0.188172043,-283.237501,41.79494077,-283.237501,41.79494077,183.8369962,0
0.1882970743,-283.1260798,41.81890681,-283.1260798,41.81890681,183.9509654,0
0.1884221055,-283.0146581,41.84286295,-283.0146581,41.84286295,184.0649337,0
0.1885471368,-282.9032359,41.86680921,-282.9032359,41.86680921,184.1788999,0
0.188672168,-282.7918132,41.8907456,-282.7918132,41.8907456,184.2928646,0
0.1887971993,-282.6803899,41.91467215,-282.6803899,41.91467215,184.4068283,0
0.1889222306,-282.5689661,41.93858887,-282.5689661,41.93858887,184.5207895,0
0.1890472618,-282.4575418,41.96249578,-282.4575418,41.96249578,184.6347498,0
0.1891722931,-282.346117,41.98639291,-282.346117,41.98639291,184.7487085,0
0.1892973243,-282.2346917,42.01028026,-282.2346917,42.01028026,184.8626653,0
0.1894223556,-282.1232659,42.03415786,-282.1232659,42.03415786,184.9766211,0
0.1895473868,-282.0118395,42.05802573,-282.0118395,42.05802573,185.0905749,0
0.1896724181,-281.9004126,42.08188389,-281.9004126,42.08188389,185.2045273,0
0.1897974494,-281.7889853,42.10573235,-281.7889853,42.10573235,185.3184786,0
0.1899224806,-281.6775574,42.12957113,-281.6775574,42.12957113,185.4324275,0
0.1900475119,-281.566129,42.15340026,-281.566129,42.15340026,185.5463755,0
0.1901725431,-281.4547001,42.17721975,-281.4547001,42.17721975,185.660322,0
0.1902975744,-281.3432707,42.20102962,-281.3432707,42.20102962,185.7742665,0
0.1904226057,-281.2318408,42.22482988,-281.2318408,42.22482988,185.8882101,0
0.1905476369,-281.1204103,42.24862057,-281.1204103,42.24862057,186.0021518,0
0.1906726682,-281.0089794,42.27240169,-281.0089794,42.27240169,186.116092,0
0.1907976994,-280.897548,42.29617326,-280.897548,42.29617326,186.2300312,0
0.1909227307,-280.7861161,42.31993531,-280.7861161,42.31993531,186.3439681,0
0.1910477619,-280.6746836,42.34368785,-280.6746836,42.34368785,186.457904,0
0.1911727932,-280.5632507,42.3674309,-280.5632507,42.3674309,186.5718385,0
0.1912978245,-280.4518173,42.39116448,-280.4518173,42.39116448,186.6857711,0
0.1914228557,-280.3403833,42.41488861,-280.3403833,42.41488861,186.7997027,0
0.191547887,-280.2289489,42.43860331,-280.2289489,42.43860331,186.9136324,0
0.1916729182,-280.117514,42.46230859,-280.117514,42.46230859,187.0275608,0
0.1917979495,-280.0060786,42.48600448,-280.0060786,42.48600448,187.1414881,0
0.1919229807,-279.8946426,42.50969099,-279.8946426,42.50969099,187.2554132,0
0.192048012,-279.7832062,42.53336814,-279.7832062,42.53336814,187.3693373,0
0.1921730433,-279.6717693,42.55703596,-279.6717693,42.55703596,187.48326,0
0.1922980745,-279.560332,42.58069445,-279.560332,42.58069445,187.5971808,0
0.1924231058,-279.4488941,42.60434364,-279.4488941,42.60434364,187.7111007,0
0.192548137,-279.3374557,42.62798356,-279.3374557,42.62798356,187.8250188,0
0.1926731683,-279.2260169,42.6516142,-279.2260169,42.6516142,187.9389354,0
0.1927981995,-279.1145775,42.6752356,-279.1145775,42.6752356,188.0528512,0
0.1929232308,-279.0031377,42.69884778,-279.0031377,42.69884778,188.1667646,0
0.1930482621,-278.8916974,42.72245074,-278.8916974,42.72245074,188.2806771,0
0.1931732933,-278.7802566,42.74604452,-278.7802566,42.74604452,188.3945883,0
0.1932983246,-278.6688153,42.76962913,-278.6688153,42.76962913,188.5084976,0
0.1934233558,-278.5573735,42.79320458,-278.5573735,42.79320458,188.622406,0
0.1935483871,-278.4459313,42.81677091,-278.4459313,42.81677091,188.7363126,0
0.1936734184,-278.3344885,42.84032812,-278.3344885,42.84032812,188.8502179,0
0.1937984496,-278.2230453,42.86387623,-278.2230453,42.86387623,188.9641222,0
0.1939234809,-278.1116017,42.88741527,-278.1116017,42.88741527,189.0780243,0
0.1940485121,-278.0001575,42.91094525,-278.0001575,42.91094525,189.1919255,0
0.1941735434,-277.8887129,42.93446619,-277.8887129,42.93446619,189.3058253,0
0.1942985746,-277.7772677,42.95797811,-277.7772677,42.95797811,189.4197234,0
0.1944236059,-277.6658222,42.98148103,-277.6658222,42.98148103,189.5336206,0
0.1945486372,-277.5543761,43.00497496,-277.5543761,43.00497496,189.6475159,0
0.1946736684,-277.4429296,43.02845993,-277.4429296,43.02845993,189.76141,0
0.1947986997,-277.3314826,43.05193596,-277.3314826,43.05193596,189.8753031,0
0.1949237309,-277.2200351,43.07540306,-277.2200351,43.07540306,189.9891941,0
0.1950487622,-277.1085871,43.09886125,-277.1085871,43.09886125,190.1030842,0
0.1951737934,-276.9971387,43.12231056,-276.9971387,43.12231056,190.2169729,0
0.1952988247,-276.8856898,43.14575099,-276.8856898,43.14575099,190.33086,0
0.195423856,-276.7742405,43.16918257,-276.7742405,43.16918257,190.4447461,0
0.1955488872,-276.6627907,43.19260532,-276.6627907,43.19260532,190.5586305,0
0.1956739185,-276.5513404,43.21601925,-276.5513404,43.21601925,190.6725136,0
0.1957989497,-276.4398897,43.23942439,-276.4398897,43.23942439,190.7863958,0
0.195923981,-276.3284384,43.26282076,-276.3284384,43.26282076,190.9002759,0
0.1960490123,-276.2169868,43.28620836,-276.2169868,43.28620836,191.0141551,0
0.1961740435,-276.1055347,43.30958723,-276.1055347,43.30958723,191.128033,0
0.1962990748,-275.9940821,43.33295737,-275.9940821,43.33295737,191.2419092,0
0.196424106,-275.882629,43.35631882,-275.882629,43.35631882,191.3557845,0
0.1965491373,-275.7711755,43.37967158,-275.7711755,43.37967158,191.4696582,0
0.1966741685,-275.6597216,43.40301567,-275.6597216,43.40301567,191.5835305,0
0.1967991998,-275.5482671,43.42635112,-275.5482671,43.42635112,191.697402,0
0.1969242311,-275.4368123,43.44967795,-275.4368123,43.44967795,191.8112714,0
0.1970492623,-275.325357,43.47299617,-275.325357,43.47299617,191.92514,0
0.1971742936,-275.2139012,43.49630579,-275.2139012,43.49630579,192.0390072,0
0.1972993248,-275.102445,43.51960685,-275.102445,43.51960685,192.1528729,0
0.1974243561,-274.9909883,43.54289936,-274.9909883,43.54289936,192.2667376,0
0.1975493873,-274.8795311,43.56618333,-274.8795311,43.56618333,192.3806007,0
0.1976744186,-274.7680736,43.58945879,-274.7680736,43.58945879,192.4944626,0
0.1977994499,-274.6566155,43.61272575,-274.6566155,43.61272575,192.6083236,0
0.1979244811,-274.5451571,43.63598424,-274.5451571,43.63598424,192.7221825,0
0.1980495124,-274.4336982,43.65923427,-274.4336982,43.65923427,192.8360407,0
0.1981745436,-274.3222388,43.68247586,-274.3222388,43.68247586,192.9498975,0
0.1982995749,-274.210779,43.70570903,-274.210779,43.70570903,193.0637528,0
0.1984246062,-274.0993187,43.7289338,-274.0993187,43.7289338,193.1776072,0
0.1985496374,-273.9878581,43.75215018,-273.9878581,43.75215018,193.29146,0
0.1986746687,-273.8763969,43.7753582,-273.8763969,43.7753582,193.4053116,0
0.1987996999,-273.7649354,43.79855788,-273.7649354,43.79855788,193.5191623,0
0.1989247312,-273.6534733,43.82174923,-273.6534733,43.82174923,193.633011,0
0.1990497624,-273.5420109,43.84493227,-273.5420109,43.84493227,193.746859,0
0.1991747937,-273.430548,43.86810702,-273.430548,43.86810702,193.8607057,0
0.199299825,-273.3190847,43.8912735,-273.3190847,43.8912735,193.9745508,0
0.1994248562,-273.2076209,43.91443173,-273.2076209,43.91443173,194.0883951,0
0.1995498875,-273.0961567,43.93758173,-273.0961567,43.93758173,194.2022377,0
0.1996749187,-272.9846921,43.96072351,-272.9846921,43.96072351,194.3160792,0
0.19979995,-272.8732271,43.98385709,-272.8732271,43.98385709,194.42992,0
0.1999249812,-272.7617616,44.0069825,-272.7617616,44.0069825,194.5437587,0
0.2000500125,-272.6502957,44.03009976,-272.6502957,44.03009976,194.6575966,0
0.2001750438,-272.5388293,44.05320887,-272.5388293,44.05320887,194.7714334,0
0.200300075,-272.4273626,44.07630986,-272.4273626,44.07630986,194.8852685,0
0.2004251063,-272.3158954,44.09940275,-272.3158954,44.09940275,194.9991029,0
0.2005501375,-272.2044277,44.12248756,-272.2044277,44.12248756,195.1129357,0
0.2006751688,-272.0929597,44.14556431,-272.0929597,44.14556431,195.2267674,0
0.2008002001,-271.9814912,44.168633,-271.9814912,44.168633,195.3405983,0
0.2009252313,-271.8700223,44.19169368,-271.8700223,44.19169368,195.4544272,0
0.2010502626,-271.758553,44.21474634,-271.758553,44.21474634,195.5682554,0
0.2011752938,-271.6470832,44.23779101,-271.6470832,44.23779101,195.6820824,0
0.2013003251,-271.5356131,44.26082772,-271.5356131,44.26082772,195.7959079,0
0.2014253563,-271.4241425,44.28385647,-271.4241425,44.28385647,195.9097326,0
0.2015503876,-271.3126715,44.30687729,-271.3126715,44.30687729,196.0235557,0
0.2016754189,-271.2012001,44.3298902,-271.2012001,44.3298902,196.1373778,0
0.2018004501,-271.0897283,44.35289521,-271.0897283,44.35289521,196.251199,0
0.2019254814,-270.978256,44.37589234,-270.978256,44.37589234,196.3650184,0
0.2020505126,-270.8667834,44.39888161,-270.8667834,44.39888161,196.478837,0
0.2021755439,-270.7553103,44.42186305,-270.7553103,44.42186305,196.5926545,0
0.2023005751,-270.6438368,44.44483666,-270.6438368,44.44483666,196.7064705,0
0.2024256064,-270.5323629,44.46780248,-270.5323629,44.46780248,196.8202857,0
0.2025506377,-270.4208886,44.49076051,-270.4208886,44.49076051,196.9340994,0
0.2026756689,-270.3094139,44.51371077,-270.3094139,44.51371077,197.047912,0
0.2028007002,-270.1979388,44.53665329,-270.1979388,44.53665329,197.1617239,0
0.2029257314,-270.0864632,44.55958809,-270.0864632,44.55958809,197.2755339,0
0.2030507627,-269.9749873,44.58251517,-269.9749873,44.58251517,197.3893432,0
0.2031757939,-269.8635109,44.60543457,-269.8635109,44.60543457,197.5031514,0
0.2033008252,-269.7520342,44.6283463,-269.7520342,44.6283463,197.6169581,0
0.2034258565,-269.640557,44.65125037,-269.640557,44.65125037,197.730764,0
0.2035508877,-269.5290795,44.67414681,-269.5290795,44.67414681,197.8445686,0
0.203675919,-269.4176015,44.69703564,-269.4176015,44.69703564,197.958372,0
0.2038009502,-269.3061232,44.71991687,-269.3061232,44.71991687,198.0721747,0
0.2039259815,-269.1946444,44.74279053,-269.1946444,44.74279053,198.1859755,0
0.2040510128,-269.0831653,44.76565662,-269.0831653,44.76565662,198.2997757,0
0.204176044,-268.9716857,44.78851518,-268.9716857,44.78851518,198.4135748,0
0.2043010753,-268.8602058,44.81136622,-268.8602058,44.81136622,198.5273724,0
0.2044261065,-268.7487254,44.83420975,-268.7487254,44.83420975,198.6411693,0
0.2045511378,-268.6372447,44.8570458,-268.6372447,44.8570458,198.7549648,0
0.204676169,-268.5257636,44.87987439,-268.5257636,44.87987439,198.8687593,0
0.2048012003,-268.4142821,44.90269553,-268.4142821,44.90269553,198.982553,0
0.2049262316,-268.3028001,44.92550925,-268.3028001,44.92550925,199.0963449,0
0.2050512628,-268.1913178,44.94831556,-268.1913178,44.94831556,199.2101362,0
0.2051762941,-268.0798352,44.97111447,-268.0798352,44.97111447,199.3239264,0
0.2053013253,-267.9683521,44.99390602,-267.9683521,44.99390602,199.4377151,0
0.2054263566,-267.8568686,45.01669022,-267.8568686,45.01669022,199.5515032,0
0.2055513878,-267.7453847,45.03946708,-267.7453847,45.03946708,199.6652899,0
0.2056764191,-267.6339005,45.06223663,-267.6339005,45.06223663,199.7790755,0
0.2058014504,-267.5224159,45.08499888,-267.5224159,45.08499888,199.8928605,0
0.2059264816,-267.4109309,45.10775385,-267.4109309,45.10775385,200.0066437,0
0.2060515129,-267.2994455,45.13050157,-267.2994455,45.13050157,200.1204263,0
0.2061765441,-267.1879597,45.15324205,-267.1879597,45.15324205,200.2342078,0
0.2063015754,-267.0764736,45.1759753,-267.0764736,45.1759753,200.3479879,0
0.2064266067,-266.964987,45.19870132,-266.964987,45.19870132,200.4617674,0
0.2065516379,-266.8535001,45.22142011,-266.8535001,45.22142011,200.5755455,0
0.2066766692,-266.7420128,45.24413168,-266.7420128,45.24413168,200.6893225,0
0.2068017004,-266.6305251,45.26683603,-266.6305251,45.26683603,200.8030989,0
0.2069267317,-266.5190371,45.28953316,-266.5190371,45.28953316,200.9168735,0
0.2070517629,-266.4075486,45.31222307,-266.4075486,45.31222307,201.0306475,0
0.2071767942,-266.2960598,45.33490576,-266.2960598,45.33490576,201.1444205,0
0.2073018255,-266.1845706,45.35758123,-266.1845706,45.35758123,201.2581921,0
0.2074268567,-266.073081,45.3802495,-266.073081,45.3802495,201.371963,0
0.207551888,-265.9615911,45.40291055,-265.9615911,45.40291055,201.4857325,0
0.2076769192,-265.8501007,45.42556439,-265.8501007,45.42556439,201.599501,0
0.2078019505,-265.73861,45.44821103,-265.73861,45.44821103,201.7132689,0
0.2079269817,-265.6271189,45.47085046,-265.6271189,45.47085046,201.827035,0
0.208052013,-265.5156274,45.49348269,-265.5156274,45.49348269,201.9408005,0
0.2081770443,-265.4041356,45.51610771,-265.4041356,45.51610771,202.054565,0
0.2083020755,-265.2926433,45.53872553,-265.2926433,45.53872553,202.1683281,0
0.2084271068,-265.1811507,45.56133616,-265.1811507,45.56133616,202.2820905,0
0.208552138,-265.0696577,45.58393959,-265.0696577,45.58393959,202.3958515,0
0.2086771693,-264.9581644,45.60653582,-264.9581644,45.60653582,202.5096116,0
0.2088022006,-264.8466706,45.62912486,-264.8466706,45.62912486,202.6233709,0
0.2089272318,-264.7351765,45.65170671,-264.7351765,45.65170671,202.7371286,0
0.2090522631,-264.623682,45.67428137,-264.623682,45.67428137,202.8508856,0
0.2091772943,-264.5121871,45.69684885,-264.5121871,45.69684885,202.9646416,0
0.2093023256,-264.4006918,45.71940914,-264.4006918,45.71940914,203.0783963,0
0.2094273568,-264.2891961,45.74196224,-264.2891961,45.74196224,203.1921502,0
0.2095523881,-264.1777001,45.76450816,-264.1777001,45.76450816,203.3059029,0
0.2096774194,-264.0662037,45.7870469,-264.0662037,45.7870469,203.4196545,0
0.2098024506,-263.9547069,45.80957847,-263.9547069,45.80957847,203.5334054,0
0.2099274819,-263.8432098,45.83210286,-263.8432098,45.83210286,203.6471547,0
0.2100525131,-263.7317122,45.85462007,-263.7317122,45.85462007,203.7609032,0
0.2101775444,-263.6202143,45.87713011,-263.6202143,45.87713011,203.8746508,0
0.2103025756,-263.508716,45.89963298,-263.508716,45.89963298,203.9883971,0
0.2104276069,-263.3972173,45.92212868,-263.3972173,45.92212868,204.1021426,0
0.2105526382,-263.2857183,45.94461722,-263.2857183,45.94461722,204.2158869,0
0.2106776694,-263.1742189,45.96709858,-263.1742189,45.96709858,204.3296301,0
0.2108027007,-263.0627191,45.98957279,-263.0627191,45.98957279,204.4433726,0
0.2109277319,-262.9512189,46.01203983,-262.9512189,46.01203983,204.5571135,0
0.2110527632,-262.8397183,46.03449971,-262.8397183,46.03449971,204.6708537,0
0.2111777944,-262.7282174,46.05695244,-262.7282174,46.05695244,204.7845929,0
0.2113028257,-262.6167161,46.07939801,-262.6167161,46.07939801,204.8983308,0
0.211427857,-262.5052144,46.10183642,-262.5052144,46.10183642,205.012068,0
0.2115528882,-262.3937123,46.12426769,-262.3937123,46.12426769,205.1258039,0
0.2116779195,-262.2822098,46.1466918,-262.2822098,46.1466918,205.2395388,0
0.2118029507,-262.170707,46.16910876,-262.170707,46.16910876,205.353273,0
0.211927982,-262.0592038,46.19151858,-262.0592038,46.19151858,205.4670055,0
0.2120530133,-261.9477002,46.21392125,-261.9477002,46.21392125,205.5807374,0
0.2121780445,-261.8361963,46.23631677,-261.8361963,46.23631677,205.6944683,0
0.2123030758,-261.724692,46.25870516,-261.724692,46.25870516,205.8081979,0
0.212428107,-261.6131873,46.2810864,-261.6131873,46.2810864,205.9219267,0
0.2125531383,-261.5016822,46.30346051,-261.5016822,46.30346051,206.0356543,0
0.2126781695,-261.3901767,46.32582749,-261.3901767,46.32582749,206.1493809,0
0.2128032008,-261.2786709,46.34818732,-261.2786709,46.34818732,206.2631068,0
0.2129282321,-261.1671647,46.37054003,-261.1671647,46.37054003,206.3768311,0
0.2130532633,-261.0556581,46.3928856,-261.0556581,46.3928856,206.4905547,0
0.2131782946,-260.9441511,46.41522405,-260.9441511,46.41522405,206.6042773,0
0.2133033258,-260.8326438,46.43755537,-260.8326438,46.43755537,206.7179986,0
0.2134283571,-260.7211361,46.45987957,-260.7211361,46.45987957,206.8317192,0
0.2135533883,-260.609628,46.48219664,-260.609628,46.48219664,206.9454386,0
0.2136784196,-260.4981195,46.50450659,-260.4981195,46.50450659,207.0591569,0
0.2138034509,-260.3866107,46.52680942,-260.3866107,46.52680942,207.1728745,0
0.2139284821,-260.2751015,46.54910513,-260.2751015,46.54910513,207.2865906,0
0.2140535134,-260.1635919,46.57139373,-260.1635919,46.57139373,207.4003059,0
0.2141785446,-260.0520819,46.59367522,-260.0520819,46.59367522,207.5140203,0
0.2143035759,-259.9405716,46.61594959,-259.9405716,46.61594959,207.6277334,0
0.2144286072,-259.8290609,46.63821685,-259.8290609,46.63821685,207.7414458,0
0.2145536384,-259.7175498,46.660477,-259.7175498,46.660477,207.8551569,0
0.2146786697,-259.6060383,46.68273005,-259.6060383,46.68273005,207.968867,0
0.2148037009,-259.4945265,46.70497599,-259.4945265,46.70497599,208.0825764,0
0.2149287322,-259.3830143,46.72721483,-259.3830143,46.72721483,208.1962843,0
0.2150537634,-259.2715017,46.74944657,-259.2715017,46.74944657,208.3099914,0
0.2151787947,-259.1599887,46.7716712,-259.1599887,46.7716712,208.4236977,0
0.215303826,-259.0484754,46.79388875,-259.0484754,46.79388875,208.5374025,0
0.2154288572,-258.9369617,46.81609919,-258.9369617,46.81609919,208.6511067,0
0.2155538885,-258.8254476,46.83830254,-258.8254476,46.83830254,208.7648097,0
0.2156789197,-258.7139331,46.8604988,-258.7139331,46.8604988,208.8785116,0
0.215803951,-258.6024183,46.88268797,-258.6024183,46.88268797,208.9922129,0
0.2159289822,-258.4909031,46.90487005,-258.4909031,46.90487005,209.1059126,0
0.2160540135,-258.3793875,46.92704505,-258.3793875,46.92704505,209.2196116,0
0.2161790448,-258.2678716,46.94921296,-258.2678716,46.94921296,209.3333097,0
0.216304076,-258.1563552,46.97137379,-258.1563552,46.97137379,209.4470064,0
0.2164291073,-258.0448385,46.99352753,-258.0448385,46.99352753,209.5607025,0
0.2165541385,-257.9333215,47.0156742,-257.9333215,47.0156742,209.6743974,0
0.2166791698,-257.821804,47.03781379,-257.821804,47.03781379,209.7880912,0
0.2168042011,-257.7102862,47.05994631,-257.7102862,47.05994631,209.9017843,0
0.2169292323,-257.598768,47.08207175,-257.598768,47.08207175,210.0154759,0
0.2170542636,-257.4872495,47.10419012,-257.4872495,47.10419012,210.1291668,0
0.2171792948,-257.3757305,47.12630142,-257.3757305,47.12630142,210.2428568,0
0.2173043261,-257.2642112,47.14840565,-257.2642112,47.14840565,210.3565455,0
0.2174293573,-257.1526915,47.17050282,-257.1526915,47.17050282,210.4702335,0
0.2175543886,-257.0411715,47.19259292,-257.0411715,47.19259292,210.5839202,0
0.2176794199,-256.9296511,47.21467596,-256.9296511,47.21467596,210.697606,0
0.2178044511,-256.8181303,47.23675193,-256.8181303,47.23675193,210.8112911,0
0.2179294824,-256.7066091,47.25882085,-256.7066091,47.25882085,210.9249746,0
0.2180545136,-256.5950876,47.28088272,-256.5950876,47.28088272,211.0386574,0
0.2181795449,-256.4835657,47.30293752,-256.4835657,47.30293752,211.1523394,0
0.2183045761,-256.3720434,47.32498528,-256.3720434,47.32498528,211.26602,0
0.2184296074,-256.2605207,47.34702598,-256.2605207,47.34702598,211.3796999,0
0.2185546387,-256.1489977,47.36905963,-256.1489977,47.36905963,211.4933786,0
0.2186796699,-256.0374743,47.39108623,-256.0374743,47.39108623,211.6070564,0
0.2188047012,-255.9259505,47.41310579,-255.9259505,47.41310579,211.7207334,0
0.2189297324,-255.8144264,47.43511831,-255.8144264,47.43511831,211.8344089,0
0.2190547637,-255.7029019,47.45712378,-255.7029019,47.45712378,211.9480838,0
0.2191797949,-255.591377,47.47912221,-255.591377,47.47912221,212.0617577,0
0.2193048262,-255.4798517,47.5011136,-255.4798517,47.5011136,212.1754303,0
0.2194298575,-255.3683261,47.52309796,-255.3683261,47.52309796,212.2891022,0
0.2195548887,-255.2568001,47.54507528,-255.2568001,47.54507528,212.402773,0
0.21967992,-255.1452737,47.56704557,-255.1452737,47.56704557,212.5164427,0
0.2198049512,-255.033747,47.58900883,-255.033747,47.58900883,212.6301118,0
0.2199299825,-254.9222199,47.61096505,-254.9222199,47.61096505,212.7437793,0
0.2200550138,-254.8106924,47.63291425,-254.8106924,47.63291425,212.8574462,0
0.220180045,-254.6991646,47.65485643,-254.6991646,47.65485643,212.9711121,0
0.2203050763,-254.5876364,47.67679158,-254.5876364,47.67679158,213.0847768,0
0.2204301075,-254.4761078,47.6987197,-254.4761078,47.6987197,213.1984408,0
0.2205551388,-254.3645788,47.72064081,-254.3645788,47.72064081,213.3121036,0
0.22068017,-254.2530495,47.7425549,-254.2530495,47.7425549,213.4257653,0
0.2208052013,-254.1415198,47.76446197,-254.1415198,47.76446197,213.5394265,0
0.2209302326,-254.0299897,47.78636203,-254.0299897,47.78636203,213.6530861,0
0.2210552638,-253.9184593,47.80825507,-253.9184593,47.80825507,213.766745,0
0.2211802951,-253.8069285,47.83014111,-253.8069285,47.83014111,213.8804031,0
0.2213053263,-253.6953973,47.85202013,-253.6953973,47.85202013,213.9940598,0
0.2214303576,-253.5838658,47.87389215,-253.5838658,47.87389215,214.1077159,0
0.2215553888,-253.4723338,47.89575716,-253.4723338,47.89575716,214.2213708,0
0.2216804201,-253.3608016,47.91761516,-253.3608016,47.91761516,214.3350246,0
0.2218054514,-253.2492689,47.93946617,-253.2492689,47.93946617,214.4486779,0
0.2219304826,-253.1377359,47.96131017,-253.1377359,47.96131017,214.5623296,0
0.2220555139,-253.0262025,47.98314718,-253.0262025,47.98314718,214.6759807,0
0.2221805451,-252.9146687,48.00497719,-252.9146687,48.00497719,214.7896308,0
0.2223055764,-252.8031346,48.02680021,-252.8031346,48.02680021,214.9032797,0
0.2224306077,-252.6916001,48.04861623,-252.6916001,48.04861623,215.0169279,0
0.2225556389,-252.5800652,48.07042526,-252.5800652,48.07042526,215.1305749,0
0.2226806702,-252.46853,48.0922273,-252.46853,48.0922273,215.244221,0
0.2228057014,-252.3569944,48.11402236,-252.3569944,48.11402236,215.3578663,0
0.2229307327,-252.2454584,48.13581043,-252.2454584,48.13581043,215.4715102,0
0.2230557639,-252.1339221,48.15759151,-252.1339221,48.15759151,215.5851535,0
0.2231807952,-252.0223854,48.17936562,-252.0223854,48.17936562,215.6987958,0
0.2233058265,-251.9108483,48.20113274,-251.9108483,48.20113274,215.8124368,0
0.2234308577,-251.7993109,48.22289289,-251.7993109,48.22289289,215.9260772,0
0.223555889,-251.6877731,48.24464606,-251.6877731,48.24464606,216.0397164,0
0.2236809202,-251.5762349,48.26639226,-251.5762349,48.26639226,216.1533546,0
0.2238059515,-251.4646963,48.28813148,-251.4646963,48.28813148,216.2669922,0
0.2239309827,-251.3531574,48.30986373,-251.3531574,48.30986373,216.3806283,0
0.224056014,-251.2416182,48.33158902,-251.2416182,48.33158902,216.4942637,0
0.2241810453,-251.1300785,48.35330733,-251.1300785,48.35330733,216.6078983,0
0.2243060765,-251.0185385,48.37501869,-251.0185385,48.37501869,216.7215315,0
0.2244311078,-250.9069981,48.39672307,-250.9069981,48.39672307,216.8351641,0
0.224556139,-250.7954574,48.4184205,-250.7954574,48.4184205,216.9487956,0
0.2246811703,-250.6839163,48.44011097,-250.6839163,48.44011097,217.062426,0
0.2248062016,-250.5723748,48.46179448,-250.5723748,48.46179448,217.1760558,0
0.2249312328,-250.4608329,48.48347103,-250.4608329,48.48347103,217.2896842,0
0.2250562641,-250.3492907,48.50514063,-250.3492907,48.50514063,217.4033118,0
0.2251812953,-250.2377481,48.52680327,-250.2377481,48.52680327,217.5169386,0
0.2253063266,-250.1262052,48.54845897,-250.1262052,48.54845897,217.6305641,0
0.2254313578,-250.0146619,48.57010772,-250.0146619,48.57010772,217.744189,0
0.2255563891,-249.9031182,48.59174952,-249.9031182,48.59174952,217.8578127,0
0.2256814204,-249.7915742,48.61338437,-249.7915742,48.61338437,217.9714354,0
0.2258064516,-249.6800297,48.63501228,-249.6800297,48.63501228,218.0850575,0
0.2259314829,-249.568485,48.65663325,-249.568485,48.65663325,218.1986781,0
0.2260565141,-249.4569398,48.67824728,-249.4569398,48.67824728,218.3122981,0
0.2261815454,-249.3453943,48.69985438,-249.3453943,48.69985438,218.4259172,0
0.2263065766,-249.2338484,48.72145454,-249.2338484,48.72145454,218.539535,0
0.2264316079,-249.1223022,48.74304777,-249.1223022,48.74304777,218.6531522,0
0.2265566392,-249.0107556,48.76463408,-249.0107556,48.76463408,218.7667682,0
0.2266816704,-248.8992086,48.78621347,-248.8992086,48.78621347,218.8803832,0
0.2268067017,-248.7876613,48.80778594,-248.7876613,48.80778594,218.9939977,0
0.2269317329,-248.6761136,48.8293515,-248.6761136,48.8293515,219.1076106,0
0.2270567642,-248.5645655,48.85091015,-248.5645655,48.85091015,219.2212229,0
0.2271817954,-248.4530171,48.8724619,-248.4530171,48.8724619,219.3348344,0
0.2273068267,-248.3414683,48.89400674,-248.3414683,48.89400674,219.4484445,0
0.227431858,-248.2299192,48.91554469,-248.2299192,48.91554469,219.5620541,0
0.2275568892,-248.1183697,48.93707574,-248.1183697,48.93707574,219.6756625,0
0.2276819205,-248.0068198,48.95859991,-248.0068198,48.95859991,219.7892699,0
0.2278069517,-247.8952695,48.98011719,-247.8952695,48.98011719,219.9028767,0
0.227931983,-247.7837189,49.00162759,-247.7837189,49.00162759,220.0164821,0
0.2280570143,-247.672168,49.02313112,-247.672168,49.02313112,220.1300868,0
0.2281820455,-247.5606166,49.04462777,-247.5606166,49.04462777,220.2436906,0
0.2283070768,-247.4490649,49.06611755,-247.4490649,49.06611755,220.3572932,0
0.228432108,-247.3375129,49.08760047,-247.3375129,49.08760047,220.4708952,0
0.2285571393,-247.2259605,49.10907652,-247.2259605,49.10907652,220.584496,0
0.2286821705,-247.1144077,49.13054572,-247.1144077,49.13054572,220.6980959,0
0.2288072018,-247.0028546,49.15200807,-247.0028546,49.15200807,220.8116952,0
0.2289322331,-246.8913011,49.17346356,-246.8913011,49.17346356,220.925293,0
0.2290572643,-246.7797472,49.19491222,-246.7797472,49.19491222,221.0388902,0
0.2291822956,-246.668193,49.21635403,-246.668193,49.21635403,221.1524865,0
0.2293073268,-246.5566384,49.237789,-246.5566384,49.237789,221.2660816,0
0.2294323581,-246.4450835,49.25921714,-246.4450835,49.25921714,221.379676,0
0.2295573893,-246.3335282,49.28063845,-246.3335282,49.28063845,221.4932694,0
0.2296824206,-246.2219725,49.30205294,-246.2219725,49.30205294,221.6068617,0
0.2298074519,-246.1104165,49.32346061,-246.1104165,49.32346061,221.7204535,0
0.2299324831,-245.9988601,49.34486145,-245.9988601,49.34486145,221.8340439,0
0.2300575144,-245.8873034,49.36625549,-245.8873034,49.36625549,221.9476335,0
0.2301825456,-245.7757463,49.38764271,-245.7757463,49.38764271,222.0612224,0
0.2303075769,-245.6641888,49.40902313,-245.6641888,49.40902313,222.17481,0
0.2304326082,-245.552631,49.43039675,-245.552631,49.43039675,222.288397,0
0.2305576394,-245.4410728,49.45176358,-245.4410728,49.45176358,222.4019829,0
0.2306826707,-245.3295143,49.4731236,-245.3295143,49.4731236,222.5155679,0
0.2308077019,-245.2179554,49.49447684,-245.2179554,49.49447684,222.6291522,0
0.2309327332,-245.1063962,49.5158233,-245.1063962,49.5158233,222.7427351,0
0.2310577644,-244.9948366,49.53716297,-244.9948366,49.53716297,222.8563174,0
0.2311827957,-244.8832766,49.55849587,-244.8832766,49.55849587,222.9698989,0
0.231307827,-244.7717163,49.57982199,-244.7717163,49.57982199,223.0834791,0
0.2314328582,-244.6601556,49.60114134,-244.6601556,49.60114134,223.1970587,0
0.2315578895,-244.5485946,49.62245393,-244.5485946,49.62245393,223.3106372,0
0.2316829207,-244.4370332,49.64375975,-244.4370332,49.64375975,223.4242148,0
0.231807952,-244.3254715,49.66505882,-244.3254715,49.66505882,223.5377917,0
0.2319329832,-244.2139094,49.68635114,-244.2139094,49.68635114,223.6513673,0
0.2320580145,-244.1023469,49.7076367,-244.1023469,49.7076367,223.7649423,0
0.2321830458,-243.9907841,49.72891552,-243.9907841,49.72891552,223.8785164,0
0.232308077,-243.8792209,49.7501876,-243.8792209,49.7501876,223.9920892,0
0.2324331083,-243.7676574,49.77145294,-243.7676574,49.77145294,224.1056615,0
0.2325581395,-243.6560935,49.79271155,-243.6560935,49.79271155,224.2192327,0
0.2326831708,-243.5445293,49.81396342,-243.5445293,49.81396342,224.332803,0
0.2328082021,-243.4329647,49.83520858,-243.4329647,49.83520858,224.4463726,0
0.2329332333,-243.3213998,49.85644701,-243.3213998,49.85644701,224.5599409,0
0.2330582646,-243.2098345,49.87767872,-243.2098345,49.87767872,224.6735086,0
0.2331832958,-243.0982688,49.89890372,-243.0982688,49.89890372,224.7870754,0
0.2333083271,-242.9867028,49.920122,-242.9867028,49.920122,224.900641,0
0.2334333583,-242.8751365,49.94133359,-242.8751365,49.94133359,225.014206,0
0.2335583896,-242.7635698,49.96253847,-242.7635698,49.96253847,225.1277699,0
0.2336834209,-242.6520027,49.98373665,-242.6520027,49.98373665,225.2413329,0
0.2338084521,-242.5404353,50.00492814,-242.5404353,50.00492814,225.3548953,0
0.2339334834,-242.4288675,50.02611294,-242.4288675,50.02611294,225.4684564,0
0.2340585146,-242.3172994,50.04729106,-242.3172994,50.04729106,225.5820168,0
0.2341835459,-242.2057309,50.06846249,-242.2057309,50.06846249,225.6955764,0
0.2343085771,-242.0941621,50.08962724,-242.0941621,50.08962724,225.8091348,0
0.2344336084,-241.982593,50.11078532,-241.982593,50.11078532,225.9226926,0
0.2345586397,-241.8710234,50.13193673,-241.8710234,50.13193673,226.0362493,0
0.2346836709,-241.7594536,50.15308148,-241.7594536,50.15308148,226.1498051,0
0.2348087022,-241.6478833,50.17421956,-241.6478833,50.17421956,226.2633603,0
0.2349337334,-241.5363127,50.19535098,-241.5363127,50.19535098,226.3769142,0
0.2350587647,-241.4247418,50.21647575,-241.4247418,50.21647575,226.4904674,0
0.2351837959,-241.3131705,50.23759387,-241.3131705,50.23759387,226.6040199,0
0.2353088272,-241.2015989,50.25870535,-241.2015989,50.25870535,226.7175711,0
0.2354338585,-241.0900269,50.27981018,-241.0900269,50.27981018,226.8311217,0
0.2355588897,-240.9784546,50.30090837,-240.9784546,50.30090837,226.9446713,0
0.235683921,-240.8668819,50.32199993,-240.8668819,50.32199993,227.05822,0
0.2358089522,-240.7553089,50.34308486,-240.7553089,50.34308486,227.1717681,0
0.2359339835,-240.6437355,50.36416317,-240.6437355,50.36416317,227.2853148,0
0.2360590148,-240.5321618,50.38523485,-240.5321618,50.38523485,227.3988609,0
0.236184046,-240.4205877,50.40629991,-240.4205877,50.40629991,227.5124063,0
0.2363090773,-240.3090133,50.42735836,-240.3090133,50.42735836,227.6259504,0
0.2364341085,-240.1974385,50.4484102,-240.1974385,50.4484102,227.7394939,0
0.2365591398,-240.0858634,50.46945543,-240.0858634,50.46945543,227.8530365,0
0.236684171,-239.9742879,50.49049406,-239.9742879,50.49049406,227.966578,0
0.2368092023,-239.8627121,50.5115261,-239.8627121,50.5115261,228.080119,0
0.2369342336,-239.7511359,50.53255153,-239.7511359,50.53255153,228.1936587,0
0.2370592648,-239.6395594,50.55357038,-239.6395594,50.55357038,228.3071978,0
0.2371842961,-239.5279826,50.57458264,-239.5279826,50.57458264,228.4207361,0
0.2373093273,-239.4164054,50.59558832,-239.4164054,50.59558832,228.5342731,0
0.2374343586,-239.3048278,50.61658742,-239.3048278,50.61658742,228.6478097,0
0.2375593898,-239.1932499,50.63757995,-239.1932499,50.63757995,228.7613452,0
0.2376844211,-239.0816717,50.6585659,-239.0816717,50.6585659,228.8748797,0
0.2378094524,-238.9700931,50.67954529,-238.9700931,50.67954529,228.9884137,0
0.2379344836,-238.8585141,50.70051812,-238.8585141,50.70051812,229.1019464,0
0.2380595149,-238.7469348,50.72148438,-238.7469348,50.72148438,229.2154784,0
0.2381845461,-238.6353552,50.7424441,-238.6353552,50.7424441,229.3290097,0
0.2383095774,-238.5237752,50.76339726,-238.5237752,50.76339726,229.4425398,0
0.2384346087,-238.4121949,50.78434387,-238.4121949,50.78434387,229.5560694,0
0.2385596399,-238.3006143,50.80528395,-238.3006143,50.80528395,229.6695979,0
0.2386846712,-238.1890333,50.82621748,-238.1890333,50.82621748,229.7831255,0
0.2388097024,-238.0774519,50.84714448,-238.0774519,50.84714448,229.8966525,0
0.2389347337,-237.9658702,50.86806495,-237.9658702,50.86806495,230.0101783,0
0.2390597649,-237.8542882,50.8889789,-237.8542882,50.8889789,230.1237034,0
0.2391847962,-237.7427058,50.90988632,-237.7427058,50.90988632,230.2372277,0
0.2393098275,-237.6311231,50.93078722,-237.6311231,50.93078722,230.3507509,0
0.2394348587,-237.51954,50.9516816,-237.51954,50.9516816,230.4642735,0
0.23955989,-237.4079566,50.97256948,-237.4079566,50.97256948,230.5777951,0
0.2396849212,-237.2963728,50.99345085,-237.2963728,50.99345085,230.6913158,0
0.2398099525,-237.1847887,51.01432572,-237.1847887,51.01432572,230.804836,0
0.2399349837,-237.0732043,51.03519408,-237.0732043,51.03519408,230.9183548,0
0.240060015,-236.9616195,51.05605596,-236.9616195,51.05605596,231.031873,0
0.2401850463,-236.8500344,51.07691134,-236.8500344,51.07691134,231.1453905,0
0.2403100775,-236.7384489,51.09776023,-236.7384489,51.09776023,231.2589068,0
0.2404351088,-236.6268631,51.11860264,-236.6268631,51.11860264,231.3724226,0
0.24056014,-236.5152769,51.13943858,-236.5152769,51.13943858,231.4859373,0
0.2406851713,-236.4036904,51.16026804,-236.4036904,51.16026804,231.5994512,0
0.2408102026,-236.2921036,51.18109102,-236.2921036,51.18109102,231.7129645,0
0.2409352338,-236.1805164,51.20190754,-236.1805164,51.20190754,231.8264765,0
0.2410602651,-236.0689289,51.2227176,-236.0689289,51.2227176,231.9399879,0
0.2411852963,-235.957341,51.2435212,-235.957341,51.2435212,232.0534986,0
0.2413103276,-235.8457528,51.26431834,-235.8457528,51.26431834,232.1670081,0
0.2414353588,-235.7341643,51.28510903,-235.7341643,51.28510903,232.280517,0
0.2415603901,-235.6225754,51.30589328,-235.6225754,51.30589328,232.394025,0
0.2416854214,-235.5109862,51.32667108,-235.5109862,51.32667108,232.507532,0
0.2418104526,-235.3993967,51.34744244,-235.3993967,51.34744244,232.6210385,0
0.2419354839,-235.2878068,51.36820737,-235.2878068,51.36820737,232.7345438,0
0.2420605151,-235.1762165,51.38896587,-235.1762165,51.38896587,232.8480484,0
0.2421855464,-235.064626,51.40971794,-235.064626,51.40971794,232.9615523,0
0.2423105776,-234.953035,51.43046358,-234.953035,51.43046358,233.075055,0
0.2424356089,-234.8414438,51.45120281,-234.8414438,51.45120281,233.1885572,0
0.2425606402,-234.7298522,51.47193562,-234.7298522,51.47193562,233.3020585,0
0.2426856714,-234.6182603,51.49266202,-234.6182603,51.49266202,233.4155588,0
0.2428107027,-234.506668,51.51338201,-234.506668,51.51338201,233.5290585,0
0.2429357339,-234.3950754,51.5340956,-234.3950754,51.5340956,233.6425571,0
0.2430607652,-234.2834825,51.55480279,-234.2834825,51.55480279,233.756055,0
0.2431857964,-234.1718892,51.57550359,-234.1718892,51.57550359,233.8695522,0
0.2433108277,-234.0602956,51.59619799,-234.0602956,51.59619799,233.9830482,0
0.243435859,-233.9487016,51.61688601,-233.9487016,51.61688601,234.0965437,0
0.2435608902,-233.8371074,51.63756764,-233.8371074,51.63756764,234.2100383,0
0.2436859215,-233.7255127,51.65824289,-233.7255127,51.65824289,234.3235319,0
0.2438109527,-233.6139178,51.67891177,-233.6139178,51.67891177,234.437025,0
0.243935984,-233.5023225,51.69957428,-233.5023225,51.69957428,234.5505169,0
0.2440610153,-233.3907269,51.72023042,-233.3907269,51.72023042,234.6640081,0
0.2441860465,-233.2791309,51.74088019,-233.2791309,51.74088019,234.7774987,0
0.2443110778,-233.1675346,51.76152361,-233.1675346,51.76152361,234.8909881,0
0.244436109,-233.055938,51.78216067,-233.055938,51.78216067,235.0044769,0
0.2445611403,-232.944341,51.80279138,-232.944341,51.80279138,235.1179649,0
0.2446861715,-232.8327437,51.82341574,-232.8327437,51.82341574,235.2314519,0
0.2448112028,-232.7211461,51.84403376,-232.7211461,51.84403376,235.3449384,0
0.2449362341,-232.6095481,51.86464543,-232.6095481,51.86464543,235.4584236,0
0.2450612653,-232.4979498,51.88525078,-232.4979498,51.88525078,235.5719083,0
0.2451862966,-232.3863511,51.90584979,-232.3863511,51.90584979,235.6853922,0
0.2453113278,-232.2747522,51.92644247,-232.2747522,51.92644247,235.798875,0
0.2454363591,-232.1631529,51.94702883,-232.1631529,51.94702883,235.9123573,0
0.2455613903,-232.0515532,51.96760887,-232.0515532,51.96760887,236.0258387,0
0.2456864216,-231.9399532,51.98818259,-231.9399532,51.98818259,236.1393191,0
0.2458114529,-231.8283529,52.00875,-231.8283529,52.00875,236.252799,0
0.2459364841,-231.7167523,52.02931111,-231.7167523,52.02931111,236.3662778,0
0.2460615154,-231.6051513,52.0498659,-231.6051513,52.0498659,236.4797558,0
0.2461865466,-231.49355,52.07041441,-231.49355,52.07041441,236.5932333,0
0.2463115779,-231.3819484,52.09095661,-231.3819484,52.09095661,236.7067095,0
0.2464366092,-231.2703464,52.11149252,-231.2703464,52.11149252,236.8201853,0
0.2465616404,-231.1587441,52.13202215,-231.1587441,52.13202215,236.9336601,0
0.2466866717,-231.0471415,52.15254548,-231.0471415,52.15254548,237.0471341,0
0.2468117029,-230.9355385,52.17306252,-230.9355385,52.17306252,237.1606075,0
0.2469367342,-230.8239353,52.19357326,-230.8239353,52.19357326,237.2740797,0
0.2470617654,-230.7123316,52.21407768,-230.7123316,52.21407768,237.3875513,0
0.2471867967,-230.6007277,52.23457578,-230.6007277,52.23457578,237.5010222,0
0.247311828,-230.4891234,52.25506755,-230.4891234,52.25506755,237.614492,0
0.2474368592,-230.3775188,52.27555299,-230.3775188,52.27555299,237.7279612,0
0.2475618905,-230.2659138,52.29603207,-230.2659138,52.29603207,237.8414295,0
0.2476869217,-230.1543085,52.31650481,-230.1543085,52.31650481,237.9548969,0
0.247811953,-230.0427029,52.33697118,-230.0427029,52.33697118,238.0683638,0
0.2479369842,-229.9310969,52.35743118,-229.9310969,52.35743118,238.1818295,0
0.2480620155,-229.8194906,52.37788481,-229.8194906,52.37788481,238.2952946,0
0.2481870468,-229.707884,52.39833204,-229.707884,52.39833204,238.408759,0
0.248312078,-229.596277,52.41877288,-229.596277,52.41877288,238.5222222,0
0.2484371093,-229.4846697,52.43920732,-229.4846697,52.43920732,238.6356849,0
0.2485621405,-229.373062,52.45963535,-229.373062,52.45963535,238.7491466,0
0.2486871718,-229.261454,52.48005695,-229.261454,52.48005695,238.8626075,0
0.2488122031,-229.1498457,52.50047213,-229.1498457,52.50047213,238.9760678,0
0.2489372343,-229.038237,52.52088087,-229.038237,52.52088087,239.0895269,0
0.2490622656,-228.926628,52.54128316,-228.926628,52.54128316,239.2029854,0
0.2491872968,-228.8150187,52.56167901,-228.8150187,52.56167901,239.3164432,0
0.2493123281,-228.703409,52.58206839,-228.703409,52.58206839,239.4298998,0
0.2494373593,-228.591799,52.6024513,-228.591799,52.6024513,239.5433559,0
0.2495623906,-228.4801886,52.62282773,-228.4801886,52.62282773,239.6568111,0
0.2496874219,-228.3685779,52.64319768,-228.3685779,52.64319768,239.7702653,0
0.2498124531,-228.2569668,52.66356114,-228.2569668,52.66356114,239.883719,0
0.2499374844,-228.1453554,52.68391809,-228.1453554,52.68391809,239.9971715,0
0.2500625156,-228.0337437,52.70426853,-228.0337437,52.70426853,240.1106234,0
0.2501875469,-227.9221316,52.72461245,-227.9221316,52.72461245,240.2240745,0
0.2503125781,-227.8105192,52.74494984,-227.8105192,52.74494984,240.3375245,0
0.2504376094,-227.6989064,52.7652807,-227.6989064,52.7652807,240.450974,0
0.2505626407,-227.5872933,52.78560502,-227.5872933,52.78560502,240.5644225,0
0.2506876719,-227.4756798,52.80592278,-227.4756798,52.80592278,240.6778701,0
0.2508127032,-227.364066,52.82623398,-227.364066,52.82623398,240.7913171,0
0.2509377344,-227.2524519,52.84653862,-227.2524519,52.84653862,240.904763,0
0.2510627657,-227.1408374,52.86683667,-227.1408374,52.86683667,241.0182081,0
0.2511877969,-227.0292225,52.88712814,-227.0292225,52.88712814,241.1316526,0
0.2513128282,-226.9176073,52.90741302,-226.9176073,52.90741302,241.2450959,0
0.2514378595,-226.8059918,52.9276913,-226.8059918,52.9276913,241.3585387,0
0.2515628907,-226.6943759,52.94796297,-226.6943759,52.94796297,241.4719805,0
0.251687922,-226.5827596,52.96822802,-226.5827596,52.96822802,241.5854214,0
0.2518129532,-226.471143,52.98848644,-226.471143,52.98848644,241.6988618,0
0.2519379845,-226.3595261,53.00873823,-226.3595261,53.00873823,241.8123009,0
0.2520630158,-226.2479088,53.02898337,-226.2479088,53.02898337,241.9257394,0
0.252188047,-226.1362912,53.04922187,-226.1362912,53.04922187,242.0391772,0
0.2523130783,-226.0246732,53.0694537,-226.0246732,53.0694537,242.1526137,0
0.2524381095,-225.9130548,53.08967887,-225.9130548,53.08967887,242.2660498,0
0.2525631408,-225.8014361,53.10989736,-225.8014361,53.10989736,242.3794849,0
0.252688172,-225.6898171,53.13010917,-225.6898171,53.13010917,242.492919,0
0.2528132033,-225.5781977,53.15031428,-225.5781977,53.15031428,242.6063526,0
0.2529382346,-225.4665779,53.1705127,-225.4665779,53.1705127,242.719785,0
0.2530632658,-225.3549578,53.1907044,-225.3549578,53.1907044,242.8332167,0
0.2531882971,-225.2433374,53.21088939,-225.2433374,53.21088939,242.9466478,0
0.2533133283,-225.1317166,53.23106766,-225.1317166,53.23106766,243.0600776,0
0.2534383596,-225.0200954,53.25123919,-225.0200954,53.25123919,243.1735068,0
0.2535633908,-224.9084739,53.27140397,-224.9084739,53.27140397,243.2869352,0
0.2536884221,-224.796852,53.29156201,-224.796852,53.29156201,243.4003625,0
0.2538134534,-224.6852297,53.31171329,-224.6852297,53.31171329,243.5137893,0
0.2539384846,-224.5736072,53.3318578,-224.5736072,53.3318578,243.6272149,0
0.2540635159,-224.4619842,53.35199554,-224.4619842,53.35199554,243.7406399,0
0.2541885471,-224.3503609,53.3721265,-224.3503609,53.3721265,243.8540641,0
0.2543135784,-224.2387372,53.39225066,-224.2387372,53.39225066,243.9674871,0
0.2544386097,-224.1271132,53.41236802,-224.1271132,53.41236802,244.0809096,0
0.2545636409,-224.0154888,53.43247858,-224.0154888,53.43247858,244.1943311,0
0.2546886722,-223.9038641,53.45258232,-223.9038641,53.45258232,244.3077516,0
0.2548137034,-223.792239,53.47267924,-223.792239,53.47267924,244.4211716,0
0.2549387347,-223.6806135,53.49276932,-223.6806135,53.49276932,244.5345904,0
0.2550637659,-223.5689877,53.51285256,-223.5689877,53.51285256,244.6480085,0
0.2551887972,-223.4573615,53.53292895,-223.4573615,53.53292895,244.7614259,0
0.2553138285,-223.345735,53.55299849,-223.345735,53.55299849,244.874842,0
0.2554388597,-223.234108,53.57306116,-223.234108,53.57306116,244.9882576,0
0.255563891,-223.1224808,53.59311696,-223.1224808,53.59311696,245.1016723,0
0.2556889222,-223.0108531,53.61316587,-223.0108531,53.61316587,245.215086,0
0.2558139535,-222.8992251,53.63320789,-222.8992251,53.63320789,245.3284991,0
0.2559389847,-222.7875968,53.65324302,-222.7875968,53.65324302,245.441911,0
0.256064016,-222.6759681,53.67327124,-222.6759681,53.67327124,245.5553222,0
0.2561890473,-222.564339,53.69329254,-222.564339,53.69329254,245.6687327,0
0.2563140785,-222.4527095,53.71330692,-222.4527095,53.71330692,245.782142,0
0.2564391098,-222.3410797,53.73331437,-222.3410797,53.73331437,245.8955507,0
0.256564141,-222.2294495,53.75331488,-222.2294495,53.75331488,246.0089585,0
0.2566891723,-222.117819,53.77330844,-222.117819,53.77330844,246.1223652,0
0.2568142036,-222.0061881,53.79329504,-222.0061881,53.79329504,246.2357715,0
0.2569392348,-221.8945568,53.81327468,-221.8945568,53.81327468,246.3491764,0
0.2570642661,-221.7829251,53.83324735,-221.7829251,53.83324735,246.4625807,0
0.2571892973,-221.6712931,53.85321303,-221.6712931,53.85321303,246.5759843,0
0.2573143286,-221.5596607,53.87317173,-221.5596607,53.87317173,246.6893867,0
0.2574393598,-221.448028,53.89312342,-221.448028,53.89312342,246.8027885,0
0.2575643911,-221.3363948,53.91306812,-221.3363948,53.91306812,246.9161893,0
0.2576894224,-221.2247613,53.93300579,-221.2247613,53.93300579,247.0295891,0
0.2578144536,-221.1131275,53.95293645,-221.1131275,53.95293645,247.1429884,0
0.2579394849,-221.0014932,53.97286007,-221.0014932,53.97286007,247.2563865,0
0.2580645161,-220.8898586,53.99277666,-220.8898586,53.99277666,247.3697838,0
0.2581895474,-220.7782237,54.0126862,-220.7782237,54.0126862,247.4831804,0
0.2583145786,-220.6665883,54.03258868,-220.6665883,54.03258868,247.5965758,0
0.2584396099,-220.5549526,54.0524841,-220.5549526,54.0524841,247.7099706,0
0.2585646412,-220.4433165,54.07237245,-220.4433165,54.07237245,247.8233645,0
0.2586896724,-220.33168,54.09225372,-220.33168,54.09225372,247.9367573,0
0.2588147037,-220.2200432,54.1121279,-220.2200432,54.1121279,248.0501496,0
0.2589397349,-220.108406,54.13199498,-220.108406,54.13199498,248.1635407,0
0.2590647662,-219.9967684,54.15185496,-219.9967684,54.15185496,248.276931,0
0.2591897974,-219.8851304,54.17170782,-219.8851304,54.17170782,248.3903207,0
0.2593148287,-219.7734921,54.19155357,-219.7734921,54.19155357,248.5037091,0
0.25943986,-219.6618533,54.21139218,-219.6618533,54.21139218,248.6170969,0
0.2595648912,-219.5502142,54.23122366,-219.5502142,54.23122366,248.7304837,0
0.2596899225,-219.4385748,54.25104799,-219.4385748,54.25104799,248.8438696,0
0.2598149537,-219.3269349,54.27086516,-219.3269349,54.27086516,248.9572548,0
0.259939985,-219.2152947,54.29067517,-219.2152947,54.29067517,249.0706389,0
0.2600650163,-219.1036541,54.31047801,-219.1036541,54.31047801,249.1840222,0
0.2601900475,-218.9920131,54.33027368,-218.9920131,54.33027368,249.2974048,0
0.2603150788,-218.8803718,54.35006215,-218.8803718,54.35006215,249.4107862,0
0.26044011,-218.76873,54.36984343,-218.76873,54.36984343,249.5241669,0
0.2605651413,-218.6570879,54.38961751,-218.6570879,54.38961751,249.6375467,0
0.2606901725,-218.5454454,54.40938437,-218.5454454,54.40938437,249.7509255,0
0.2608152038,-218.4338025,54.42914401,-218.4338025,54.42914401,249.8643037,0
0.2609402351,-218.3221593,54.44889643,-218.3221593,54.44889643,249.9776807,0
0.2610652663,-218.2105156,54.4686416,-218.2105156,54.4686416,250.091057,0
0.2611902976,-218.0988716,54.48837953,-218.0988716,54.48837953,250.2044325,0
0.2613153288,-217.9872272,54.50811021,-217.9872272,54.50811021,250.3178068,0
0.2614403601,-217.8755824,54.52783363,-217.8755824,54.52783363,250.4311805,0
0.2615653913,-217.7639372,54.54754978,-217.7639372,54.54754978,250.5445532,0
0.2616904226,-217.6522917,54.56725865,-217.6522917,54.56725865,250.6579249,0
0.2618154539,-217.5406458,54.58696023,-217.5406458,54.58696023,250.771296,0
0.2619404851,-217.4289994,54.60665451,-217.4289994,54.60665451,250.8846659,0
0.2620655164,-217.3173527,54.6263415,-217.3173527,54.6263415,250.998035,0
0.2621905476,-217.2057056,54.64602117,-217.2057056,54.64602117,251.1114035,0
0.2623155789,-217.0940581,54.66569353,-217.0940581,54.66569353,251.2247707,0
0.2624406102,-216.9824103,54.68535855,-216.9824103,54.68535855,251.3381372,0
0.2625656414,-216.870762,54.70501624,-216.870762,54.70501624,251.4515028,0
0.2626906727,-216.7591134,54.72466659,-216.7591134,54.72466659,251.5648674,0
0.2628157039,-216.6474644,54.74430958,-216.6474644,54.74430958,251.6782314,0
0.2629407352,-216.5358149,54.76394522,-216.5358149,54.76394522,251.7915942,0
0.2630657664,-216.4241651,54.78357348,-216.4241651,54.78357348,251.9049562,0
0.2631907977,-216.312515,54.80319437,-216.312515,54.80319437,252.0183175,0
0.263315829,-216.2008644,54.82280787,-216.2008644,54.82280787,252.1316775,0
0.2634408602,-216.0892134,54.84241397,-216.0892134,54.84241397,252.2450369,0
0.2635658915,-215.977562,54.86201268,-215.977562,54.86201268,252.3583954,0
0.2636909227,-215.8659103,54.88160398,-215.8659103,54.88160398,252.4717528,0
0.263815954,-215.7542581,54.90118785,-215.7542581,54.90118785,252.5851097,0
0.2639409852,-215.6426056,54.9207643,-215.6426056,54.9207643,252.6984653,0
0.2640660165,-215.5309527,54.94033332,-215.5309527,54.94033332,252.8118201,0
0.2641910478,-215.4192994,54.95989489,-215.4192994,54.95989489,252.9251743,0
0.264316079,-215.3076457,54.97944901,-215.3076457,54.97944901,253.0385271,0
0.2644411103,-215.1959916,54.99899567,-215.1959916,54.99899567,253.1518793,0
0.2645661415,-215.0843371,55.01853486,-215.0843371,55.01853486,253.2652306,0
0.2646911728,-214.9726822,55.03806658,-214.9726822,55.03806658,253.3785808,0
0.2648162041,-214.8610269,55.05759081,-214.8610269,55.05759081,253.4919305,0
0.2649412353,-214.7493712,55.07710755,-214.7493712,55.07710755,253.6052789,0
0.2650662666,-214.6377151,55.09661679,-214.6377151,55.09661679,253.7186265,0
0.2651912978,-214.5260586,55.11611852,-214.5260586,55.11611852,253.8319735,0
0.2653163291,-214.4144018,55.13561273,-214.4144018,55.13561273,253.9453191,0
0.2654413603,-214.3027445,55.15509942,-214.3027445,55.15509942,254.0586641,0
0.2655663916,-214.1910869,55.17457857,-214.1910869,55.17457857,254.1720082,0
0.2656914229,-214.0794288,55.19405018,-214.0794288,55.19405018,254.2853512,0
0.2658164541,-213.9677703,55.21351424,-213.9677703,55.21351424,254.3986936,0
0.2659414854,-213.8561115,55.23297074,-213.8561115,55.23297074,254.5120348,0
0.2660665166,-213.7444522,55.25241967,-213.7444522,55.25241967,254.6253752,0
0.2661915479,-213.6327926,55.27186103,-213.6327926,55.27186103,254.7387149,0
0.2663165791,-213.5211325,55.2912948,-213.5211325,55.2912948,254.8520533,0
0.2664416104,-213.4094721,55.31072099,-213.4094721,55.31072099,254.9653911,0
0.2665666417,-213.2978112,55.33013957,-213.2978112,55.33013957,255.0787279,0
0.2666916729,-213.18615,55.34955055,-213.18615,55.34955055,255.1920636,0
0.2668167042,-213.0744883,55.3689539,-213.0744883,55.3689539,255.3053988,0
0.2669417354,-212.9628262,55.38834964,-212.9628262,55.38834964,255.4187327,0
0.2670667667,-212.8511638,55.40773774,-212.8511638,55.40773774,255.5320659,0
0.2671917979,-212.7395009,55.4271182,-212.7395009,55.4271182,255.6453983,0
0.2673168292,-212.6278376,55.44649101,-212.6278376,55.44649101,255.7587294,0
0.2674418605,-212.516174,55.46585616,-212.516174,55.46585616,255.8720599,0
0.2675668917,-212.4045099,55.48521364,-212.4045099,55.48521364,255.9853895,0
0.267691923,-212.2928454,55.50456346,-212.2928454,55.50456346,256.0987179,0
0.2678169542,-212.1811805,55.5239056,-212.1811805,55.5239056,256.2120458,0
0.2679419855,-212.0695153,55.54324008,-212.0695153,55.54324008,256.3253725,0
0.2680670168,-211.9578496,55.56256691,-211.9578496,55.56256691,256.4386983,0
0.268192048,-211.8461835,55.58188612,-211.8461835,55.58188612,256.5520235,0
0.2683170793,-211.734517,55.60119772,-211.734517,55.60119772,256.6653473,0
0.2684421105,-211.6228501,55.62050172,-211.6228501,55.62050172,256.7786706,0
0.2685671418,-211.5111828,55.63979813,-211.5111828,55.63979813,256.8919929,0
0.268692173,-211.3995151,55.65908697,-211.3995151,55.65908697,257.0053141,0
0.2688172043,-211.287847,55.67836825,-211.287847,55.67836825,257.1186348,0
0.2689422356,-211.1761785,55.697642,-211.1761785,55.697642,257.2319542,0
0.2690672668,-211.0645096,55.71690822,-211.0645096,55.71690822,257.3452729,0
0.2691922981,-210.9528404,55.73616693,-210.9528404,55.73616693,257.4585909,0
0.2693173293,-210.8411707,55.75541815,-210.8411707,55.75541815,257.5719076,0
0.2694423606,-210.7295006,55.77466188,-210.7295006,55.77466188,257.6852237,0
0.2695673918,-210.6178301,55.79389814,-210.6178301,55.79389814,257.7985389,0
0.2696924231,-210.5061593,55.81312696,-210.5061593,55.81312696,257.9118531,0
0.2698174544,-210.394488,55.83234833,-210.394488,55.83234833,258.0251667,0
0.2699424856,-210.2828164,55.85156229,-210.2828164,55.85156229,258.1384791,0
0.2700675169,-210.1711444,55.87076883,-210.1711444,55.87076883,258.2517907,0
0.2701925481,-210.059472,55.88996799,-210.059472,55.88996799,258.3651018,0
0.2703175794,-209.9477991,55.90915976,-209.9477991,55.90915976,258.4784115,0
0.2704426107,-209.8361259,55.92834418,-209.8361259,55.92834418,258.5917206,0
0.2705676419,-209.7244524,55.94752124,-209.7244524,55.94752124,258.7050288,0
0.2706926732,-209.6127784,55.96669097,-209.6127784,55.96669097,258.8183361,0
0.2708177044,-209.501104,55.98585338,-209.501104,55.98585338,258.9316427,0
0.2709427357,-209.3894293,56.00500848,-209.3894293,56.00500848,259.0449482,0
0.2710677669,-209.2777542,56.0241563,-209.2777542,56.0241563,259.158253,0
0.2711927982,-209.1660787,56.04329684,-209.1660787,56.04329684,259.2715571,0
0.2713178295,-209.0544028,56.06243012,-209.0544028,56.06243012,259.38486,0
0.2714428607,-208.9427265,56.08155616,-208.9427265,56.08155616,259.4981623,0
0.271567892,-208.8310498,56.10067496,-208.8310498,56.10067496,259.6114637,0
0.2716929232,-208.7193728,56.11978655,-208.7193728,56.11978655,259.7247641,0
0.2718179545,-208.6076954,56.13889093,-208.6076954,56.13889093,259.838064,0
0.2719429857,-208.4960176,56.15798813,-208.4960176,56.15798813,259.9513627,0
0.272068017,-208.3843394,56.17707816,-208.3843394,56.17707816,260.0646607,0
0.2721930483,-208.2726609,56.19616103,-208.2726609,56.19616103,260.1779581,0
0.2723180795,-208.160982,56.21523676,-208.160982,56.21523676,260.2912543,0
0.2724431108,-208.0493027,56.23430536,-208.0493027,56.23430536,260.4045499,0
0.272568142,-207.937623,56.25336685,-207.937623,56.25336685,260.5178446,0
0.2726931733,-207.8259429,56.27242124,-207.8259429,56.27242124,260.6311384,0
0.2728182046,-207.7142625,56.29146855,-207.7142625,56.29146855,260.7444316,0
0.2729432358,-207.6025817,56.31050879,-207.6025817,56.31050879,260.8577237,0
0.2730682671,-207.4909005,56.32954197,-207.4909005,56.32954197,260.9710151,0
0.2731932983,-207.379219,56.34856811,-207.379219,56.34856811,261.0843059,0
0.2733183296,-207.2675371,56.36758723,-207.2675371,56.36758723,261.1975955,0
0.2734433608,-207.1558548,56.38659934,-207.1558548,56.38659934,261.3108845,0
0.2735683921,-207.0441722,56.40560446,-207.0441722,56.40560446,261.4241727,0
0.2736934234,-206.9324892,56.42460259,-206.9324892,56.42460259,261.53746,0
0.2738184546,-206.8208058,56.44359376,-206.8208058,56.44359376,261.6507467,0
0.2739434859,-206.709122,56.46257798,-206.709122,56.46257798,261.7640323,0
0.2740685171,-206.5974379,56.48155527,-206.5974379,56.48155527,261.8773172,0
0.2741935484,-206.4857534,56.50052563,-206.4857534,56.50052563,261.9906016,0
0.2743185796,-206.3740686,56.51948908,-206.3740686,56.51948908,262.1038847,0
0.2744436109,-206.2623834,56.53844565,-206.2623834,56.53844565,262.2171673,0
0.2745686422,-206.1506978,56.55739533,-206.1506978,56.55739533,262.3304491,0
0.2746936734,-206.0390119,56.57633816,-206.0390119,56.57633816,262.44373,0
0.2748187047,-205.9273256,56.59527413,-205.9273256,56.59527413,262.5570103,0
0.2749437359,-205.815639,56.61420327,-205.815639,56.61420327,262.6702896,0
0.2750687672,-205.7039519,56.6331256,-205.7039519,56.6331256,262.7835682,0
0.2751937984,-205.5922646,56.65204112,-205.5922646,56.65204112,262.8968462,0
0.2753188297,-205.4805769,56.67094985,-205.4805769,56.67094985,263.010123,0
0.275443861,-205.3688888,56.68985181,-205.3688888,56.68985181,263.1233994,0
0.2755688922,-205.2572003,56.70874701,-205.2572003,56.70874701,263.2366749,0
0.2756939235,-205.1455115,56.72763547,-205.1455115,56.72763547,263.3499495,0
0.2758189547,-205.0338224,56.74651719,-205.0338224,56.74651719,263.4632236,0
0.275943986,-204.9221329,56.76539221,-204.9221329,56.76539221,263.5764967,0
0.2760690173,-204.810443,56.78426052,-204.810443,56.78426052,263.689769,0
0.2761940485,-204.6987528,56.80312214,-204.6987528,56.80312214,263.8030409,0
0.2763190798,-204.5870623,56.8219771,-204.5870623,56.8219771,263.9163115,0
0.276444111,-204.4753713,56.84082539,-204.4753713,56.84082539,264.0295817,0
0.2765691423,-204.3636801,56.85966705,-204.3636801,56.85966705,264.1428511,0
0.2766941735,-204.2519885,56.87850208,-204.2519885,56.87850208,264.2561196,0
0.2768192048,-204.1402965,56.8973305,-204.1402965,56.8973305,264.3693876,0
0.2769442361,-204.0286042,56.91615232,-204.0286042,56.91615232,264.4826546,0
0.2770692673,-203.9169116,56.93496756,-203.9169116,56.93496756,264.5959209,0
0.2771942986,-203.8052186,56.95377623,-203.8052186,56.95377623,264.7091866,0
0.2773193298,-203.6935252,56.97257835,-203.6935252,56.97257835,264.8224513,0
0.2774443611,-203.5818315,56.99137393,-203.5818315,56.99137393,264.9357154,0
0.2775693923,-203.4701375,57.01016299,-203.4701375,57.01016299,265.0489788,0
0.2776944236,-203.3584431,57.02894554,-203.3584431,57.02894554,265.1622413,0
0.2778194549,-203.2467484,57.04772159,-203.2467484,57.04772159,265.2755033,0
0.2779444861,-203.1350533,57.06649117,-203.1350533,57.06649117,265.3887644,0
0.2780695174,-203.0233579,57.08525428,-203.0233579,57.08525428,265.5020247,0
0.2781945486,-202.9116622,57.10401094,-202.9116622,57.10401094,265.6152846,0
0.2783195799,-202.7999661,57.12276117,-202.7999661,57.12276117,265.7285433,0
0.2784446112,-202.6882697,57.14150497,-202.6882697,57.14150497,265.8418016,0
0.2785696424,-202.5765729,57.16024238,-202.5765729,57.16024238,265.9550591,0
0.2786946737,-202.4648758,57.17897339,-202.4648758,57.17897339,266.0683157,0
0.2788197049,-202.3531784,57.19769802,-202.3531784,57.19769802,266.1815719,0
0.2789447362,-202.2414806,57.21641629,-202.2414806,57.21641629,266.2948271,0
0.2790697674,-202.1297825,57.23512822,-202.1297825,57.23512822,266.4080817,0
0.2791947987,-202.0180841,57.25383382,-202.0180841,57.25383382,266.5213357,0
0.27931983,-201.9063853,57.27253309,-201.9063853,57.27253309,266.6345887,0
0.2794448612,-201.7946862,57.29122607,-201.7946862,57.29122607,266.7478412,0
0.2795698925,-201.6829868,57.30991276,-201.6829868,57.30991276,266.861093,0
0.2796949237,-201.5712871,57.32859317,-201.5712871,57.32859317,266.9743439,0
0.279819955,-201.459587,57.34726733,-201.459587,57.34726733,267.0875943,0
0.2799449862,-201.3478866,57.36593524,-201.3478866,57.36593524,267.2008438,0
0.2800700175,-201.2361858,57.38459693,-201.2361858,57.38459693,267.3140927,0
0.2801950488,-201.1244847,57.4032524,-201.1244847,57.4032524,267.4273411,0
0.28032008,-201.0127833,57.42190167,-201.0127833,57.42190167,267.5405884,0
0.2804451113,-200.9010816,57.44054476,-200.9010816,57.44054476,267.6538353,0
0.2805701425,-200.7893795,57.45918168,-200.7893795,57.45918168,267.7670815,0
0.2806951738,-200.6776772,57.47781244,-200.6776772,57.47781244,267.8803268,0
0.2808202051,-200.5659745,57.49643706,-200.5659745,57.49643706,267.9935717,0
0.2809452363,-200.4542714,57.51505556,-200.4542714,57.51505556,268.1068156,0
0.2810702676,-200.3425681,57.53366795,-200.3425681,57.53366795,268.2200589,0
0.2811952988,-200.2308644,57.55227424,-200.2308644,57.55227424,268.3333018,0
0.2813203301,-200.1191605,57.57087445,-200.1191605,57.57087445,268.4465436,0
0.2814453613,-200.0074561,57.58946859,-200.0074561,57.58946859,268.559785,0
0.2815703926,-199.8957515,57.60805668,-199.8957515,57.60805668,268.6730256,0
0.2816954239,-199.7840466,57.62663874,-199.7840466,57.62663874,268.7862655,0
0.2818204551,-199.6723413,57.64521477,-199.6723413,57.64521477,268.8995049,0
0.2819454864,-199.5606357,57.66378479,-199.5606357,57.66378479,269.0127434,0
0.2820705176,-199.4489298,57.68234883,-199.4489298,57.68234883,269.1259813,0
0.2821955489,-199.3372236,57.70090688,-199.3372236,57.70090688,269.2392188,0
0.2823205801,-199.2255171,57.71945897,-199.2255171,57.71945897,269.3524552,0
0.2824456114,-199.1138103,57.73800511,-199.1138103,57.73800511,269.4656912,0
0.2825706427,-199.0021031,57.75654532,-199.0021031,57.75654532,269.5789265,0
0.2826956739,-198.8903957,57.77507961,-198.8903957,57.77507961,269.692161,0
0.2828207052,-198.7786879,57.79360799,-198.7786879,57.79360799,269.8053951,0
0.2829457364,-198.6669798,57.81213049,-198.6669798,57.81213049,269.9186283,0
0.2830707677,-198.5552714,57.83064711,-198.5552714,57.83064711,270.0318609,0
0.2831957989,-198.4435627,57.84915787,-198.4435627,57.84915787,270.1450931,0
0.2833208302,-198.3318537,57.86766278,-198.3318537,57.86766278,270.2583242,0
0.2834458615,-198.2201444,57.88616187,-198.2201444,57.88616187,270.3715549,0
0.2835708927,-198.1084348,57.90465514,-198.1084348,57.90465514,270.484785,0
0.283695924,-197.9967248,57.9231426,-197.9967248,57.9231426,270.5980143,0
0.2838209552,-197.8850146,57.94162428,-197.8850146,57.94162428,270.7112432,0
0.2839459865,-197.7733041,57.96010019,-197.7733041,57.96010019,270.8244712,0
0.2840710178,-197.6615932,57.97857035,-197.6615932,57.97857035,270.9376986,0
0.284196049,-197.5498821,57.99703476,-197.5498821,57.99703476,271.0509256,0
0.2843210803,-197.4381706,58.01549344,-197.4381706,58.01549344,271.1641516,0
0.2844461115,-197.3264589,58.03394641,-197.3264589,58.03394641,271.2773773,0
0.2845711428,-197.2147468,58.05239368,-197.2147468,58.05239368,271.3906022,0
0.284696174,-197.1030345,58.07083527,-197.1030345,58.07083527,271.5038264,0
0.2848212053,-196.9913218,58.08927119,-196.9913218,58.08927119,271.6170502,0
0.2849462366,-196.8796089,58.10770145,-196.8796089,58.10770145,271.7302732,0
0.2850712678,-196.7678957,58.12612608,-196.7678957,58.12612608,271.8434956,0
0.2851962991,-196.6561821,58.14454508,-196.6561821,58.14454508,271.9567175,0
0.2853213303,-196.5444683,58.16295847,-196.5444683,58.16295847,272.0699385,0
0.2854463616,-196.4327542,58.18136627,-196.4327542,58.18136627,272.1831591,0
0.2855713928,-196.3210397,58.19976849,-196.3210397,58.19976849,272.2963791,0
0.2856964241,-196.209325,58.21816514,-196.209325,58.21816514,272.4095983,0
0.2858214554,-196.09761,58.23655624,-196.09761,58.23655624,272.5228171,0
0.2859464866,-195.9858947,58.25494181,-195.9858947,58.25494181,272.6360352,0
0.2860715179,-195.8741791,58.27332185,-195.8741791,58.27332185,272.7492526,0
0.2861965491,-195.7624632,58.29169639,-195.7624632,58.29169639,272.8624697,0
0.2863215804,-195.6507471,58.31006544,-195.6507471,58.31006544,272.9756858,0
0.2864466117,-195.5390306,58.32842901,-195.5390306,58.32842901,273.0889015,0
0.2865716429,-195.4273139,58.34678712,-195.4273139,58.34678712,273.2021166,0
0.2866966742,-195.3155968,58.36513978,-195.3155968,58.36513978,273.315331,0
0.2868217054,-195.2038795,58.383487,-195.2038795,58.383487,273.428545,0
0.2869467367,-195.0921619,58.40182881,-195.0921619,58.40182881,273.5417582,0
0.2870717679,-194.980444,58.42016522,-194.980444,58.42016522,273.6549708,0
0.2871967992,-194.8687258,58.43849624,-194.8687258,58.43849624,273.7681831,0
0.2873218305,-194.7570074,58.45682188,-194.7570074,58.45682188,273.8813944,0
0.2874468617,-194.6452886,58.47514217,-194.6452886,58.47514217,273.9946053,0
0.287571893,-194.5335696,58.49345711,-194.5335696,58.49345711,274.1078157,0
0.2876969242,-194.4218503,58.51176672,-194.4218503,58.51176672,274.2210253,0
0.2878219555,-194.3101307,58.53007101,-194.3101307,58.53007101,274.3342346,0
0.2879469867,-194.1984109,58.54837001,-194.1984109,58.54837001,274.4474431,0
0.288072018,-194.0866907,58.56666372,-194.0866907,58.56666372,274.5606511,0
0.2881970493,-193.9749703,58.58495216,-193.9749703,58.58495216,274.6738587,0
0.2883220805,-193.8632496,58.60323535,-193.8632496,58.60323535,274.7870653,0
0.2884471118,-193.7515286,58.62151329,-193.7515286,58.62151329,274.9002716,0
0.288572143,-193.6398074,58.63978601,-193.6398074,58.63978601,275.0134774,0
0.2886971743,-193.5280859,58.65805351,-193.5280859,58.65805351,275.1266824,0
0.2888222056,-193.4163641,58.67631582,-193.4163641,58.67631582,275.2398871,0
0.2889472368,-193.304642,58.69457295,-193.304642,58.69457295,275.353091,0
0.2890722681,-193.1929197,58.7128249,-193.1929197,58.7128249,275.4662944,0
0.2891972993,-193.081197,58.73107171,-193.081197,58.73107171,275.5794974,0
0.2893223306,-192.9694742,58.74931338,-192.9694742,58.74931338,275.6926996,0
0.2894473618,-192.857751,58.76754992,-192.857751,58.76754992,275.8059013,0
0.2895723931,-192.7460276,58.78578132,-192.7460276,58.78578132,275.9191026,0
0.2896974244,-192.6343039,58.80400758,-192.6343039,58.80400758,276.0323031,0
0.2898224556,-192.5225799,58.82222869,-192.5225799,58.82222869,276.1455033,0
0.2899474869,-192.4108557,58.84044463,-192.4108557,58.84044463,276.2587027,0
0.2900725181,-192.2991312,58.85865541,-192.2991312,58.85865541,276.3719016,0
0.2901975494,-192.1874064,58.87686102,-192.1874064,58.87686102,276.4851001,0
0.2903225806,-192.0756813,58.89506144,-192.0756813,58.89506144,276.5982978,0
0.2904476119,-191.963956,58.91325666,-191.963956,58.91325666,276.7114951,0
0.2905726432,-191.8522304,58.93144669,-191.8522304,58.93144669,276.8246918,0
0.2906976744,-191.7405045,58.9496315,-191.7405045,58.9496315,276.9378878,0
0.2908227057,-191.6287784,58.9678111,-191.6287784,58.9678111,277.0510835,0
0.2909477369,-191.5170519,58.98598548,-191.5170519,58.98598548,277.1642784,0
0.2910727682,-191.4053252,59.00415462,-191.4053252,59.00415462,277.2774728,0
0.2911977994,-191.2935982,59.02231851,-191.2935982,59.02231851,277.3906668,0
0.2913228307,-191.181871,59.04047716,-191.181871,59.04047716,277.5038599,0
0.291447862,-191.0701434,59.05863055,-191.0701434,59.05863055,277.6170526,0
0.2915728932,-190.9584156,59.07677868,-190.9584156,59.07677868,277.7302448,0
0.2916979245,-190.8466875,59.09492153,-190.8466875,59.09492153,277.8434363,0
0.2918229557,-190.7349592,59.1130591,-190.7349592,59.1130591,277.9566274,0
0.291947987,-190.6232305,59.13119137,-190.6232305,59.13119137,278.0698177,0
0.2920730183,-190.5115016,59.14931835,-190.5115016,59.14931835,278.1830075,0
0.2921980495,-190.3997724,59.16744002,-190.3997724,59.16744002,278.296197,0
0.2923230808,-190.2880429,59.18555638,-190.2880429,59.18555638,278.4093855,0
0.292448112,-190.1763131,59.20366741,-190.1763131,59.20366741,278.5225736,0
0.2925731433,-190.0645831,59.22177311,-190.0645831,59.22177311,278.6357612,0
0.2926981745,-189.9528527,59.23987347,-189.9528527,59.23987347,278.7489481,0
0.2928232058,-189.8411221,59.25796848,-189.8411221,59.25796848,278.8621346,0
0.2929482371,-189.7293912,59.27605814,-189.7293912,59.27605814,278.9753204,0
0.2930732683,-189.61766,59.29414243,-189.61766,59.29414243,279.0885056,0
0.2931982996,-189.5059286,59.31222135,-189.5059286,59.31222135,279.2016904,0
0.2933233308,-189.3941968,59.33029489,-189.3941968,59.33029489,279.3148743,0
0.2934483621,-189.2824648,59.34836305,-189.2824648,59.34836305,279.4280578,0
0.2935733933,-189.1707325,59.3664258,-189.1707325,59.3664258,279.5412408,0
0.2936984246,-189.0589999,59.38448315,-189.0589999,59.38448315,279.654423,0
0.2938234559,-188.947267,59.40253508,-188.947267,59.40253508,279.7676049,0
0.2939484871,-188.8355338,59.4205816,-188.8355338,59.4205816,279.880786,0
0.2940735184,-188.7238004,59.43862268,-188.7238004,59.43862268,279.9939666,0
0.2941985496,-188.6120666,59.45665833,-188.6120666,59.45665833,280.1071468,0
0.2943235809,-188.5003326,59.47468853,-188.5003326,59.47468853,280.220326,0
0.2944486122,-188.3885983,59.49271328,-188.3885983,59.49271328,280.3335049,0
0.2945736434,-188.2768637,59.51073256,-188.2768637,59.51073256,280.4466832,0
0.2946986747,-188.1651288,59.52874638,-188.1651288,59.52874638,280.5598607,0
0.2948237059,-188.0533936,59.54675471,-188.0533936,59.54675471,280.6730379,0
0.2949487372,-187.9416581,59.56475756,-187.9416581,59.56475756,280.7862144,0
0.2950737684,-187.8299224,59.58275492,-187.8299224,59.58275492,280.8993902,0
0.2951987997,-187.7181863,59.60074677,-187.7181863,59.60074677,281.0125657,0
0.295323831,-187.60645,59.61873311,-187.60645,59.61873311,281.1257403,0
0.2954488622,-187.4947134,59.63671393,-187.4947134,59.63671393,281.2389144,0
0.2955738935,-187.3829764,59.65468922,-187.3829764,59.65468922,281.352088,0
0.2956989247,-187.2712392,59.67265897,-187.2712392,59.67265897,281.4652609,0
0.295823956,-187.1595017,59.69062319,-187.1595017,59.69062319,281.5784334,0
0.2959489872,-187.0477639,59.70858185,-187.0477639,59.70858185,281.6916051,0
0.2960740185,-186.9360258,59.72653495,-186.9360258,59.72653495,281.8047762,0
0.2961990498,-186.8242874,59.74448248,-186.8242874,59.74448248,281.917947,0
0.296324081,-186.7125488,59.76242443,-186.7125488,59.76242443,282.0311168,0
0.2964491123,-186.6008098,59.7803608,-186.6008098,59.7803608,282.1442862,0
0.2965741435,-186.4890705,59.79829158,-186.4890705,59.79829158,282.2574551,0
0.2966991748,-186.3773309,59.81621676,-186.3773309,59.81621676,282.3706232,0
0.2968242061,-186.2655911,59.83413632,-186.2655911,59.83413632,282.4837909,0
0.2969492373,-186.1538509,59.85205027,-186.1538509,59.85205027,282.5969578,0
0.2970742686,-186.0421105,59.8699586,-186.0421105,59.8699586,282.7101242,0
0.2971992998,-185.9303697,59.88786128,-185.9303697,59.88786128,282.8232902,0
0.2973243311,-185.8186287,59.90575833,-185.8186287,59.90575833,282.9364552,0
0.2974493623,-185.7068873,59.92364973,-185.7068873,59.92364973,283.0496199,0
0.2975743936,-185.5951457,59.94153547,-185.5951457,59.94153547,283.162784,0
0.2976994249,-185.4834037,59.95941554,-185.4834037,59.95941554,283.2759473,0
0.2978244561,-185.3716615,59.97728994,-185.3716615,59.97728994,283.3891102,0
0.2979494874,-185.259919,59.99515865,-185.259919,59.99515865,283.5022723,0
0.2980745186,-185.1481761,60.01302168,-185.1481761,60.01302168,283.6154339,0
0.2981995499,-185.036433,60.030879,-185.036433,60.030879,283.7285951,0
0.2983245811,-184.9246895,60.04873062,-184.9246895,60.04873062,283.8417553,0
0.2984496124,-184.8129458,60.06657652,-184.8129458,60.06657652,283.9549152,0
0.2985746437,-184.7012018,60.0844167,-184.7012018,60.0844167,284.0680744,0
0.2986996749,-184.5894574,60.10225114,-184.5894574,60.10225114,284.1812329,0
0.2988247062,-184.4777128,60.12007985,-184.4777128,60.12007985,284.294391,0
0.2989497374,-184.3659678,60.13790281,-184.3659678,60.13790281,284.4075483,0
0.2990747687,-184.2542225,60.15572001,-184.2542225,60.15572001,284.520705,0
0.2991997999,-184.142477,60.17353145,-184.142477,60.17353145,284.6338614,0
0.2993248312,-184.0307311,60.19133711,-184.0307311,60.19133711,284.7470168,0
0.2994498625,-183.918985,60.20913699,-183.918985,60.20913699,284.8601717,0
0.2995748937,-183.8072385,60.22693109,-183.8072385,60.22693109,284.9733261,0
0.299699925,-183.6954917,60.24471938,-183.6954917,60.24471938,285.0864798,0
0.2998249562,-183.5837446,60.26250188,-183.5837446,60.26250188,285.199633,0
0.2999499875,-183.4719972,60.28027855,-183.4719972,60.28027855,285.3127854,0
0.3000750188,-183.3602495,60.29804941,-183.3602495,60.29804941,285.4259373,0
0.30020005,-183.2485015,60.31581444,-183.2485015,60.31581444,285.5390888,0
0.3003250813,-183.1367532,60.33357362,-183.1367532,60.33357362,285.6522392,0
0.3004501125,-183.0250046,60.35132696,-183.0250046,60.35132696,285.7653893,0
0.3005751438,-182.9132557,60.36907445,-182.9132557,60.36907445,285.8785388,0
0.300700175,-182.8015064,60.38681608,-182.8015064,60.38681608,285.9916876,0
0.3008252063,-182.6897569,60.40455183,-182.6897569,60.40455183,286.1048359,0
0.3009502376,-182.578007,60.42228171,-182.578007,60.42228171,286.2179834,0
0.3010752688,-182.4662568,60.44000569,-182.4662568,60.44000569,286.3311304,0
0.3012003001,-182.3545064,60.45772379,-182.3545064,60.45772379,286.4442769,0
0.3013253313,-182.2427556,60.47543597,-182.2427556,60.47543597,286.5574225,0
0.3014503626,-182.1310045,60.49314225,-182.1310045,60.49314225,286.6705677,0
0.3015753938,-182.0192531,60.51084261,-182.0192531,60.51084261,286.7837122,0
0.3017004251,-181.9075013,60.52853704,-181.9075013,60.52853704,286.896856,0
0.3018254564,-181.7957493,60.54622553,-181.7957493,60.54622553,287.0099994,0
0.3019504876,-181.6839969,60.56390808,-181.6839969,60.56390808,287.123142,0
0.3020755189,-181.5722443,60.58158468,-181.5722443,60.58158468,287.236284,0
0.3022005501,-181.4604913,60.59925531,-181.4604913,60.59925531,287.3494256,0
0.3023255814,-181.348738,60.61691998,-181.348738,60.61691998,287.4625662,0
0.3024506127,-181.2369844,60.63457867,-181.2369844,60.63457867,287.5757064,0
0.3025756439,-181.1252305,60.65223138,-181.1252305,60.65223138,287.688846,0
0.3027006752,-181.0134762,60.66987809,-181.0134762,60.66987809,287.8019849,0
0.3028257064,-180.9017217,60.6875188,-180.9017217,60.6875188,287.9151233,0
0.3029507377,-180.7899668,60.7051535,-180.7899668,60.7051535,288.0282609,0
0.3030757689,-180.6782116,60.72278218,-180.6782116,60.72278218,288.1413979,0
0.3032008002,-180.5664561,60.74040484,-180.5664561,60.74040484,288.2545345,0
0.3033258315,-180.4547003,60.75802146,-180.4547003,60.75802146,288.3676701,0
0.3034508627,-180.3429441,60.77563204,-180.3429441,60.77563204,288.4808054,0
0.303575894,-180.2311877,60.79323657,-180.2311877,60.79323657,288.59394,0
0.3037009252,-180.1194309,60.81083504,-180.1194309,60.81083504,288.7070738,0
0.3038259565,-180.0076738,60.82842745,-180.0076738,60.82842745,288.8202072,0
0.3039509877,-179.8959163,60.84601377,-179.8959163,60.84601377,288.9333398,0
0.304076019,-179.7841586,60.86359402,-179.7841586,60.86359402,289.0464718,0
0.3042010503,-179.6724005,60.88116817,-179.6724005,60.88116817,289.1596034,0
0.3043260815,-179.5606421,60.89873623,-179.5606421,60.89873623,289.272734,0
0.3044511128,-179.4488834,60.91629818,-179.4488834,60.91629818,289.3858642,0
0.304576144,-179.3371244,60.93385401,-179.3371244,60.93385401,289.4989938,0
0.3047011753,-179.225365,60.95140372,-179.225365,60.95140372,289.6121225,0
0.3048262066,-179.1136054,60.96894729,-179.1136054,60.96894729,289.7252509,0
0.3049512378,-179.0018454,60.98648472,-179.0018454,60.98648472,289.8383785,0
0.3050762691,-178.890085,61.00401601,-178.890085,61.00401601,289.9515054,0
0.3052013003,-178.7783244,61.02154114,-178.7783244,61.02154114,290.064632,0
0.3053263316,-178.6665634,61.0390601,-178.6665634,61.0390601,290.1777575,0
0.3054513628,-178.5548021,61.0565729,-178.5548021,61.0565729,290.2908826,0
0.3055763941,-178.4430405,61.07407951,-178.4430405,61.07407951,290.4040072,0
0.3057014254,-178.3312785,61.09157993,-178.3312785,61.09157993,290.5171309,0
0.3058264566,-178.2195163,61.10907415,-178.2195163,61.10907415,290.6302542,0
0.3059514879,-178.1077537,61.12656217,-178.1077537,61.12656217,290.7433766,0
0.3060765191,-177.9959907,61.14404397,-177.9959907,61.14404397,290.8564985,0
0.3062015504,-177.8842275,61.16151955,-177.8842275,61.16151955,290.96962,0
0.3063265816,-177.7724639,61.1789889,-177.7724639,61.1789889,291.0827404,0
0.3064516129,-177.6607,61.19645201,-177.6607,61.19645201,291.1958605,0
0.3065766442,-177.5489357,61.21390888,-177.5489357,61.21390888,291.3089799,0
0.3067016754,-177.4371711,61.23135949,-177.4371711,61.23135949,291.4220985,0
0.3068267067,-177.3254062,61.24880384,-177.3254062,61.24880384,291.5352167,0
0.3069517379,-177.213641,61.26624192,-177.213641,61.26624192,291.6483341,0
0.3070767692,-177.1018754,61.28367371,-177.1018754,61.28367371,291.7614508,0
0.3072018005,-176.9901095,61.30109923,-176.9901095,61.30109923,291.8745671,0
0.3073268317,-176.8783433,61.31851844,-176.8783433,61.31851844,291.9876825,0
0.307451863,-176.7665767,61.33593135,-176.7665767,61.33593135,292.1007974,0
0.3075768942,-176.6548098,61.35333795,-176.6548098,61.35333795,292.2139117,0
0.3077019255,-176.5430426,61.37073823,-176.5430426,61.37073823,292.3270252,0
0.3078269567,-176.431275,61.38813218,-176.431275,61.38813218,292.4401382,0
0.307951988,-176.3195071,61.40551979,-176.3195071,61.40551979,292.5532504,0
0.3080770193,-176.2077389,61.42290106,-176.2077389,61.42290106,292.6663621,0
0.3082020505,-176.0959703,61.44027598,-176.0959703,61.44027598,292.7794732,0
0.3083270818,-175.9842014,61.45764453,-175.9842014,61.45764453,292.8925834,0
0.308452113,-175.8724322,61.47500672,-175.8724322,61.47500672,293.0056932,0
0.3085771443,-175.7606626,61.49236253,-175.7606626,61.49236253,293.1188023,0
0.3087021755,-175.6488927,61.50971195,-175.6488927,61.50971195,293.2319106,0
0.3088272068,-175.5371225,61.52705498,-175.5371225,61.52705498,293.3450185,0
0.3089522381,-175.4253519,61.54439161,-175.4253519,61.54439161,293.4581256,0
0.3090772693,-175.313581,61.56172183,-175.313581,61.56172183,293.571232,0
0.3092023006,-175.2018097,61.57904563,-175.2018097,61.57904563,293.684338,0
0.3093273318,-175.0900381,61.596363,-175.0900381,61.596363,293.797443,0
0.3094523631,-174.9782662,61.61367394,-174.9782662,61.61367394,293.9105476,0
0.3095773943,-174.8664939,61.63097844,-174.8664939,61.63097844,294.0236515,0
0.3097024256,-174.7547213,61.64827648,-174.7547213,61.64827648,294.1367547,0
0.3098274569,-174.6429483,61.66556807,-174.6429483,61.66556807,294.2498573,0
0.3099524881,-174.531175,61.68285319,-174.531175,61.68285319,294.3629592,0
0.3100775194,-174.4194014,61.70013183,-174.4194014,61.70013183,294.4760604,0
0.3102025506,-174.3076274,61.71740399,-174.3076274,61.71740399,294.5891613,0
0.3103275819,-174.1958531,61.73466966,-174.1958531,61.73466966,294.702261,0
0.3104526132,-174.0840784,61.75192883,-174.0840784,61.75192883,294.8153604,0
0.3105776444,-173.9723034,61.76918149,-173.9723034,61.76918149,294.9284591,0
0.3107026757,-173.860528,61.78642764,-173.860528,61.78642764,295.041557,0
0.3108277069,-173.7487523,61.80366726,-173.7487523,61.80366726,295.1546545,0
0.3109527382,-173.6369763,61.82090034,-173.6369763,61.82090034,295.2677511,0
0.3110777694,-173.5251999,61.83812689,-173.5251999,61.83812689,295.3808471,0
0.3112028007,-173.4134232,61.85534689,-173.4134232,61.85534689,295.4939427,0
0.311327832,-173.3016461,61.87256033,-173.3016461,61.87256033,295.6070372,0
0.3114528632,-173.1898687,61.8897672,-173.1898687,61.8897672,295.7201313,0
0.3115778945,-173.0780909,61.90696751,-173.0780909,61.90696751,295.8332248,0
0.3117029257,-172.9663128,61.92416124,-172.9663128,61.92416124,295.9463174,0
0.311827957,-172.8545343,61.94134841,-172.8545343,61.94134841,296.0594097,0
0.3119529882,-172.7427555,61.95852902,-172.7427555,61.95852902,296.1725011,0
0.3120780195,-172.6309764,61.97570306,-172.6309764,61.97570306,296.2855918,0
0.3122030508,-172.5191969,61.99287055,-172.5191969,61.99287055,296.3986821,0
0.312328082,-172.407417,62.01003148,-172.407417,62.01003148,296.5117714,0
0.3124531133,-172.2956368,62.02718587,-172.2956368,62.02718587,296.6248603,0
0.3125781445,-172.1838563,62.04433371,-172.1838563,62.04433371,296.7379485,0
0.3127031758,-172.0720754,62.061475,-172.0720754,62.061475,296.8510359,0
0.3128282071,-171.9602942,62.07860976,-171.9602942,62.07860976,296.9641229,0
0.3129532383,-171.8485126,62.09573798,-171.8485126,62.09573798,297.0772091,0
0.3130782696,-171.7367307,62.11285967,-171.7367307,62.11285967,297.1902946,0
0.3132033008,-171.6249485,62.12997482,-171.6249485,62.12997482,297.3033798,0
0.3133283321,-171.5131659,62.14708345,-171.5131659,62.14708345,297.4164639,0
0.3134533633,-171.4013829,62.16418556,-171.4013829,62.16418556,297.5295475,0
0.3135783946,-171.2895996,62.18128114,-171.2895996,62.18128114,297.6426306,0
0.3137034259,-171.177816,62.19837021,-171.177816,62.19837021,297.7557128,0
0.3138284571,-171.066032,62.21545277,-171.066032,62.21545277,297.8687946,0
0.3139534884,-170.9542477,62.23252882,-170.9542477,62.23252882,297.9818756,0
0.3140785196,-170.842463,62.24959836,-170.842463,62.24959836,298.094956,0
0.3142035509,-170.730678,62.2666614,-170.730678,62.2666614,298.2080359,0
0.3143285821,-170.6188927,62.28371793,-170.6188927,62.28371793,298.3211149,0
0.3144536134,-170.507107,62.30076797,-170.507107,62.30076797,298.4341934,0
0.3145786447,-170.395321,62.31781152,-170.395321,62.31781152,298.5472713,0
0.3147036759,-170.2835346,62.33484858,-170.2835346,62.33484858,298.6603484,0
0.3148287072,-170.1717479,62.35187915,-170.1717479,62.35187915,298.7734251,0
0.3149537384,-170.0599608,62.36890324,-170.0599608,62.36890324,298.886501,0
0.3150787697,-169.9481734,62.38592084,-169.9481734,62.38592084,298.9995762,0
0.315203801,-169.8363857,62.40293198,-169.8363857,62.40293198,299.1126511,0
0.3153288322,-169.7245976,62.41993663,-169.7245976,62.41993663,299.2257249,0
0.3154538635,-169.6128092,62.43693482,-169.6128092,62.43693482,299.3387983,0
0.3155788947,-169.5010204,62.45392654,-169.5010204,62.45392654,299.4518711,0
0.315703926,-169.3892313,62.4709118,-169.3892313,62.4709118,299.5649431,0
0.3158289572,-169.2774419,62.4878906,-169.2774419,62.4878906,299.6780147,0
0.3159539885,-169.1656521,62.50486294,-169.1656521,62.50486294,299.7910855,0
0.3160790198,-169.053862,62.52182883,-169.053862,62.52182883,299.9041557,0
0.316204051,-168.9420715,62.53878827,-168.9420715,62.53878827,300.0172254,0
0.3163290823,-168.8302807,62.55574126,-168.8302807,62.55574126,300.1302942,0
0.3164541135,-168.7184895,62.57268781,-168.7184895,62.57268781,300.2433626,0
0.3165791448,-168.6066981,62.58962791,-168.6066981,62.58962791,300.3564303,0
0.316704176,-168.4949062,62.60656158,-168.4949062,62.60656158,300.4694973,0
0.3168292073,-168.3831141,62.62348882,-168.3831141,62.62348882,300.5825638,0
0.3169542386,-168.2713216,62.64040963,-168.2713216,62.64040963,300.6956296,0
0.3170792698,-168.1595287,62.65732401,-168.1595287,62.65732401,300.8086947,0
0.3172043011,-168.0477356,62.67423197,-168.0477356,62.67423197,300.9217594,0
0.3173293323,-167.935942,62.69113351,-167.935942,62.69113351,301.0348232,0
0.3174543636,-167.8241482,62.70802863,-167.8241482,62.70802863,301.1478865,0
0.3175793948,-167.712354,62.72491734,-167.712354,62.72491734,301.2609493,0
0.3177044261,-167.6005595,62.74179964,-167.6005595,62.74179964,301.3740112,0
0.3178294574,-167.4887646,62.75867553,-167.4887646,62.75867553,301.4870728,0
0.3179544886,-167.3769694,62.77554502,-167.3769694,62.77554502,301.6001335,0
0.3180795199,-167.2651739,62.7924081,-167.2651739,62.7924081,301.7131937,0
0.3182045511,-167.153378,62.8092648,-167.153378,62.8092648,301.8262534,0
0.3183295824,-167.0415818,62.82611509,-167.0415818,62.82611509,301.9393122,0
0.3184546137,-166.9297852,62.842959,-166.9297852,62.842959,302.0523706,0
0.3185796449,-166.8179883,62.85979652,-166.8179883,62.85979652,302.1654284,0
0.3187046762,-166.7061911,62.87662766,-166.7061911,62.87662766,302.2784853,0
0.3188297074,-166.5943935,62.89345242,-166.5943935,62.89345242,302.3915419,0
0.3189547387,-166.4825956,62.9102708,-166.4825956,62.9102708,302.5045977,0
0.3190797699,-166.3707974,62.92708281,-166.3707974,62.92708281,302.6176529,0
0.3192048012,-166.2589988,62.94388844,-166.2589988,62.94388844,302.7307077,0
0.3193298325,-166.1471999,62.96068771,-166.1471999,62.96068771,302.8437616,0
0.3194548637,-166.0354007,62.97748062,-166.0354007,62.97748062,302.956815,0
0.319579895,-165.9236011,62.99426717,-165.9236011,62.99426717,303.0698679,0
0.3197049262,-165.8118012,63.01104736,-165.8118012,63.01104736,303.18292,0
0.3198299575,-165.7000009,63.0278212,-165.7000009,63.0278212,303.2959716,0
0.3199549887,-165.5882004,63.04458868,-165.5882004,63.04458868,303.4090225,0
0.32008002,-165.4763994,63.06134982,-165.4763994,63.06134982,303.5220728,0
0.3202050513,-165.3645982,63.07810462,-165.3645982,63.07810462,303.6351227,0
0.3203300825,-165.2527966,63.09485308,-165.2527966,63.09485308,303.7481717,0
0.3204551138,-165.1409947,63.1115952,-165.1409947,63.1115952,303.8612202,0
0.320580145,-165.0291924,63.12833098,-165.0291924,63.12833098,303.9742682,0
0.3207051763,-164.9173899,63.14506044,-164.9173899,63.14506044,304.0873154,0
0.3208302076,-164.8055869,63.16178357,-164.8055869,63.16178357,304.2003622,0
0.3209552388,-164.6937837,63.17850037,-164.6937837,63.17850037,304.3134083,0
0.3210802701,-164.5819801,63.19521086,-164.5819801,63.19521086,304.4264537,0
0.3212053013,-164.4701762,63.21191503,-164.4701762,63.21191503,304.5394988,0
0.3213303326,-164.3583719,63.22861289,-164.3583719,63.22861289,304.6525429,0
0.3214553638,-164.2465673,63.24530443,-164.2465673,63.24530443,304.7655866,0
0.3215803951,-164.1347624,63.26198967,-164.1347624,63.26198967,304.8786297,0
0.3217054264,-164.0229572,63.2786686,-164.0229572,63.2786686,304.9916721,0
0.3218304576,-163.9111516,63.29534124,-163.9111516,63.29534124,305.104714,0
0.3219554889,-163.7993457,63.31200758,-163.7993457,63.31200758,305.2177553,0
0.3220805201,-163.6875394,63.32866762,-163.6875394,63.32866762,305.3307959,0
0.3222055514,-163.5757329,63.34532138,-163.5757329,63.34532138,305.4438361,0
0.3223305826,-163.463926,63.36196884,-163.463926,63.36196884,305.5568755,0
0.3224556139,-163.3521187,63.37861003,-163.3521187,63.37861003,305.6699144,0
0.3225806452,-163.2403112,63.39524493,-163.2403112,63.39524493,305.7829527,0
0.3227056764,-163.1285033,63.41187356,-163.1285033,63.41187356,305.8959903,0
0.3228307077,-163.016695,63.42849591,-163.016695,63.42849591,306.0090275,0
0.3229557389,-162.9048865,63.445112,-162.9048865,63.445112,306.1220639,0
0.3230807702,-162.7930776,63.46172181,-162.7930776,63.46172181,306.2350998,0
0.3232058015,-162.6812683,63.47832537,-162.6812683,63.47832537,306.3481352,0
0.3233308327,-162.5694588,63.49492266,-162.5694588,63.49492266,306.4611698,0
0.323455864,-162.4576489,63.51151369,-162.4576489,63.51151369,306.5742039,0
0.3235808952,-162.3458387,63.52809848,-162.3458387,63.52809848,306.6872375,0
0.3237059265,-162.2340282,63.54467701,-162.2340282,63.54467701,306.8002704,0
0.3238309577,-162.1222173,63.56124929,-162.1222173,63.56124929,306.9133028,0
0.323955989,-162.0104061,63.57781534,-162.0104061,63.57781534,307.0263345,0
0.3240810203,-161.8985946,63.59437514,-161.8985946,63.59437514,307.1393656,0
0.3242060515,-161.7867827,63.6109287,-161.7867827,63.6109287,307.2523964,0
0.3243310828,-161.6749705,63.62747603,-161.6749705,63.62747603,307.3654262,0
0.324456114,-161.563158,63.64401713,-161.563158,63.64401713,307.4784556,0
0.3245811453,-161.4513452,63.66055201,-161.4513452,63.66055201,307.5914845,0
0.3247061765,-161.339532,63.67708066,-161.339532,63.67708066,307.7045126,0
0.3248312078,-161.2277185,63.69360309,-161.2277185,63.69360309,307.8175404,0
0.3249562391,-161.1159047,63.7101193,-161.1159047,63.7101193,307.9305674,0
0.3250812703,-161.0040905,63.7266293,-161.0040905,63.7266293,308.0435938,0
0.3252063016,-160.8922761,63.74313309,-160.8922761,63.74313309,308.1566199,0
0.3253313328,-160.7804612,63.75963067,-160.7804612,63.75963067,308.2696451,0
0.3254563641,-160.6686461,63.77612205,-160.6686461,63.77612205,308.3826698,0
0.3255813953,-160.5568307,63.79260723,-160.5568307,63.79260723,308.495694,0
0.3257064266,-160.4450149,63.80908621,-160.4450149,63.80908621,308.6087175,0
0.3258314579,-160.3331987,63.82555899,-160.3331987,63.82555899,308.7217406,0
0.3259564891,-160.2213823,63.84202559,-160.2213823,63.84202559,308.8347629,0
0.3260815204,-160.1095655,63.858486,-160.1095655,63.858486,308.9477847,0
0.3262065516,-159.9977485,63.87494023,-159.9977485,63.87494023,309.0608061,0
0.3263315829,-159.885931,63.89138827,-159.885931,63.89138827,309.1738267,0
0.3264566142,-159.7741133,63.90783014,-159.7741133,63.90783014,309.2868468,0
0.3265816454,-159.6622952,63.92426584,-159.6622952,63.92426584,309.3998664,0
0.3267066767,-159.5504768,63.94069537,-159.5504768,63.94069537,309.5128852,0
0.3268317079,-159.4386581,63.95711872,-159.4386581,63.95711872,309.6259037,0
0.3269567392,-159.3268391,63.97353592,-159.3268391,63.97353592,309.7389214,0
0.3270817704,-159.2150197,63.98994695,-159.2150197,63.98994695,309.8519386,0
0.3272068017,-159.1032,64.00635183,-159.1032,64.00635183,309.9649554,0
0.327331833,-158.99138,64.02275055,-158.99138,64.02275055,310.0779714,0
0.3274568642,-158.8795596,64.03914313,-158.8795596,64.03914313,310.1909869,0
0.3275818955,-158.767739,64.05552955,-158.767739,64.05552955,310.3040019,0
0.3277069267,-158.655918,64.07190984,-158.655918,64.07190984,310.4170162,0
0.327831958,-158.5440967,64.08828398,-158.5440967,64.08828398,310.53003,0
0.3279569892,-158.432275,64.10465198,-158.432275,64.10465198,310.6430432,0
0.3280820205,-158.3204531,64.12101385,-158.3204531,64.12101385,310.7560558,0
0.3282070518,-158.2086308,64.1373696,-158.2086308,64.1373696,310.8690681,0
0.328332083,-158.0968082,64.15371921,-158.0968082,64.15371921,310.9820795,0
0.3284571143,-157.9849853,64.1700627,-157.9849853,64.1700627,311.0950905,0
0.3285821455,-157.873162,64.18640007,-157.873162,64.18640007,311.2081009,0
0.3287071768,-157.7613384,64.20273132,-157.7613384,64.20273132,311.3211106,0
0.3288322081,-157.6495146,64.21905646,-157.6495146,64.21905646,311.43412,0
0.3289572393,-157.5376903,64.23537549,-157.5376903,64.23537549,311.5471287,0
0.3290822706,-157.4258658,64.25168841,-157.4258658,64.25168841,311.6601367,0
0.3292073018,-157.3140409,64.26799523,-157.3140409,64.26799523,311.7731445,0
0.3293323331,-157.2022158,64.28429595,-157.2022158,64.28429595,311.8861513,0
0.3294573643,-157.0903902,64.30059057,-157.0903902,64.30059057,311.9991578,0
0.3295823956,-156.9785644,64.31687909,-156.9785644,64.31687909,312.1121638,0
0.3297074269,-156.8667383,64.33316153,-156.8667383,64.33316153,312.225169,0
0.3298324581,-156.7549118,64.34943788,-156.7549118,64.34943788,312.3381739,0
0.3299574894,-156.643085,64.36570815,-156.643085,64.36570815,312.451178,0
0.3300825206,-156.5312579,64.38197233,-156.5312579,64.38197233,312.5641816,0
0.3302075519,-156.4194305,64.39823044,-156.4194305,64.39823044,312.6771849,0
0.3303325831,-156.3076027,64.41448247,-156.3076027,64.41448247,312.7901873,0
0.3304576144,-156.1957747,64.43072844,-156.1957747,64.43072844,312.9031893,0
0.3305826457,-156.0839463,64.44696833,-156.0839463,64.44696833,313.0161908,0
0.3307076769,-155.9721176,64.46320216,-155.9721176,64.46320216,313.1291916,0
0.3308327082,-155.8602885,64.47942994,-155.8602885,64.47942994,313.242192,0
0.3309577394,-155.7484592,64.49565165,-155.7484592,64.49565165,313.3551917,0
0.3310827707,-155.6366295,64.51186731,-155.6366295,64.51186731,313.4681909,0
0.331207802,-155.5247996,64.52807692,-155.5247996,64.52807692,313.5811897,0
0.3313328332,-155.4129692,64.54428049,-155.4129692,64.54428049,313.6941876,0
0.3314578645,-155.3011386,64.56047801,-155.3011386,64.56047801,313.8071852,0
0.3315828957,-155.1893077,64.57666949,-155.1893077,64.57666949,313.9201823,0
0.331707927,-155.0774764,64.59285493,-155.0774764,64.59285493,314.0331786,0
0.3318329582,-154.9656449,64.60903434,-154.9656449,64.60903434,314.1461746,0
0.3319579895,-154.853813,64.62520771,-154.853813,64.62520771,314.25917,0
0.3320830208,-154.7419807,64.64137507,-154.7419807,64.64137507,314.3721647,0
0.332208052,-154.6301482,64.65753639,-154.6301482,64.65753639,314.4851591,0
0.3323330833,-154.5183154,64.6736917,-154.5183154,64.6736917,314.5981527,0
0.3324581145,-154.4064822,64.68984099,-154.4064822,64.68984099,314.7111459,0
0.3325831458,-154.2946487,64.70598426,-154.2946487,64.70598426,314.8241386,0
0.332708177,-154.1828149,64.72212153,-154.1828149,64.72212153,314.9371306,0
0.3328332083,-154.0709808,64.73825278,-154.0709808,64.73825278,315.0501222,0
0.3329582396,-153.9591464,64.75437804,-153.9591464,64.75437804,315.1631131,0
0.3330832708,-153.8473116,64.77049729,-153.8473116,64.77049729,315.2761035,0
0.3332083021,-153.7354766,64.78661055,-153.7354766,64.78661055,315.3890936,0
0.3333333333,-153.6236412,64.80271781,-153.6236412,64.80271781,315.5020828,0
0.3334583646,-153.5118055,64.81881908,-153.5118055,64.81881908,315.6150716,0
0.3335833958,-153.3999695,64.83491436,-153.3999695,64.83491436,315.72806,0
0.3337084271,-153.2881332,64.85100366,-153.2881332,64.85100366,315.8410476,0
0.3338334584,-153.1762965,64.86708698,-153.1762965,64.86708698,315.9540349,0
0.3339584896,-153.0644596,64.88316433,-153.0644596,64.88316433,316.0670215,0
0.3340835209,-152.9526223,64.8992357,-152.9526223,64.8992357,316.1800076,0
0.3342085521,-152.8407847,64.91530109,-152.8407847,64.91530109,316.2929933,0
0.3343335834,-152.7289468,64.93136052,-152.7289468,64.93136052,316.4059783,0
0.3344586147,-152.6171086,64.94741399,-152.6171086,64.94741399,316.5189628,0
0.3345836459,-152.5052701,64.9634615,-152.5052701,64.9634615,316.6319468,0
0.3347086772,-152.3934312,64.97950305,-152.3934312,64.97950305,316.7449302,0
0.3348337084,-152.2815921,64.99553865,-152.2815921,64.99553865,316.8579132,0
0.3349587397,-152.1697526,65.0115683,-152.1697526,65.0115683,316.9708955,0
0.3350837709,-152.0579128,65.027592,-152.0579128,65.027592,317.0838773,0
0.3352088022,-151.9460727,65.04360977,-151.9460727,65.04360977,317.1968587,0
0.3353338335,-151.8342323,65.05962159,-151.8342323,65.05962159,317.3098394,0
0.3354588647,-151.7223916,65.07562748,-151.7223916,65.07562748,317.4228196,0
0.335583896,-151.6105506,65.09162743,-151.6105506,65.09162743,317.5357994,0
0.3357089272,-151.4987092,65.10762146,-151.4987092,65.10762146,317.6487785,0
0.3358339585,-151.3868676,65.12360957,-151.3868676,65.12360957,317.7617572,0
0.3359589897,-151.2750256,65.13959175,-151.2750256,65.13959175,317.8747353,0
0.336084021,-151.1631833,65.15556802,-151.1631833,65.15556802,317.9877129,0
0.3362090523,-151.0513407,65.17153837,-151.0513407,65.17153837,318.1006901,0
0.3363340835,-150.9394978,65.18750281,-150.9394978,65.18750281,318.2136665,0
0.3364591148,-150.8276546,65.20346135,-150.8276546,65.20346135,318.3266425,0
0.336584146,-150.7158111,65.21941398,-150.7158111,65.21941398,318.4396181,0
0.3367091773,-150.6039672,65.23536072,-150.6039672,65.23536072,318.552593,0
0.3368342086,-150.4921231,65.25130156,-150.4921231,65.25130156,318.6655675,0
0.3369592398,-150.3802786,65.2672365,-150.3802786,65.2672365,318.7785414,0
0.3370842711,-150.2684338,65.28316556,-150.2684338,65.28316556,318.8915147,0
0.3372093023,-150.1565888,65.29908873,-150.1565888,65.29908873,319.0044877,0
0.3373343336,-150.0447434,65.31500602,-150.0447434,65.31500602,319.11746,0
0.3374593648,-149.9328977,65.33091743,-149.9328977,65.33091743,319.2304318,0
0.3375843961,-149.8210517,65.34682297,-149.8210517,65.34682297,319.3434032,0
0.3377094274,-149.7092053,65.36272264,-149.7092053,65.36272264,319.4563739,0
0.3378344586,-149.5973587,65.37861644,-149.5973587,65.37861644,319.5693442,0
0.3379594899,-149.4855118,65.39450437,-149.4855118,65.39450437,319.6823139,0
0.3380845211,-149.3736645,65.41038645,-149.3736645,65.41038645,319.7952831,0
0.3382095524,-149.261817,65.42626267,-149.261817,65.42626267,319.908252,0
0.3383345836,-149.1499691,65.44213303,-149.1499691,65.44213303,320.02122,0
0.3384596149,-149.0381209,65.45799755,-149.0381209,65.45799755,320.1341877,0
0.3385846462,-148.9262725,65.47385622,-148.9262725,65.47385622,320.247155,0
0.3387096774,-148.8144237,65.48970904,-148.8144237,65.48970904,320.3601215,0
0.3388347087,-148.7025746,65.50555603,-148.7025746,65.50555603,320.4730877,0
0.3389597399,-148.5907252,65.52139718,-148.5907252,65.52139718,320.5860533,0
0.3390847712,-148.4788755,65.5372325,-148.4788755,65.5372325,320.6990184,0
0.3392098025,-148.3670254,65.553062,-148.3670254,65.553062,320.8119831,0
0.3393348337,-148.2551751,65.56888566,-148.2551751,65.56888566,320.9249471,0
0.339459865,-148.1433245,65.58470351,-148.1433245,65.58470351,321.0379106,0
0.3395848962,-148.0314735,65.60051554,-148.0314735,65.60051554,321.1508738,0
0.3397099275,-147.9196223,65.61632175,-147.9196223,65.61632175,321.2638362,0
0.3398349587,-147.8077707,65.63212216,-147.8077707,65.63212216,321.3767983,0
0.33995999,-147.6959189,65.64791675,-147.6959189,65.64791675,321.4897599,0
0.3400850213,-147.5840667,65.66370554,-147.5840667,65.66370554,321.6027208,0
0.3402100525,-147.4722142,65.67948854,-147.4722142,65.67948854,321.7156815,0
0.3403350838,-147.3603615,65.69526574,-147.3603615,65.69526574,321.8286414,0
0.340460115,-147.2485084,65.71103714,-147.2485084,65.71103714,321.9416009,0
0.3405851463,-147.136655,65.72680275,-147.136655,65.72680275,322.05456,0
0.3407101775,-147.0248013,65.74256258,-147.0248013,65.74256258,322.1675183,0
0.3408352088,-146.9129473,65.75831663,-146.9129473,65.75831663,322.2804764,0
0.3409602401,-146.801093,65.7740649,-146.801093,65.7740649,322.3934338,0
0.3410852713,-146.6892384,65.78980739,-146.6892384,65.78980739,322.5063908,0
0.3412103026,-146.5773835,65.80554412,-146.5773835,65.80554412,322.6193474,0
0.3413353338,-146.4655283,65.82127507,-146.4655283,65.82127507,322.7323032,0
0.3414603651,-146.3536728,65.83700026,-146.3536728,65.83700026,322.8452587,0
0.3415853963,-146.241817,65.85271969,-146.241817,65.85271969,322.9582138,0
0.3417104276,-146.1299608,65.86843336,-146.1299608,65.86843336,323.0711681,0
0.3418354589,-146.0181044,65.88414128,-146.0181044,65.88414128,323.1841221,0
0.3419604901,-145.9062477,65.89984345,-145.9062477,65.89984345,323.2970756,0
0.3420855214,-145.7943907,65.91553987,-145.7943907,65.91553987,323.4100285,0
0.3422105526,-145.6825333,65.93123055,-145.6825333,65.93123055,323.5229811,0
0.3423355839,-145.5706757,65.94691549,-145.5706757,65.94691549,323.635933,0
0.3424606152,-145.4588177,65.96259469,-145.4588177,65.96259469,323.7488845,0
0.3425856464,-145.3469595,65.97826816,-145.3469595,65.97826816,323.8618355,0
0.3427106777,-145.235101,65.9939359,-145.235101,65.9939359,323.9747859,0
0.3428357089,-145.1232421,66.00959792,-145.1232421,66.00959792,324.087736,0
0.3429607402,-145.011383,66.02525421,-145.011383,66.02525421,324.2006854,0
0.3430857714,-144.8995235,66.04090479,-144.8995235,66.04090479,324.3136344,0
0.3432108027,-144.7876638,66.05654965,-144.7876638,66.05654965,324.426583,0
0.343335834,-144.6758037,66.0721888,-144.6758037,66.0721888,324.5395309,0
0.3434608652,-144.5639434,66.08782225,-144.5639434,66.08782225,324.6524785,0
0.3435858965,-144.4520827,66.10344999,-144.4520827,66.10344999,324.7654256,0
0.3437109277,-144.3402218,66.11907203,-144.3402218,66.11907203,324.878372,0
0.343835959,-144.2283605,66.13468837,-144.2283605,66.13468837,324.9913181,0
0.3439609902,-144.116499,66.15029902,-144.116499,66.15029902,325.1042637,0
0.3440860215,-144.0046371,66.16590398,-144.0046371,66.16590398,325.2172087,0
0.3442110528,-143.892775,66.18150325,-143.892775,66.18150325,325.3301534,0
0.344336084,-143.7809125,66.19709684,-143.7809125,66.19709684,325.4430974,0
0.3444611153,-143.6690497,66.21268476,-143.6690497,66.21268476,325.556041,0
0.3445861465,-143.5571867,66.22826699,-143.5571867,66.22826699,325.6689842,0
0.3447111778,-143.4453233,66.24384356,-143.4453233,66.24384356,325.7819267,0
0.3448362091,-143.3334597,66.25941445,-143.3334597,66.25941445,325.8948689,0
0.3449612403,-143.2215958,66.27497968,-143.2215958,66.27497968,326.0078106,0
0.3450862716,-143.1097315,66.29053926,-143.1097315,66.29053926,326.1207517,0
0.3452113028,-142.997867,66.30609317,-142.997867,66.30609317,326.2336925,0
0.3453363341,-142.8860021,66.32164143,-142.8860021,66.32164143,326.3466326,0
0.3454613653,-142.774137,66.33718403,-142.774137,66.33718403,326.4595724,0
0.3455863966,-142.6622715,66.35272099,-142.6622715,66.35272099,326.5725117,0
0.3457114279,-142.5504058,66.36825231,-142.5504058,66.36825231,326.6854503,0
0.3458364591,-142.4385398,66.38377799,-142.4385398,66.38377799,326.7983887,0
0.3459614904,-142.3266735,66.39929803,-142.3266735,66.39929803,326.9113265,0
0.3460865216,-142.2148068,66.41481244,-142.2148068,66.41481244,327.0242638,0
0.3462115529,-142.1029399,66.43032122,-142.1029399,66.43032122,327.1372007,0
0.3463365841,-141.9910727,66.44582437,-141.9910727,66.44582437,327.250137,0
0.3464616154,-141.8792052,66.4613219,-141.8792052,66.4613219,327.3630729,0
0.3465866467,-141.7673374,66.47681381,-141.7673374,66.47681381,327.4760084,0
0.3467116779,-141.6554693,66.49230011,-141.6554693,66.49230011,327.5889432,0
0.3468367092,-141.5436009,66.5077808,-141.5436009,66.5077808,327.7018777,0
0.3469617404,-141.4317322,66.52325587,-141.4317322,66.52325587,327.8148117,0
0.3470867717,-141.3198632,66.53872535,-141.3198632,66.53872535,327.9277451,0
0.347211803,-141.2079939,66.55418922,-141.2079939,66.55418922,328.0406783,0
0.3473368342,-141.0961243,66.56964749,-141.0961243,66.56964749,328.1536107,0
0.3474618655,-140.9842544,66.58510018,-140.9842544,66.58510018,328.2665428,0
0.3475868967,-140.8723842,66.60054727,-140.8723842,66.60054727,328.3794745,0
0.347711928,-140.7605138,66.61598877,-140.7605138,66.61598877,328.4924055,0
0.3478369592,-140.648643,66.63142469,-140.648643,66.63142469,328.6053363,0
0.3479619905,-140.536772,66.64685504,-140.536772,66.64685504,328.7182664,0
0.3480870218,-140.4249006,66.6622798,-140.4249006,66.6622798,328.8311961,0
0.348212053,-140.313029,66.677699,-140.313029,66.677699,328.9441255,0
0.3483370843,-140.201157,66.69311262,-140.201157,66.69311262,329.0570542,0
0.3484621155,-140.0892848,66.70852068,-140.0892848,66.70852068,329.1699825,0
0.3485871468,-139.9774123,66.72392318,-139.9774123,66.72392318,329.2829104,0
0.348712178,-139.8655395,66.73932012,-139.8655395,66.73932012,329.3958377,0
0.3488372093,-139.7536663,66.7547115,-139.7536663,66.7547115,329.5087647,0
0.3489622406,-139.6417929,66.77009734,-139.6417929,66.77009734,329.6216911,0
0.3490872718,-139.5299193,66.78547763,-139.5299193,66.78547763,329.734617,0
0.3492123031,-139.4180453,66.80085237,-139.4180453,66.80085237,329.8475427,0
0.3493373343,-139.306171,66.81622157,-139.306171,66.81622157,329.9604676,0
0.3494623656,-139.1942964,66.83158524,-139.1942964,66.83158524,330.0733922,0
0.3495873968,-139.0824216,66.84694337,-139.0824216,66.84694337,330.1863164,0
0.3497124281,-138.9705464,66.86229597,-138.9705464,66.86229597,330.2992399,0
0.3498374594,-138.858671,66.87764305,-138.858671,66.87764305,330.4121632,0
0.3499624906,-138.7467952,66.8929846,-138.7467952,66.8929846,330.5250859,0
0.3500875219,-138.6349192,66.90832064,-138.6349192,66.90832064,330.6380081,0
0.3502125531,-138.5230429,66.92365115,-138.5230429,66.92365115,330.7509301,0
0.3503375844,-138.4111663,66.93897616,-138.4111663,66.93897616,330.8638513,0
0.3504626157,-138.2992894,66.95429566,-138.2992894,66.95429566,330.9767722,0
0.3505876469,-138.1874122,66.96960965,-138.1874122,66.96960965,331.0896927,0
0.3507126782,-138.0755347,66.98491815,-138.0755347,66.98491815,331.2026126,0
0.3508377094,-137.9636569,67.00022114,-137.9636569,67.00022114,331.3155322,0
0.3509627407,-137.8517789,67.01551864,-137.8517789,67.01551864,331.4284512,0
0.3510877719,-137.7399005,67.03081065,-137.7399005,67.03081065,331.5413698,0
0.3512128032,-137.6280219,67.04609717,-137.6280219,67.04609717,331.654288,0
0.3513378345,-137.516143,67.06137821,-137.516143,67.06137821,331.7672056,0
0.3514628657,-137.4042638,67.07665377,-137.4042638,67.07665377,331.8801228,0
0.351587897,-137.2923843,67.09192386,-137.2923843,67.09192386,331.9930397,0
0.3517129282,-137.1805045,67.10718847,-137.1805045,67.10718847,332.1059559,0
0.3518379595,-137.0686244,67.12244761,-137.0686244,67.12244761,332.2188719,0
0.3519629907,-136.956744,67.13770128,-136.956744,67.13770128,332.3317873,0
0.352088022,-136.8448634,67.1529495,-136.8448634,67.1529495,332.4447022,0
0.3522130533,-136.7329824,67.16819225,-136.7329824,67.16819225,332.5576168,0
0.3523380845,-136.6211012,67.18342955,-136.6211012,67.18342955,332.6705308,0
0.3524631158,-136.5092197,67.1986614,-136.5092197,67.1986614,332.7834444,0
0.352588147,-136.3973379,67.2138878,-136.3973379,67.2138878,332.8963576,0
0.3527131783,-136.2854558,67.22910875,-136.2854558,67.22910875,333.0092702,0
0.3528382096,-136.1735734,67.24432427,-136.1735734,67.24432427,333.1221825,0
0.3529632408,-136.0616907,67.25953434,-136.0616907,67.25953434,333.2350944,0
0.3530882721,-135.9498078,67.27473899,-135.9498078,67.27473899,333.3480057,0
0.3532133033,-135.8379245,67.2899382,-135.8379245,67.2899382,333.4609167,0
0.3533383346,-135.726041,67.30513199,-135.726041,67.30513199,333.5738271,0
0.3534633658,-135.6141572,67.32032035,-135.6141572,67.32032035,333.6867371,0
0.3535883971,-135.5022731,67.33550329,-135.5022731,67.33550329,333.7996468,0
0.3537134284,-135.3903887,67.35068082,-135.3903887,67.35068082,333.9125558,0
0.3538384596,-135.2785041,67.36585294,-135.2785041,67.36585294,334.0254645,0
0.3539634909,-135.1666191,67.38101964,-135.1666191,67.38101964,334.1383728,0
0.3540885221,-135.0547339,67.39618094,-135.0547339,67.39618094,334.2512805,0
0.3542135534,-134.9428484,67.41133684,-134.9428484,67.41133684,334.364188,0
0.3543385846,-134.8309626,67.42648734,-134.8309626,67.42648734,334.4770948,0
0.3544636159,-134.7190765,67.44163245,-134.7190765,67.44163245,334.5900013,0
0.3545886472,-134.6071901,67.45677217,-134.6071901,67.45677217,334.7029074,0
0.3547136784,-134.4953034,67.47190649,-134.4953034,67.47190649,334.8158129,0
0.3548387097,-134.3834165,67.48703544,-134.3834165,67.48703544,334.9287181,0
0.3549637409,-134.2715293,67.502159,-134.2715293,67.502159,335.0416228,0
0.3550887722,-134.1596418,67.51727719,-134.1596418,67.51727719,335.154527,0
0.3552138035,-134.047754,67.53239,-134.047754,67.53239,335.2674309,0
0.3553388347,-133.9358659,67.54749744,-133.9358659,67.54749744,335.3803342,0
0.355463866,-133.8239775,67.56259952,-133.8239775,67.56259952,335.4932372,0
0.3555888972,-133.7120889,67.57769624,-133.7120889,67.57769624,335.6061398,0
0.3557139285,-133.6002,67.59278759,-133.6002,67.59278759,335.7190418,0
0.3558389597,-133.4883108,67.60787359,-133.4883108,67.60787359,335.8319435,0
0.355963991,-133.3764213,67.62295424,-133.3764213,67.62295424,335.9448447,0
0.3560890223,-133.2645315,67.63802954,-133.2645315,67.63802954,336.0577454,0
0.3562140535,-133.1526415,67.65309949,-133.1526415,67.65309949,336.1706458,0
0.3563390848,-133.0407511,67.66816411,-133.0407511,67.66816411,336.2835457,0
0.356464116,-132.9288605,67.68322338,-132.9288605,67.68322338,336.3964451,0
0.3565891473,-132.8169696,67.69827732,-132.8169696,67.69827732,336.5093443,0
0.3567141785,-132.7050785,67.71332593,-132.7050785,67.71332593,336.6222428,0
0.3568392098,-132.593187,67.72836922,-132.593187,67.72836922,336.735141,0
0.3569642411,-132.4812953,67.74340718,-132.4812953,67.74340718,336.8480387,0
0.3570892723,-132.3694032,67.75843982,-132.3694032,67.75843982,336.960936,0
0.3572143036,-132.257511,67.77346713,-132.257511,67.77346713,337.073833,0
0.3573393348,-132.1456184,67.78848912,-132.1456184,67.78848912,337.1867294,0
0.3574643661,-132.0337255,67.80350576,-132.0337255,67.80350576,337.2996254,0
0.3575893973,-131.9218324,67.81851705,-131.9218324,67.81851705,337.4125211,0
0.3577144286,-131.8099389,67.83352297,-131.8099389,67.83352297,337.5254161,0
0.3578394599,-131.6980452,67.84852353,-131.6980452,67.84852353,337.6383109,0
0.3579644911,-131.5861512,67.8635187,-131.5861512,67.8635187,337.7512052,0
0.3580895224,-131.474257,67.87850848,-131.474257,67.87850848,337.864099,0
0.3582145536,-131.3623624,67.89349286,-131.3623624,67.89349286,337.9769925,0
0.3583395849,-131.2504676,67.90847182,-131.2504676,67.90847182,338.0898854,0
0.3584646162,-131.1385724,67.92344537,-131.1385724,67.92344537,338.2027779,0
0.3585896474,-131.026677,67.93841348,-131.026677,67.93841348,338.3156702,0
0.3587146787,-130.9147813,67.95337615,-130.9147813,67.95337615,338.4285617,0
0.3588397099,-130.8028853,67.96833337,-130.8028853,67.96833337,338.541453,0
0.3589647412,-130.690989,67.98328513,-130.690989,67.98328513,338.6543438,0
0.3590897724,-130.5790925,67.99823142,-130.5790925,67.99823142,338.7672341,0
0.3592148037,-130.4671956,68.01317222,-130.4671956,68.01317222,338.8801241,0
0.359339835,-130.3552985,68.02810754,-130.3552985,68.02810754,338.9930135,0
0.3594648662,-130.243401,68.04303735,-130.243401,68.04303735,339.1059026,0
0.3595898975,-130.1315033,68.05796166,-130.1315033,68.05796166,339.2187913,0
0.3597149287,-130.0196053,68.07288044,-130.0196053,68.07288044,339.3316793,0
0.35983996,-129.907707,68.08779369,-129.907707,68.08779369,339.4445671,0
0.3599649912,-129.7958084,68.10270141,-129.7958084,68.10270141,339.5574544,0
0.3600900225,-129.6839095,68.11760357,-129.6839095,68.11760357,339.6703411,0
0.3602150538,-129.5720103,68.13250017,-129.5720103,68.13250017,339.7832276,0
0.360340085,-129.4601108,68.1473912,-129.4601108,68.1473912,339.8961135,0
0.3604651163,-129.348211,68.16227665,-129.348211,68.16227665,340.008999,0
0.3605901475,-129.236311,68.17715652,-129.236311,68.17715652,340.1218841,0
0.3607151788,-129.1244106,68.19203078,-129.1244106,68.19203078,340.2347686,0
0.3608402101,-129.0125099,68.20689943,-129.0125099,68.20689943,340.3476529,0
0.3609652413,-128.900609,68.22176247,-128.900609,68.22176247,340.4605366,0
0.3610902726,-128.7887077,68.23661987,-128.7887077,68.23661987,340.5734198,0
0.3612153038,-128.6768062,68.25147163,-128.6768062,68.25147163,340.6863027,0
0.3613403351,-128.5649043,68.26631775,-128.5649043,68.26631775,340.799185,0
0.3614653663,-128.4530022,68.28115821,-128.4530022,68.28115821,340.9120669,0
0.3615903976,-128.3410998,68.29599299,-128.3410998,68.29599299,341.0249485,0
0.3617154289,-128.229197,68.3108221,-128.229197,68.3108221,341.1378294,0
0.3618404601,-128.117294,68.32564552,-128.117294,68.32564552,341.25071,0
0.3619654914,-128.0053906,68.34046324,-128.0053906,68.34046324,341.3635902,0
0.3620905226,-127.893487,68.35527526,-127.893487,68.35527526,341.4764698,0
0.3622155539,-127.781583,68.37008155,-127.781583,68.37008155,341.5893491,0
0.3623405851,-127.6696788,68.38488212,-127.6696788,68.38488212,341.7022278,0
0.3624656164,-127.5577742,68.39967695,-127.5577742,68.39967695,341.8151061,0
0.3625906477,-127.4458694,68.41446603,-127.4458694,68.41446603,341.9279841,0
0.3627156789,-127.3339642,68.42924935,-127.3339642,68.42924935,342.0408614,0
0.3628407102,-127.2220588,68.4440269,-127.2220588,68.4440269,342.1537384,0
0.3629657414,-127.110153,68.45879868,-127.110153,68.45879868,342.2666149,0
0.3630907727,-126.9982469,68.47356467,-126.9982469,68.47356467,342.3794909,0
0.363215804,-126.8863405,68.48832486,-126.8863405,68.48832486,342.4923666,0
0.3633408352,-126.7744339,68.50307924,-126.7744339,68.50307924,342.6052417,0
0.3634658665,-126.6625269,68.51782781,-126.6625269,68.51782781,342.7181164,0
0.3635908977,-126.5506196,68.53257055,-126.5506196,68.53257055,342.8309907,0
0.363715929,-126.438712,68.54730745,-126.438712,68.54730745,342.9438643,0
0.3638409602,-126.3268041,68.56203851,-126.3268041,68.56203851,343.0567377,0
0.3639659915,-126.2148958,68.57676371,-126.2148958,68.57676371,343.1696106,0
0.3640910228,-126.1029873,68.59148304,-126.1029873,68.59148304,343.2824829,0
0.364216054,-125.9910785,68.60619649,-125.9910785,68.60619649,343.3953549,0
0.3643410853,-125.8791693,68.62090406,-125.8791693,68.62090406,343.5082263,0
0.3644661165,-125.7672599,68.63560574,-125.7672599,68.63560574,343.6210974,0
0.3645911478,-125.6553501,68.6503015,-125.6553501,68.6503015,343.733968,0
0.364716179,-125.54344,68.66499135,-125.54344,68.66499135,343.846838,0
0.3648412103,-125.4315296,68.67967528,-125.4315296,68.67967528,343.9597077,0
0.3649662416,-125.3196189,68.69435326,-125.3196189,68.69435326,344.0725769,0
0.3650912728,-125.2077079,68.70902531,-125.2077079,68.70902531,344.1854455,0
0.3652163041,-125.0957965,68.72369139,-125.0957965,68.72369139,344.2983139,0
0.3653413353,-124.9838849,68.73835151,-124.9838849,68.73835151,344.4111816,0
0.3654663666,-124.8719729,68.75300566,-124.8719729,68.75300566,344.5240489,0
0.3655913978,-124.7600606,68.76765382,-124.7600606,68.76765382,344.6369158,0
0.3657164291,-124.648148,68.78229599,-124.648148,68.78229599,344.7497821,0
0.3658414604,-124.5362351,68.79693215,-124.5362351,68.79693215,344.8626481,0
0.3659664916,-124.4243219,68.81156229,-124.4243219,68.81156229,344.9755136,0
0.3660915229,-124.3124084,68.82618641,-124.3124084,68.82618641,345.0883785,0
0.3662165541,-124.2004945,68.84080449,-124.2004945,68.84080449,345.2012431,0
0.3663415854,-124.0885803,68.85541653,-124.0885803,68.85541653,345.3141071,0
0.3664666167,-123.9766658,68.87002252,-123.9766658,68.87002252,345.4269707,0
0.3665916479,-123.864751,68.88462244,-123.864751,68.88462244,345.5398339,0
0.3667166792,-123.7528358,68.89921629,-123.7528358,68.89921629,345.6526965,0
0.3668417104,-123.6409204,68.91380405,-123.6409204,68.91380405,345.7655587,0
0.3669667417,-123.5290046,68.92838572,-123.5290046,68.92838572,345.8784204,0
0.3670917729,-123.4170885,68.94296128,-123.4170885,68.94296128,345.9912816,0
0.3672168042,-123.305172,68.95753073,-123.305172,68.95753073,346.1041425,0
0.3673418355,-123.1932553,68.97209406,-123.1932553,68.97209406,346.2170027,0
0.3674668667,-123.0813382,68.98665125,-123.0813382,68.98665125,346.3298626,0
0.367591898,-122.9694208,69.0012023,-122.9694208,69.0012023,346.4427221,0
0.3677169292,-122.8575031,69.0157472,-122.8575031,69.0157472,346.5555808,0
0.3678419605,-122.745585,69.03028593,-122.745585,69.03028593,346.6684393,0
0.3679669917,-122.6336667,69.04481849,-122.6336667,69.04481849,346.7812973,0
0.368092023,-122.521748,69.05934486,-122.521748,69.05934486,346.8941547,0
0.3682170543,-122.4098289,69.07386505,-122.4098289,69.07386505,347.0070118,0
0.3683420855,-122.2979096,69.08837903,-122.2979096,69.08837903,347.1198682,0
0.3684671168,-122.1859899,69.10288679,-122.1859899,69.10288679,347.2327243,0
0.368592148,-122.0740699,69.11738834,-122.0740699,69.11738834,347.34558,0
0.3687171793,-121.9621496,69.13188365,-121.9621496,69.13188365,347.458435,0
0.3688422106,-121.8502289,69.14637272,-121.8502289,69.14637272,347.5712897,0
0.3689672418,-121.7383079,69.16085554,-121.7383079,69.16085554,347.6841438,0
0.3690922731,-121.6263866,69.17533209,-121.6263866,69.17533209,347.7969975,0
0.3692173043,-121.5144649,69.18980237,-121.5144649,69.18980237,347.9098508,0
0.3693423356,-121.4025429,69.20426637,-121.4025429,69.20426637,348.0227034,0
0.3694673668,-121.2906206,69.21872408,-121.2906206,69.21872408,348.1355557,0
0.3695923981,-121.178698,69.23317549,-121.178698,69.23317549,348.2484075,0
0.3697174294,-121.066775,69.24762058,-121.066775,69.24762058,348.3612587,0
0.3698424606,-120.9548517,69.26205936,-120.9548517,69.26205936,348.4741096,0
0.3699674919,-120.842928,69.2764918,-120.842928,69.2764918,348.5869599,0
0.3700925231,-120.731004,69.2909179,-120.731004,69.2909179,348.6998097,0
0.3702175544,-120.6190797,69.30533765,-120.6190797,69.30533765,348.8126592,0
0.3703425856,-120.5071551,69.31975104,-120.5071551,69.31975104,348.925508,0
0.3704676169,-120.3952301,69.33415805,-120.3952301,69.33415805,349.0383564,0
0.3705926482,-120.2833047,69.34855869,-120.2833047,69.34855869,349.1512045,0
0.3707176794,-120.1713791,69.36295293,-120.1713791,69.36295293,349.2640518,0
0.3708427107,-120.0594531,69.37734078,-120.0594531,69.37734078,349.3768988,0
0.3709677419,-119.9475267,69.39172221,-119.9475267,69.39172221,349.4897454,0
0.3710927732,-119.8356001,69.40609723,-119.8356001,69.40609723,349.6025913,0
0.3712178045,-119.723673,69.42046581,-119.723673,69.42046581,349.7154369,0
0.3713428357,-119.6117457,69.43482795,-119.6117457,69.43482795,349.8282819,0
0.371467867,-119.499818,69.44918364,-119.499818,69.44918364,349.9411264,0
0.3715928982,-119.38789,69.46353288,-119.38789,69.46353288,350.0539706,0
0.3717179295,-119.2759616,69.47787564,-119.2759616,69.47787564,350.1668141,0
0.3718429607,-119.1640329,69.49221192,-119.1640329,69.49221192,350.2796573,0
0.371967992,-119.0521038,69.50654171,-119.0521038,69.50654171,350.3924999,0
0.3720930233,-118.9401744,69.52086501,-118.9401744,69.52086501,350.505342,0
0.3722180545,-118.8282447,69.53518179,-118.8282447,69.53518179,350.6181837,0
0.3723430858,-118.7163146,69.54949206,-118.7163146,69.54949206,350.7310248,0
0.372468117,-118.6043841,69.56379579,-118.6043841,69.56379579,350.8438655,0
0.3725931483,-118.4924533,69.57809299,-118.4924533,69.57809299,350.9567058,0
0.3727181795,-118.3805222,69.59238363,-118.3805222,69.59238363,351.0695454,0
0.3728432108,-118.2685908,69.60666772,-118.2685908,69.60666772,351.1823846,0
0.3729682421,-118.1566589,69.62094524,-118.1566589,69.62094524,351.2952234,0
0.3730932733,-118.0447268,69.63521618,-118.0447268,69.63521618,351.4080615,0
0.3732183046,-117.9327943,69.64948053,-117.9327943,69.64948053,351.5208994,0
0.3733433358,-117.8208614,69.66373829,-117.8208614,69.66373829,351.6337366,0
0.3734683671,-117.7089282,69.67798943,-117.7089282,69.67798943,351.7465734,0
0.3735933983,-117.5969947,69.69223396,-117.5969947,69.69223396,351.8594098,0
0.3737184296,-117.4850607,69.70647186,-117.4850607,69.70647186,351.9722454,0
0.3738434609,-117.3731265,69.72070312,-117.3731265,69.72070312,352.0850808,0
0.3739684921,-117.2611919,69.73492773,-117.2611919,69.73492773,352.1979156,0
0.3740935234,-117.1492569,69.74914569,-117.1492569,69.74914569,352.3107499,0
0.3742185546,-117.0373216,69.76335697,-117.0373216,69.76335697,352.4235838,0
0.3743435859,-116.925386,69.77756158,-116.925386,69.77756158,352.5364171,0
0.3744686172,-116.81345,69.7917595,-116.81345,69.7917595,352.6492499,0
0.3745936484,-116.7015136,69.80595073,-116.7015136,69.80595073,352.7620824,0
0.3747186797,-116.5895769,69.82013525,-116.5895769,69.82013525,352.8749141,0
0.3748437109,-116.4776398,69.83431305,-116.4776398,69.83431305,352.9877455,0
0.3749687422,-116.3657024,69.84848412,-116.3657024,69.84848412,353.1005764,0
0.3750937734,-116.2537646,69.86264845,-116.2537646,69.86264845,353.2134067,0
0.3752188047,-116.1418265,69.87680604,-116.1418265,69.87680604,353.3262367,0
0.375343836,-116.029888,69.89095688,-116.029888,69.89095688,353.439066,0
0.3754688672,-115.9179491,69.90510094,-115.9179491,69.90510094,353.5518949,0
0.3755938985,-115.8060099,69.91923823,-115.8060099,69.91923823,353.6647234,0
0.3757189297,-115.6940703,69.93336873,-115.6940703,69.93336873,353.7775512,0
0.375843961,-115.5821304,69.94749244,-115.5821304,69.94749244,353.8903787,0
0.3759689922,-115.4701901,69.96160934,-115.4701901,69.96160934,354.0032056,0
0.3760940235,-115.3582495,69.97571943,-115.3582495,69.97571943,354.116032,0
0.3762190548,-115.2463085,69.98982269,-115.2463085,69.98982269,354.228858,0
0.376344086,-115.1343671,70.00391911,-115.1343671,70.00391911,354.3416834,0
0.3764691173,-115.0224254,70.01800869,-115.0224254,70.01800869,354.4545083,0
0.3765941485,-114.9104833,70.03209141,-114.9104833,70.03209141,354.5673328,0
0.3767191798,-114.7985409,70.04616726,-114.7985409,70.04616726,354.6801566,0
0.3768442111,-114.6865981,70.06023624,-114.6865981,70.06023624,354.7929801,0
0.3769692423,-114.5746549,70.07429834,-114.5746549,70.07429834,354.9058031,0
0.3770942736,-114.4627114,70.08835354,-114.4627114,70.08835354,355.0186254,0
0.3772193048,-114.3507675,70.10240183,-114.3507675,70.10240183,355.1314475,0
0.3773443361,-114.2388232,70.11644321,-114.2388232,70.11644321,355.2442689,0
0.3774693673,-114.1268786,70.13047767,-114.1268786,70.13047767,355.3570898,0
0.3775943986,-114.0149336,70.14450519,-114.0149336,70.14450519,355.4699104,0
0.3777194299,-113.9029883,70.15852577,-113.9029883,70.15852577,355.5827302,0
0.3778444611,-113.7910425,70.17253939,-113.7910425,70.17253939,355.6955497,0
0.3779694924,-113.6790964,70.18654605,-113.6790964,70.18654605,355.8083686,0
0.3780945236,-113.56715,70.20054573,-113.56715,70.20054573,355.921187,0
0.3782195549,-113.4552031,70.21453843,-113.4552031,70.21453843,356.034005,0
0.3783445861,-113.343256,70.22852413,-113.343256,70.22852413,356.1468224,0
0.3784696174,-113.2313084,70.24250283,-113.2313084,70.24250283,356.2596393,0
0.3785946487,-113.1193605,70.25647452,-113.1193605,70.25647452,356.3724559,0
0.3787196799,-113.0074121,70.27043918,-113.0074121,70.27043918,356.4852717,0
0.3788447112,-112.8954635,70.28439681,-112.8954635,70.28439681,356.5980872,0
0.3789697424,-112.7835144,70.2983474,-112.7835144,70.2983474,356.7109021,0
0.3790947737,-112.671565,70.31229093,-112.671565,70.31229093,356.8237165,0
0.379219805,-112.5596152,70.3262274,-112.5596152,70.3262274,356.9365305,0
0.3793448362,-112.4476651,70.3401568,-112.4476651,70.3401568,357.0493438,0
0.3794698675,-112.3357145,70.35407911,-112.3357145,70.35407911,357.1621567,0
0.3795948987,-112.2237636,70.36799433,-112.2237636,70.36799433,357.2749693,0
0.37971993,-112.1118123,70.38190245,-112.1118123,70.38190245,357.387781,0
0.3798449612,-111.9998607,70.39580345,-111.9998607,70.39580345,357.5005925,0
0.3799699925,-111.8879086,70.40969733,-111.8879086,70.40969733,357.6134034,0
0.3800950238,-111.7759562,70.42358408,-111.7759562,70.42358408,357.7262137,0
0.380220055,-111.6640034,70.43746369,-111.6640034,70.43746369,357.8390237,0
0.3803450863,-111.5520503,70.45133615,-111.5520503,70.45133615,357.951833,0
0.3804701175,-111.4400967,70.46520144,-111.4400967,70.46520144,358.0646419,0
0.3805951488,-111.3281428,70.47905959,-111.3281428,70.47905959,358.1774504,0
0.38072018,-111.2161885,70.4929106,-111.2161885,70.4929106,358.2902581,0
0.3808452113,-111.1042338,70.50675448,-111.1042338,70.50675448,358.4030655,0
0.3809702426,-110.9922788,70.52059124,-110.9922788,70.52059124,358.5158724,0
0.3810952738,-110.8803234,70.5344209,-110.8803234,70.5344209,358.6286787,0
0.3812203051,-110.7683676,70.54824347,-110.7683676,70.54824347,358.7414846,0
0.3813453363,-110.6564114,70.56205895,-110.6564114,70.56205895,358.8542899,0
0.3814703676,-110.5444549,70.57586736,-110.5444549,70.57586736,358.9670948,0
0.3815953988,-110.432498,70.58966871,-110.432498,70.58966871,359.0798993,0
0.3817204301,-110.3205407,70.60346302,-110.3205407,70.60346302,359.1927031,0
0.3818454614,-110.208583,70.61725028,-110.208583,70.61725028,359.3055065,0
0.3819704926,-110.096625,70.63103052,-110.096625,70.63103052,359.4183094,0
0.3820955239,-109.9846666,70.64480375,-109.9846666,70.64480375,359.5311118,0
0.3822205551,-109.8727078,70.65856997,-109.8727078,70.65856997,359.6439138,0
0.3823455864,-109.7607487,70.67232919,-109.7607487,70.67232919,359.7567151,0
0.3824706177,-109.6487892,70.68608144,-109.6487892,70.68608144,359.8695161,0
0.3825956489,-109.5368293,70.69982672,-109.5368293,70.69982672,359.9823167,0
0.3827206802,-109.4248691,70.71356504,-109.4248691,70.71356504,360.0951165,0
0.3828457114,-109.3129085,70.72729641,-109.3129085,70.72729641,360.207916,0
0.3829707427,-109.2009475,70.74102085,-109.2009475,70.74102085,360.3207151,0
0.3830957739,-109.0889862,70.75473836,-109.0889862,70.75473836,360.4335136,0
0.3832208052,-108.9770245,70.76844895,-108.9770245,70.76844895,360.5463117,0
0.3833458365,-108.8650624,70.78215265,-108.8650624,70.78215265,360.6591092,0
0.3834708677,-108.7531,70.79584945,-108.7531,70.79584945,360.7719063,0
0.383595899,-108.6411372,70.80953938,-108.6411372,70.80953938,360.8847031,0
0.3837209302,-108.5291741,70.82322243,-108.5291741,70.82322243,360.9974991,0
0.3838459615,-108.4172106,70.83689863,-108.4172106,70.83689863,361.1102948,0
0.3839709927,-108.3052467,70.85056798,-108.3052467,70.85056798,361.22309,0
0.384096024,-108.1932825,70.8642305,-108.1932825,70.8642305,361.3358847,0
0.3842210553,-108.0813179,70.87788619,-108.0813179,70.87788619,361.4486791,0
0.3843460865,-107.9693529,70.89153507,-107.9693529,70.89153507,361.5614728,0
0.3844711178,-107.8573876,70.90517715,-107.8573876,70.90517715,361.6742661,0
0.384596149,-107.745422,70.91881245,-107.745422,70.91881245,361.7870591,0
0.3847211803,-107.6334559,70.93244096,-107.6334559,70.93244096,361.8998514,0
0.3848462116,-107.5214896,70.9460627,-107.5214896,70.9460627,362.0126434,0
0.3849712428,-107.4095228,70.95967769,-107.4095228,70.95967769,362.1254349,0
0.3850962741,-107.2975557,70.97328594,-107.2975557,70.97328594,362.2382258,0
0.3852213053,-107.1855883,70.98688745,-107.1855883,70.98688745,362.3510165,0
0.3853463366,-107.0736205,71.00048224,-107.0736205,71.00048224,362.4638065,0
0.3854713678,-106.9616523,71.01407032,-106.9616523,71.01407032,362.5765961,0
0.3855963991,-106.8496838,71.02765169,-106.8496838,71.02765169,362.6893854,0
0.3857214304,-106.737715,71.04122639,-106.737715,71.04122639,362.802174,0
0.3858464616,-106.6257458,71.0547944,-106.6257458,71.0547944,362.9149624,0
0.3859714929,-106.5137762,71.06835575,-106.5137762,71.06835575,363.0277502,0
0.3860965241,-106.4018063,71.08191044,-106.4018063,71.08191044,363.1405375,0
0.3862215554,-106.289836,71.09545849,-106.289836,71.09545849,363.2533245,0
0.3863465866,-106.1778654,71.10899991,-106.1778654,71.10899991,363.3661109,0
0.3864716179,-106.0658945,71.1225347,-106.0658945,71.1225347,363.4788969,0
0.3865966492,-105.9539232,71.13606289,-105.9539232,71.13606289,363.5916826,0
0.3867216804,-105.8419515,71.14958448,-105.8419515,71.14958448,363.7044676,0
0.3868467117,-105.7299795,71.16309948,-105.7299795,71.16309948,363.8172524,0
0.3869717429,-105.6180071,71.17660791,-105.6180071,71.17660791,363.9300366,0
0.3870967742,-105.5060344,71.19010977,-105.5060344,71.19010977,364.0428203,0
0.3872218055,-105.3940614,71.20360508,-105.3940614,71.20360508,364.1556038,0
0.3873468367,-105.282088,71.21709384,-105.282088,71.21709384,364.2683867,0
0.387471868,-105.1701143,71.23057608,-105.1701143,71.23057608,364.3811691,0
0.3875968992,-105.0581402,71.2440518,-105.0581402,71.2440518,364.4939513,0
0.3877219305,-104.9461658,71.257521,-104.9461658,71.257521,364.6067328,0
0.3878469617,-104.834191,71.27098371,-104.834191,71.27098371,364.719514,0
0.387971993,-104.7222159,71.28443994,-104.7222159,71.28443994,364.8322947,0
0.3880970243,-104.6102405,71.29788969,-104.6102405,71.29788969,364.9450749,0
0.3882220555,-104.4982647,71.31133298,-104.4982647,71.31133298,365.0578549,0
0.3883470868,-104.3862886,71.32476982,-104.3862886,71.32476982,365.1706343,0
0.388472118,-104.2743121,71.33820021,-104.2743121,71.33820021,365.2834133,0
0.3885971493,-104.1623353,71.35162418,-104.1623353,71.35162418,365.396192,0
0.3887221805,-104.0503582,71.36504172,-104.0503582,71.36504172,365.50897,0
0.3888472118,-103.9383807,71.37845287,-103.9383807,71.37845287,365.6217477,0
0.3889722431,-103.8264029,71.39185761,-103.8264029,71.39185761,365.7345251,0
0.3890972743,-103.7144247,71.40525597,-103.7144247,71.40525597,365.8473019,0
0.3892223056,-103.6024462,71.41864796,-103.6024462,71.41864796,365.9600784,0
0.3893473368,-103.4904674,71.43203359,-103.4904674,71.43203359,366.0728544,0
0.3894723681,-103.3784883,71.44541286,-103.3784883,71.44541286,366.18563,0
0.3895973993,-103.2665088,71.4587858,-103.2665088,71.4587858,366.2984053,0
0.3897224306,-103.1545289,71.47215241,-103.1545289,71.47215241,366.4111799,0
0.3898474619,-103.0425488,71.4855127,-103.0425488,71.4855127,366.5239543,0
0.3899724931,-102.9305683,71.49886669,-102.9305683,71.49886669,366.6367282,0
0.3900975244,-102.8185875,71.51221438,-102.8185875,71.51221438,366.7495017,0
0.3902225556,-102.7066063,71.52555579,-102.7066063,71.52555579,366.8622749,0
0.3903475869,-102.5946248,71.53889093,-102.5946248,71.53889093,366.9750475,0
0.3904726182,-102.482643,71.5522198,-102.482643,71.5522198,367.0878198,0
0.3905976494,-102.3706609,71.56554243,-102.3706609,71.56554243,367.2005917,0
0.3907226807,-102.2586784,71.57885882,-102.2586784,71.57885882,367.3133631,0
0.3908477119,-102.1466956,71.59216898,-102.1466956,71.59216898,367.4261341,0
0.3909727432,-102.0347125,71.60547293,-102.0347125,71.60547293,367.5389048,0
0.3910977744,-101.922729,71.61877067,-101.922729,71.61877067,367.651675,0
0.3912228057,-101.8107452,71.63206222,-101.8107452,71.63206222,367.7644449,0
0.391347837,-101.6987611,71.64534759,-101.6987611,71.64534759,367.8772142,0
0.3914728682,-101.5867767,71.65862679,-101.5867767,71.65862679,367.9899832,0
0.3915978995,-101.4747919,71.67189983,-101.4747919,71.67189983,368.1027519,0
0.3917229307,-101.3628069,71.68516672,-101.3628069,71.68516672,368.21552,0
0.391847962,-101.2508214,71.69842748,-101.2508214,71.69842748,368.3282879,0
0.3919729932,-101.1388357,71.71168211,-101.1388357,71.71168211,368.4410553,0
0.3920980245,-101.0268497,71.72493062,-101.0268497,71.72493062,368.5538223,0
0.3922230558,-100.9148633,71.73817304,-100.9148633,71.73817304,368.6665889,0
0.392348087,-100.8028766,71.75140936,-100.8028766,71.75140936,368.7793551,0
0.3924731183,-100.6908896,71.7646396,-100.6908896,71.7646396,368.8921209,0
0.3925981495,-100.5789023,71.77786377,-100.5789023,71.77786377,369.0048865,0
0.3927231808,-100.4669146,71.79108189,-100.4669146,71.79108189,369.1176514,0
0.3928482121,-100.3549266,71.80429395,-100.3549266,71.80429395,369.230416,0
0.3929732433,-100.2429384,71.81749999,-100.2429384,71.81749999,369.3431803,0
0.3930982746,-100.1309497,71.8307,-100.1309497,71.8307,369.4559441,0
0.3932233058,-100.0189608,71.84389399,-100.0189608,71.84389399,369.5687077,0
0.3933483371,-99.90697158,71.85708199,-99.90697158,71.85708199,369.6814707,0
0.3934733683,-99.79498203,71.87026399,-99.79498203,71.87026399,369.7942334,0
0.3935983996,-99.68299216,71.88344002,-99.68299216,71.88344002,369.9069958,0
0.3937234309,-99.57100197,71.89661007,-99.57100197,71.89661007,370.0197576,0
0.3938484621,-99.45901147,71.90977417,-99.45901147,71.90977417,370.1325192,0
0.3939734934,-99.34702066,71.92293233,-99.34702066,71.92293233,370.2452804,0
0.3940985246,-99.23502954,71.93608455,-99.23502954,71.93608455,370.3580411,0
0.3942235559,-99.1230381,71.94923085,-99.1230381,71.94923085,370.4708016,0
0.3943485871,-99.01104635,71.96237124,-99.01104635,71.96237124,370.5835615,0
0.3944736184,-98.89905429,71.97550573,-98.89905429,71.97550573,370.6963212,0
0.3945986497,-98.78706192,71.98863433,-98.78706192,71.98863433,370.8090805,0
0.3947236809,-98.67506924,72.00175705,-98.67506924,72.00175705,370.9218393,0
0.3948487122,-98.56307625,72.0148739,-98.56307625,72.0148739,371.0345978,0
0.3949737434,-98.45108295,72.02798491,-98.45108295,72.02798491,371.147356,0
0.3950987747,-98.33908935,72.04109006,-98.33908935,72.04109006,371.2601137,0
0.395223806,-98.22709544,72.05418939,-98.22709544,72.05418939,371.3728712,0
0.3953488372,-98.11510122,72.06728289,-98.11510122,72.06728289,371.4856281,0
0.3954738685,-98.00310669,72.08037058,-98.00310669,72.08037058,371.5983848,0
0.3955988997,-97.89111186,72.09345247,-97.89111186,72.09345247,371.7111411,0
0.395723931,-97.77911672,72.10652858,-97.77911672,72.10652858,371.8238969,0
0.3958489622,-97.66712128,72.11959891,-97.66712128,72.11959891,371.9366525,0
0.3959739935,-97.55512554,72.13266348,-97.55512554,72.13266348,372.0494077,0
0.3960990248,-97.44312949,72.14572229,-97.44312949,72.14572229,372.1621625,0
0.396224056,-97.33113314,72.15877536,-97.33113314,72.15877536,372.274917,0
0.3963490873,-97.21913649,72.17182269,-97.21913649,72.17182269,372.387671,0
0.3964741185,-97.10713953,72.18486431,-97.10713953,72.18486431,372.5004247,0
0.3965991498,-96.99514228,72.19790022,-96.99514228,72.19790022,372.6131782,0
0.396724181,-96.88314472,72.21093043,-96.88314472,72.21093043,372.7259311,0
0.3968492123,-96.77114687,72.22395496,-96.77114687,72.22395496,372.8386838,0
0.3969742436,-96.65914871,72.23697381,-96.65914871,72.23697381,372.9514361,0
0.3970992748,-96.54715026,72.24998699,-96.54715026,72.24998699,373.0641879,0
0.3972243061,-96.43515151,72.26299453,-96.43515151,72.26299453,373.1769396,0
0.3973493373,-96.32315246,72.27599642,-96.32315246,72.27599642,373.2896907,0
0.3974743686,-96.21115311,72.28899269,-96.21115311,72.28899269,373.4024416,0
0.3975993998,-96.09915347,72.30198333,-96.09915347,72.30198333,373.5151922,0
0.3977244311,-95.98715354,72.31496837,-95.98715354,72.31496837,373.6279422,0
0.3978494624,-95.87515331,72.32794781,-95.87515331,72.32794781,373.7406921,0
0.3979744936,-95.76315278,72.34092167,-95.76315278,72.34092167,373.8534415,0
0.3980995249,-95.65115196,72.35388995,-95.65115196,72.35388995,373.9661906,0
0.3982245561,-95.53915085,72.36685267,-95.53915085,72.36685267,374.0789394,0
0.3983495874,-95.42714944,72.37980984,-95.42714944,72.37980984,374.1916878,0
0.3984746187,-95.31514775,72.39276147,-95.31514775,72.39276147,374.3044358,0
0.3985996499,-95.20314576,72.40570757,-95.20314576,72.40570757,374.4171836,0
0.3987246812,-95.09114348,72.41864816,-95.09114348,72.41864816,374.5299309,0
0.3988497124,-94.97914091,72.43158324,-94.97914091,72.43158324,374.6426779,0
0.3989747437,-94.86713805,72.44451282,-94.86713805,72.44451282,374.7554247,0
0.3990997749,-94.7551349,72.45743692,-94.7551349,72.45743692,374.8681709,0
0.3992248062,-94.64313147,72.47035555,-94.64313147,72.47035555,374.980917,0
0.3993498375,-94.53112774,72.48326871,-94.53112774,72.48326871,375.0936626,0
0.3994748687,-94.41912373,72.49617643,-94.41912373,72.49617643,375.2064079,0
0.3995999,-94.30711943,72.50907871,-94.30711943,72.50907871,375.319153,0
0.3997249312,-94.19511485,72.52197556,-94.19511485,72.52197556,375.4318976,0
0.3998499625,-94.08310998,72.534867,-94.08310998,72.534867,375.5446419,0
0.3999749937,-93.97110482,72.54775303,-93.97110482,72.54775303,375.6573859,0
0.400100025,-93.85909938,72.56063367,-93.85909938,72.56063367,375.7701295,0
0.4002250563,-93.74709366,72.57350892,-93.74709366,72.57350892,375.8828729,0
0.4003500875,-93.63508766,72.58637881,-93.63508766,72.58637881,375.9956158,0
0.4004751188,-93.52308137,72.59924333,-93.52308137,72.59924333,376.1083584,0
0.40060015,-93.4110748,72.61210251,-93.4110748,72.61210251,376.2211009,0
0.4007251813,-93.29906795,72.62495635,-93.29906795,72.62495635,376.3338427,0
0.4008502126,-93.18706082,72.63780486,-93.18706082,72.63780486,376.4465844,0
0.4009752438,-93.0750534,72.65064806,-93.0750534,72.65064806,376.5593258,0
0.4011002751,-92.96304571,72.66348596,-92.96304571,72.66348596,376.6720667,0
0.4012253063,-92.85103774,72.67631856,-92.85103774,72.67631856,376.7848075,0
0.4013503376,-92.73902949,72.68914588,-92.73902949,72.68914588,376.8975478,0
0.4014753688,-92.62702097,72.70196794,-92.62702097,72.70196794,377.0102878,0
0.4016004001,-92.51501216,72.71478473,-92.51501216,72.71478473,377.1230276,0
0.4017254314,-92.40300308,72.72759628,-92.40300308,72.72759628,377.2357669,0
0.4018504626,-92.29099373,72.7404026,-92.29099373,72.7404026,377.348506,0
0.4019754939,-92.17898409,72.75320368,-92.17898409,72.75320368,377.4612448,0
0.4021005251,-92.06697419,72.76599956,-92.06697419,72.76599956,377.5739832,0
0.4022255564,-91.95496401,72.77879023,-91.95496401,72.77879023,377.6867213,0
0.4023505876,-91.84295355,72.79157571,-91.84295355,72.79157571,377.7994591,0
0.4024756189,-91.73094283,72.80435602,-91.73094283,72.80435602,377.9121965,0
0.4026006502,-91.61893183,72.81713115,-91.61893183,72.81713115,378.0249338,0
0.4027256814,-91.50692056,72.82990113,-91.50692056,72.82990113,378.1376706,0
0.4028507127,-91.39490901,72.84266596,-91.39490901,72.84266596,378.2504071,0
0.4029757439,-91.2828972,72.85542566,-91.2828972,72.85542566,378.3631434,0
0.4031007752,-91.17088512,72.86818023,-91.17088512,72.86818023,378.4758792,0
0.4032258065,-91.05887277,72.8809297,-91.05887277,72.8809297,378.5886149,0
0.4033508377,-90.94686014,72.89367406,-90.94686014,72.89367406,378.7013501,0
0.403475869,-90.83484725,72.90641333,-90.83484725,72.90641333,378.8140851,0
0.4036009002,-90.7228341,72.91914753,-90.7228341,72.91914753,378.9268199,0
0.4037259315,-90.61082067,72.93187665,-90.61082067,72.93187665,379.0395542,0
0.4038509627,-90.49880698,72.94460073,-90.49880698,72.94460073,379.1522882,0
0.403975994,-90.38679303,72.95731976,-90.38679303,72.95731976,379.265022,0
0.4041010253,-90.2747788,72.97003374,-90.2747788,72.97003374,379.3777554,0
0.4042260565,-90.16276432,72.98274267,-90.16276432,72.98274267,379.4904886,0
0.4043510878,-90.05074956,72.99544653,-90.05074956,72.99544653,379.6032214,0
0.404476119,-89.93873454,73.0081453,-89.93873454,73.0081453,379.715954,0
0.4046011503,-89.82671924,73.02083897,-89.82671924,73.02083897,379.8286863,0
0.4047261815,-89.71470368,73.03352752,-89.71470368,73.03352752,379.9414181,0
0.4048512128,-89.60268785,73.04621094,-89.60268785,73.04621094,380.0541497,0
0.4049762441,-89.49067174,73.05888921,-89.49067174,73.05888921,380.1668811,0
0.4051012753,-89.37865536,73.07156231,-89.37865536,73.07156231,380.279612,0
0.4052263066,-89.26663871,73.08423024,-89.26663871,73.08423024,380.3923427,0
0.4053513378,-89.15462179,73.09689297,-89.15462179,73.09689297,380.5050731,0
0.4054763691,-89.04260459,73.10955049,-89.04260459,73.10955049,380.6178031,0
0.4056014004,-88.93058712,73.12220279,-88.93058712,73.12220279,380.7305329,0
0.4057264316,-88.81856937,73.13484984,-88.81856937,73.13484984,380.8432623,0
0.4058514629,-88.70655134,73.14749164,-88.70655134,73.14749164,380.9559914,0
0.4059764941,-88.59453304,73.16012817,-88.59453304,73.16012817,381.0687202,0
0.4061015254,-88.48251445,73.17275941,-88.48251445,73.17275941,381.1814487,0
0.4062265566,-88.37049559,73.18538534,-88.37049559,73.18538534,381.2941769,0
0.4063515879,-88.25847645,73.19800596,-88.25847645,73.19800596,381.4069047,0
0.4064766192,-88.14645702,73.21062125,-88.14645702,73.21062125,381.5196322,0
0.4066016504,-88.03443732,73.22323119,-88.03443732,73.22323119,381.6323595,0
0.4067266817,-87.92241733,73.23583576,-87.92241733,73.23583576,381.7450863,0
0.4068517129,-87.81039706,73.24843495,-87.81039706,73.24843495,381.8578129,0
0.4069767442,-87.6983765,73.26102875,-87.6983765,73.26102875,381.9705392,0
0.4071017754,-87.58635566,73.27361714,-87.58635566,73.27361714,382.0832651,0
0.4072268067,-87.47433453,73.2862001,-87.47433453,73.2862001,382.1959908,0
0.407351838,-87.36231312,73.29877763,-87.36231312,73.29877763,382.308716,0
0.4074768692,-87.25029141,73.31134969,-87.25029141,73.31134969,382.421441,0
0.4076019005,-87.13826942,73.32391628,-87.13826942,73.32391628,382.5341657,0
0.4077269317,-87.02624714,73.33647739,-87.02624714,73.33647739,382.6468899,0
0.407851963,-86.91422457,73.34903299,-86.91422457,73.34903299,382.759614,0
0.4079769942,-86.80220171,73.36158308,-86.80220171,73.36158308,382.8723377,0
0.4081020255,-86.69017856,73.37412763,-86.69017856,73.37412763,382.985061,0
0.4082270568,-86.57815512,73.38666663,-86.57815512,73.38666663,383.097784,0
0.408352088,-86.46613138,73.39920007,-86.46613138,73.39920007,383.2105067,0
0.4084771193,-86.35410735,73.41172793,-86.35410735,73.41172793,383.323229,0
0.4086021505,-86.24208302,73.42425019,-86.24208302,73.42425019,383.4359512,0
0.4087271818,-86.1300584,73.43676684,-86.1300584,73.43676684,383.5486728,0
0.4088522131,-86.01803348,73.44927787,-86.01803348,73.44927787,383.6613942,0
0.4089772443,-85.90600826,73.46178326,-85.90600826,73.46178326,383.7741152,0
0.4091022756,-85.79398275,73.47428299,-85.79398275,73.47428299,383.8868359,0
0.4092273068,-85.68195693,73.48677704,-85.68195693,73.48677704,383.9995563,0
0.4093523381,-85.56993082,73.49926541,-85.56993082,73.49926541,384.1122764,0
0.4094773693,-85.4579044,73.51174808,-85.4579044,73.51174808,384.224996,0
0.4096024006,-85.34587769,73.52422503,-85.34587769,73.52422503,384.3377155,0
0.4097274319,-85.23385067,73.53669624,-85.23385067,73.53669624,384.4504345,0
0.4098524631,-85.12182335,73.5491617,-85.12182335,73.5491617,384.5631532,0
0.4099774944,-85.00979573,73.56162141,-85.00979573,73.56162141,384.6758716,0
0.4101025256,-84.8977678,73.57407533,-84.8977678,73.57407533,384.7885896,0
0.4102275569,-84.78573956,73.58652345,-84.78573956,73.58652345,384.9013074,0
0.4103525881,-84.67371102,73.59896577,-84.67371102,73.59896577,385.0140247,0
0.4104776194,-84.56168217,73.61140225,-84.56168217,73.61140225,385.1267417,0
0.4106026507,-84.44965302,73.6238329,-84.44965302,73.6238329,385.2394585,0
0.4107276819,-84.33762355,73.63625769,-84.33762355,73.63625769,385.3521748,0
0.4108527132,-84.22559378,73.64867661,-84.22559378,73.64867661,385.4648908,0
0.4109777444,-84.1135637,73.66108964,-84.1135637,73.66108964,385.5776065,0
0.4111027757,-84.0015333,73.67349677,-84.0015333,73.67349677,385.6903218,0
0.411227807,-83.88950259,73.68589797,-83.88950259,73.68589797,385.8030368,0
0.4113528382,-83.77747157,73.69829325,-83.77747157,73.69829325,385.9157514,0
0.4114778695,-83.66544024,73.71068257,-83.66544024,73.71068257,386.0284657,0
0.4116029007,-83.55340859,73.72306593,-83.55340859,73.72306593,386.1411798,0
0.411727932,-83.44137663,73.73544331,-83.44137663,73.73544331,386.2538933,0
0.4118529632,-83.32934435,73.7478147,-83.32934435,73.7478147,386.3666066,0
0.4119779945,-83.21731175,73.76018007,-83.21731175,73.76018007,386.4793196,0
0.4121030258,-83.10527884,73.77253942,-83.10527884,73.77253942,386.5920321,0
0.412228057,-82.99324561,73.78489273,-82.99324561,73.78489273,386.7047444,0
0.4123530883,-82.88121206,73.79723998,-82.88121206,73.79723998,386.8174563,0
0.4124781195,-82.76917819,73.80958115,-82.76917819,73.80958115,386.9301678,0
0.4126031508,-82.65714399,73.82191624,-82.65714399,73.82191624,387.0428791,0
0.412728182,-82.54510948,73.83424522,-82.54510948,73.83424522,387.1555898,0
0.4128532133,-82.43307464,73.84656809,-82.43307464,73.84656809,387.2683004,0
0.4129782446,-82.32103948,73.85888482,-82.32103948,73.85888482,387.3810106,0
0.4131032758,-82.209004,73.87119541,-82.209004,73.87119541,387.4937203,0
0.4132283071,-82.09696819,73.88349982,-82.09696819,73.88349982,387.6064298,0
0.4133533383,-81.98493206,73.89579806,-81.98493206,73.89579806,387.7191389,0
0.4134783696,-81.8728956,73.9080901,-81.8728956,73.9080901,387.8318476,0
0.4136034009,-81.76085881,73.92037593,-81.76085881,73.92037593,387.9445561,0
0.4137284321,-81.64882169,73.93265554,-81.64882169,73.93265554,388.0572641,0
0.4138534634,-81.53678425,73.9449289,-81.53678425,73.9449289,388.1699718,0
0.4139784946,-81.42474647,73.957196,-81.42474647,73.957196,388.2826792,0
0.4141035259,-81.31270836,73.96945684,-81.31270836,73.96945684,388.3953861,0
0.4142285571,-81.20066993,73.98171138,-81.20066993,73.98171138,388.5080928,0
0.4143535884,-81.08863116,73.99395962,-81.08863116,73.99395962,388.620799,0
0.4144786197,-80.97659206,74.00620154,-80.97659206,74.00620154,388.7335049,0
0.4146036509,-80.86455262,74.01843713,-80.86455262,74.01843713,388.8462106,0
0.4147286822,-80.75251285,74.03066637,-80.75251285,74.03066637,388.9589157,0
0.4148537134,-80.64047274,74.04288924,-80.64047274,74.04288924,389.0716206,0
0.4149787447,-80.5284323,74.05510573,-80.5284323,74.05510573,389.1843251,0
0.4151037759,-80.41639152,74.06731583,-80.41639152,74.06731583,389.2970292,0
0.4152288072,-80.3043504,74.07951951,-80.3043504,74.07951951,389.409733,0
0.4153538385,-80.19230894,74.09171677,-80.19230894,74.09171677,389.5224364,0
0.4154788697,-80.08026715,74.10390758,-80.08026715,74.10390758,389.6351394,0
0.415603901,-79.96822501,74.11609194,-79.96822501,74.11609194,389.7478422,0
0.4157289322,-79.85618253,74.12826983,-79.85618253,74.12826983,389.8605445,0
0.4158539635,-79.74413971,74.14044122,-79.74413971,74.14044122,389.9732465,0
0.4159789947,-79.63209655,74.15260612,-79.63209655,74.15260612,390.0859482,0
0.416104026,-79.52005305,74.16476449,-79.52005305,74.16476449,390.1986493,0
0.4162290573,-79.4080092,74.17691633,-79.4080092,74.17691633,390.3113503,0
0.4163540885,-79.295965,74.18906162,-79.295965,74.18906162,390.4240508,0
0.4164791198,-79.18392046,74.20120034,-79.18392046,74.20120034,390.5367509,0
0.416604151,-79.07187557,74.21333249,-79.07187557,74.21333249,390.6494508,0
0.4167291823,-78.95983033,74.22545803,-78.95983033,74.22545803,390.7621502,0
0.4168542136,-78.84778475,74.23757697,-78.84778475,74.23757697,390.8748493,0
0.4169792448,-78.73573882,74.24968928,-78.73573882,74.24968928,390.987548,0
0.4171042761,-78.62369253,74.26179495,-78.62369253,74.26179495,391.1002463,0
0.4172293073,-78.5116459,74.27389395,-78.5116459,74.27389395,391.2129443,0
0.4173543386,-78.39959891,74.28598629,-78.39959891,74.28598629,391.3256419,0
0.4174793698,-78.28755157,74.29807194,-78.28755157,74.29807194,391.4383391,0
0.4176044011,-78.17550388,74.31015088,-78.17550388,74.31015088,391.5510361,0
0.4177294324,-78.06345583,74.32222311,-78.06345583,74.32222311,391.6637325,0
0.4178544636,-77.95140743,74.33428859,-77.95140743,74.33428859,391.7764287,0
0.4179794949,-77.83935867,74.34634733,-77.83935867,74.34634733,391.8891245,0
0.4181045261,-77.72730956,74.35839931,-77.72730956,74.35839931,392.0018198,0
0.4182295574,-77.61526009,74.3704445,-77.61526009,74.3704445,392.1145149,0
0.4183545886,-77.50321026,74.3824829,-77.50321026,74.3824829,392.2272096,0
0.4184796199,-77.39116007,74.39451448,-77.39116007,74.39451448,392.3399038,0
0.4186046512,-77.27910952,74.40653924,-77.27910952,74.40653924,392.4525979,0
0.4187296824,-77.16705861,74.41855715,-77.16705861,74.41855715,392.5652913,0
0.4188547137,-77.05500734,74.43056821,-77.05500734,74.43056821,392.6779845,0
0.4189797449,-76.94295571,74.44257239,-76.94295571,74.44257239,392.7906774,0
0.4191047762,-76.83090372,74.45456969,-76.83090372,74.45456969,392.9033697,0
0.4192298075,-76.71885136,74.46656008,-76.71885136,74.46656008,393.0160618,0
0.4193548387,-76.60679863,74.47854355,-76.60679863,74.47854355,393.1287535,0
0.41947987,-76.49474554,74.49052009,-76.49474554,74.49052009,393.2414448,0
0.4196049012,-76.38269209,74.50248967,-76.38269209,74.50248967,393.3541358,0
0.4197299325,-76.27063826,74.51445229,-76.27063826,74.51445229,393.4668263,0
0.4198549637,-76.15858407,74.52640793,-76.15858407,74.52640793,393.5795165,0
0.419979995,-76.04652951,74.53835658,-76.04652951,74.53835658,393.6922064,0
0.4201050263,-75.93447458,74.55029821,-75.93447458,74.55029821,393.8048957,0
0.4202300575,-75.82241928,74.56223281,-75.82241928,74.56223281,393.9175849,0
0.4203550888,-75.71036361,74.57416037,-75.71036361,74.57416037,394.0302735,0
0.42048012,-75.59830757,74.58608087,-75.59830757,74.58608087,394.1429618,0
0.4206051513,-75.48625115,74.5979943,-75.48625115,74.5979943,394.2556498,0
0.4207301825,-75.37419436,74.60990064,-75.37419436,74.60990064,394.3683373,0
0.4208552138,-75.2621372,74.62179988,-75.2621372,74.62179988,394.4810245,0
0.4209802451,-75.15007966,74.633692,-75.15007966,74.633692,394.5937113,0
0.4211052763,-75.03802175,74.64557698,-75.03802175,74.64557698,394.7063977,0
0.4212303076,-74.92596345,74.65745481,-74.92596345,74.65745481,394.8190838,0
0.4213553388,-74.81390478,74.66932547,-74.81390478,74.66932547,394.9317694,0
0.4214803701,-74.70184574,74.68118896,-74.70184574,74.68118896,395.0444547,0
0.4216054014,-74.58978631,74.69304524,-74.58978631,74.69304524,395.1571397,0
0.4217304326,-74.4777265,74.70489432,-74.4777265,74.70489432,395.2698241,0
0.4218554639,-74.36566631,74.71673616,-74.36566631,74.71673616,395.3825082,0
0.4219804951,-74.25360574,74.72857077,-74.25360574,74.72857077,395.4951921,0
0.4221055264,-74.14154479,74.74039811,-74.14154479,74.74039811,395.6078754,0
0.4222305576,-74.02948345,74.75221818,-74.02948345,74.75221818,395.7205584,0
0.4223555889,-73.91742173,74.76403097,-73.91742173,74.76403097,395.833241,0
0.4224806202,-73.80535963,74.77583645,-73.80535963,74.77583645,395.9459232,0
0.4226056514,-73.69329714,74.7876346,-73.69329714,74.7876346,396.0586051,0
0.4227306827,-73.58123426,74.79942543,-73.58123426,74.79942543,396.1712865,0
0.4228557139,-73.46917099,74.8112089,-73.46917099,74.8112089,396.2839676,0
0.4229807452,-73.35710734,74.82298501,-73.35710734,74.82298501,396.3966484,0
0.4231057764,-73.2450433,74.83475373,-73.2450433,74.83475373,396.5093286,0
0.4232308077,-73.13297886,74.84651506,-73.13297886,74.84651506,396.6220086,0
0.423355839,-73.02091404,74.85826897,-73.02091404,74.85826897,396.7346881,0
0.4234808702,-72.90884883,74.87001546,-72.90884883,74.87001546,396.8473672,0
0.4236059015,-72.79678322,74.88175451,-72.79678322,74.88175451,396.9600461,0
0.4237309327,-72.68471722,74.89348609,-72.68471722,74.89348609,397.0727244,0
0.423855964,-72.57265083,74.9052102,-72.57265083,74.9052102,397.1854024,0
0.4239809952,-72.46058404,74.91692683,-72.46058404,74.91692683,397.2980801,0
0.4241060265,-72.34851685,74.92863594,-72.34851685,74.92863594,397.4107572,0
0.4242310578,-72.23644927,74.94033754,-72.23644927,74.94033754,397.5234341,0
0.424356089,-72.1243813,74.95203161,-72.1243813,74.95203161,397.6361105,0
0.4244811203,-72.01231292,74.96371812,-72.01231292,74.96371812,397.7487866,0
0.4246061515,-71.90024415,74.97539706,-71.90024415,74.97539706,397.8614623,0
0.4247311828,-71.78817497,74.98706843,-71.78817497,74.98706843,397.9741375,0
0.4248562141,-71.6761054,74.99873219,-71.6761054,74.99873219,398.0868124,0
0.4249812453,-71.56403542,75.01038835,-71.56403542,75.01038835,398.199487,0
0.4251062766,-71.45196504,75.02203687,-71.45196504,75.02203687,398.3121611,0
0.4252313078,-71.33989426,75.03367775,-71.33989426,75.03367775,398.4248348,0
0.4253563391,-71.22782308,75.04531098,-71.22782308,75.04531098,398.5375082,0
0.4254813703,-71.11575149,75.05693653,-71.11575149,75.05693653,398.6501811,0
0.4256064016,-71.0036795,75.06855439,-71.0036795,75.06855439,398.7628538,0
0.4257314329,-70.8916071,75.08016454,-70.8916071,75.08016454,398.8755258,0
0.4258564641,-70.77953429,75.09176698,-70.77953429,75.09176698,398.9881976,0
0.4259814954,-70.66746108,75.10336168,-70.66746108,75.10336168,399.1008691,0
0.4261065266,-70.55538745,75.11494862,-70.55538745,75.11494862,399.21354,0
0.4262315579,-70.44331342,75.12652781,-70.44331342,75.12652781,399.3262107,0
0.4263565891,-70.33123898,75.13809921,-70.33123898,75.13809921,399.4388809,0
0.4264816204,-70.21916412,75.14966281,-70.21916412,75.14966281,399.5515506,0
0.4266066517,-70.10708886,75.1612186,-70.10708886,75.1612186,399.6642202,0
0.4267316829,-69.99501318,75.17276656,-69.99501318,75.17276656,399.7768891,0
0.4268567142,-69.88293709,75.18430668,-69.88293709,75.18430668,399.8895578,0
0.4269817454,-69.77086058,75.19583894,-69.77086058,75.19583894,400.0022261,0
0.4271067767,-69.65878366,75.20736332,-69.65878366,75.20736332,400.1148939,0
0.427231808,-69.54670633,75.21887981,-69.54670633,75.21887981,400.2275614,0
0.4273568392,-69.43462857,75.2303884,-69.43462857,75.2303884,400.3402285,0
0.4274818705,-69.3225504,75.24188907,-69.3225504,75.24188907,400.4528951,0
0.4276069017,-69.21047181,75.25338181,-69.21047181,75.25338181,400.5655615,0
0.427731933,-69.09839281,75.26486659,-69.09839281,75.26486659,400.6782273,0
0.4278569642,-68.98631338,75.27634341,-68.98631338,75.27634341,400.7908928,0
0.4279819955,-68.87423353,75.28781226,-68.87423353,75.28781226,400.903558,0
0.4281070268,-68.76215327,75.29927318,-68.76215327,75.29927318,401.0162226,0
0.428232058,-68.65007258,75.31072615,-68.65007258,75.31072615,401.128887,0
0.4283570893,-68.53799148,75.32217121,-68.53799148,75.32217121,401.2415509,0
0.4284821205,-68.42590996,75.33360836,-68.42590996,75.33360836,401.3542145,0
0.4286071518,-68.31382803,75.34503762,-68.31382803,75.34503762,401.4668777,0
0.428732183,-68.20174568,75.356459,-68.20174568,75.356459,401.5795404,0
0.4288572143,-68.08966291,75.36787251,-68.08966291,75.36787251,401.6922028,0
0.4289822456,-67.97757974,75.37927816,-67.97757974,75.37927816,401.8048649,0
0.4291072768,-67.86549614,75.39067598,-67.86549614,75.39067598,401.9175264,0
0.4292323081,-67.75341214,75.40206597,-67.75341214,75.40206597,402.0301877,0
0.4293573393,-67.64132773,75.41344814,-67.64132773,75.41344814,402.1428486,0
0.4294823706,-67.5292429,75.42482252,-67.5292429,75.42482252,402.255509,0
0.4296074019,-67.41715766,75.43618911,-67.41715766,75.43618911,402.3681692,0
0.4297324331,-67.30507201,75.44754792,-67.30507201,75.44754792,402.4808289,0
0.4298574644,-67.19298596,75.45889897,-67.19298596,75.45889897,402.5934882,0
0.4299824956,-67.08089949,75.47024228,-67.08089949,75.47024228,402.7061473,0
0.4301075269,-66.96881262,75.48157785,-66.96881262,75.48157785,402.8188058,0
0.4302325581,-66.85672534,75.4929057,-66.85672534,75.4929057,402.9314641,0
0.4303575894,-66.74463766,75.50422585,-66.74463766,75.50422585,403.0441219,0
0.4304826207,-66.63254957,75.5155383,-66.63254957,75.5155383,403.1567794,0
0.4306076519,-66.52046107,75.52684306,-66.52046107,75.52684306,403.2694366,0
0.4307326832,-66.40837217,75.53814016,-66.40837217,75.53814016,403.3820933,0
0.4308577144,-66.29628287,75.54942961,-66.29628287,75.54942961,403.4947497,0
0.4309827457,-66.18419316,75.56071142,-66.18419316,75.56071142,403.6074058,0
0.4311077769,-66.07210306,75.57198559,-66.07210306,75.57198559,403.7200614,0
0.4312328082,-65.96001255,75.58325216,-65.96001255,75.58325216,403.8327167,0
0.4313578395,-65.84792164,75.59451112,-65.84792164,75.59451112,403.9453717,0
0.4314828707,-65.73583033,75.60576249,-65.73583033,75.60576249,404.0580262,0
0.431607902,-65.62373862,75.61700629,-65.62373862,75.61700629,404.1706805,0
0.4317329332,-65.51164651,75.62824253,-65.51164651,75.62824253,404.2833343,0
0.4318579645,-65.39955401,75.63947122,-65.39955401,75.63947122,404.3959878,0
0.4319829957,-65.2874611,75.65069237,-65.2874611,75.65069237,404.508641,0
0.432108027,-65.1753678,75.661906,-65.1753678,75.661906,404.6212938,0
0.4322330583,-65.06327411,75.67311213,-65.06327411,75.67311213,404.7339463,0
0.4323580895,-64.95118002,75.68431076,-64.95118002,75.68431076,404.8465983,0
0.4324831208,-64.83908554,75.6955019,-64.83908554,75.6955019,404.95925,0
0.432608152,-64.72699066,75.70668558,-64.72699066,75.70668558,405.0719015,0
0.4327331833,-64.61489539,75.71786181,-64.61489539,75.71786181,405.1845525,0
0.4328582146,-64.50279973,75.72903059,-64.50279973,75.72903059,405.2972032,0
0.4329832458,-64.39070367,75.74019194,-64.39070367,75.74019194,405.4098536,0
0.4331082771,-64.27860723,75.75134588,-64.27860723,75.75134588,405.5225035,0
0.4332333083,-64.16651039,75.76249242,-64.16651039,75.76249242,405.6351532,0
0.4333583396,-64.05441317,75.77363156,-64.05441317,75.77363156,405.7478025,0
0.4334833708,-63.94231555,75.78476334,-63.94231555,75.78476334,405.8604515,0
0.4336084021,-63.83021755,75.79588775,-63.83021755,75.79588775,405.9731002,0
0.4337334334,-63.71811916,75.80700481,-63.71811916,75.80700481,406.0857484,0
0.4338584646,-63.60602039,75.81811453,-63.60602039,75.81811453,406.1983964,0
0.4339834959,-63.49392123,75.82921693,-63.49392123,75.82921693,406.311044,0
0.4341085271,-63.38182168,75.84031203,-63.38182168,75.84031203,406.4236913,0
0.4342335584,-63.26972175,75.85139983,-63.26972175,75.85139983,406.5363382,0
0.4343585896,-63.15762143,75.86248034,-63.15762143,75.86248034,406.6489848,0
0.4344836209,-63.04552074,75.87355359,-63.04552074,75.87355359,406.7616311,0
0.4346086522,-62.93341966,75.88461958,-62.93341966,75.88461958,406.8742771,0
0.4347336834,-62.82131819,75.89567833,-62.82131819,75.89567833,406.9869226,0
0.4348587147,-62.70921635,75.90672984,-62.70921635,75.90672984,407.0995679,0
0.4349837459,-62.59711413,75.91777415,-62.59711413,75.91777415,407.2122129,0
0.4351087772,-62.48501152,75.92881125,-62.48501152,75.92881125,407.3248575,0
0.4352338085,-62.37290854,75.93984115,-62.37290854,75.93984115,407.4375018,0
0.4353588397,-62.26080518,75.95086389,-62.26080518,75.95086389,407.5501458,0
0.435483871,-62.14870145,75.96187946,-62.14870145,75.96187946,407.6627894,0
0.4356089022,-62.03659733,75.97288788,-62.03659733,75.97288788,407.7754328,0
0.4357339335,-61.92449284,75.98388916,-61.92449284,75.98388916,407.8880757,0
0.4358589647,-61.81238797,75.99488333,-61.81238797,75.99488333,408.0007184,0
0.435983996,-61.70028273,76.00587038,-61.70028273,76.00587038,408.1133608,0
0.4361090273,-61.58817712,76.01685033,-61.58817712,76.01685033,408.2260028,0
0.4362340585,-61.47607113,76.0278232,-61.47607113,76.0278232,408.3386446,0
0.4363590898,-61.36396477,76.03878901,-61.36396477,76.03878901,408.4512859,0
0.436484121,-61.25185804,76.04974775,-61.25185804,76.04974775,408.563927,0
0.4366091523,-61.13975093,76.06069945,-61.13975093,76.06069945,408.6765678,0
0.4367341835,-61.02764346,76.07164412,-61.02764346,76.07164412,408.7892082,0
0.4368592148,-60.91553561,76.08258178,-60.91553561,76.08258178,408.9018484,0
0.4369842461,-60.8034274,76.09351243,-60.8034274,76.09351243,409.0144883,0
0.4371092773,-60.69131882,76.10443609,-60.69131882,76.10443609,409.1271277,0
0.4372343086,-60.57920987,76.11535277,-60.57920987,76.11535277,409.2397669,0
0.4373593398,-60.46710055,76.12626249,-60.46710055,76.12626249,409.3524058,0
0.4374843711,-60.35499087,76.13716526,-60.35499087,76.13716526,409.4650444,0
0.4376094024,-60.24288082,76.14806109,-60.24288082,76.14806109,409.5776827,0
0.4377344336,-60.13077041,76.15895,-60.13077041,76.15895,409.6903207,0
0.4378594649,-60.01865963,76.169832,-60.01865963,76.169832,409.8029583,0
0.4379844961,-59.90654849,76.1807071,-59.90654849,76.1807071,409.9155957,0
0.4381095274,-59.79443698,76.19157532,-59.79443698,76.19157532,410.0282327,0
0.4382345586,-59.68232512,76.20243666,-59.68232512,76.20243666,410.1408695,0
0.4383595899,-59.57021289,76.21329115,-59.57021289,76.21329115,410.253506,0
0.4384846212,-59.4581003,76.22413879,-59.4581003,76.22413879,410.3661421,0
0.4386096524,-59.34598735,76.23497961,-59.34598735,76.23497961,410.478778,0
0.4387346837,-59.23387405,76.2458136,-59.23387405,76.2458136,410.5914135,0
0.4388597149,-59.12176038,76.25664079,-59.12176038,76.25664079,410.7040488,0
0.4389847462,-59.00964636,76.26746119,-59.00964636,76.26746119,410.8166838,0
0.4391097774,-58.89753197,76.27827481,-58.89753197,76.27827481,410.9293184,0
0.4392348087,-58.78541724,76.28908167,-58.78541724,76.28908167,411.0419528,0
0.43935984,-58.67330214,76.29988178,-58.67330214,76.29988178,411.1545869,0
0.4394848712,-58.56118669,76.31067515,-58.56118669,76.31067515,411.2672207,0
0.4396099025,-58.44907089,76.32146179,-58.44907089,76.32146179,411.3798542,0
0.4397349337,-58.33695473,76.33224172,-58.33695473,76.33224172,411.4924874,0
0.439859965,-58.22483822,76.34301496,-58.22483822,76.34301496,411.6051203,0
0.4399849962,-58.11272136,76.35378151,-58.11272136,76.35378151,411.717753,0
0.4401100275,-58.00060415,76.36454138,-58.00060415,76.36454138,411.8303853,0
0.4402350588,-57.88848658,76.3752946,-57.88848658,76.3752946,411.9430174,0
0.44036009,-57.77636867,76.38604118,-57.77636867,76.38604118,412.0556491,0
0.4404851213,-57.6642504,76.39678112,-57.6642504,76.39678112,412.1682806,0
0.4406101525,-57.55213179,76.40751445,-57.55213179,76.40751445,412.2809119,0
0.4407351838,-57.44001283,76.41824117,-57.44001283,76.41824117,412.3935427,0
0.4408602151,-57.32789352,76.42896129,-57.32789352,76.42896129,412.5061734,0
0.4409852463,-57.21577386,76.43967484,-57.21577386,76.43967484,412.6188038,0
0.4411102776,-57.10365386,76.45038183,-57.10365386,76.45038183,412.7314338,0
0.4412353088,-56.99153351,76.46108226,-56.99153351,76.46108226,412.8440636,0
0.4413603401,-56.87941282,76.47177615,-56.87941282,76.47177615,412.9566931,0
0.4414853713,-56.76729178,76.48246352,-56.76729178,76.48246352,413.0693224,0
0.4416104026,-56.6551704,76.49314437,-56.6551704,76.49314437,413.1819514,0
0.4417354339,-56.54304868,76.50381873,-56.54304868,76.50381873,413.29458,0
0.4418604651,-56.43092662,76.5144866,-56.43092662,76.5144866,413.4072084,0
0.4419854964,-56.31880422,76.525148,-56.31880422,76.525148,413.5198366,0
0.4421105276,-56.20668147,76.53580294,-56.20668147,76.53580294,413.6324644,0
0.4422355589,-56.09455839,76.54645143,-56.09455839,76.54645143,413.7450921,0
0.4423605901,-55.98243496,76.55709349,-55.98243496,76.55709349,413.8577194,0
0.4424856214,-55.8703112,76.56772914,-55.8703112,76.56772914,413.9703464,0
0.4426106527,-55.7581871,76.57835837,-55.7581871,76.57835837,414.0829733,0
0.4427356839,-55.64606266,76.58898122,-55.64606266,76.58898122,414.1955998,0
0.4428607152,-55.53393789,76.59959768,-55.53393789,76.59959768,414.308226,0
0.4429857464,-55.42181278,76.61020778,-55.42181278,76.61020778,414.4208521,0
0.4431107777,-55.30968734,76.62081152,-55.30968734,76.62081152,414.5334777,0
0.443235809,-55.19756156,76.63140893,-55.19756156,76.63140893,414.6461032,0
0.4433608402,-55.08543545,76.64200001,-55.08543545,76.64200001,414.7587284,0
0.4434858715,-54.97330901,76.65258478,-54.97330901,76.65258478,414.8713533,0
0.4436109027,-54.86118223,76.66316324,-54.86118223,76.66316324,414.9839781,0
0.443735934,-54.74905513,76.67373542,-54.74905513,76.67373542,415.0966024,0
0.4438609652,-54.63692769,76.68430133,-54.63692769,76.68430133,415.2092266,0
0.4439859965,-54.52479992,76.69486098,-54.52479992,76.69486098,415.3218505,0
0.4441110278,-54.41267183,76.70541438,-54.41267183,76.70541438,415.4344741,0
0.444236059,-54.3005434,76.71596155,-54.3005434,76.71596155,415.5470975,0
0.4443610903,-54.18841465,76.7265025,-54.18841465,76.7265025,415.6597207,0
0.4444861215,-54.07628557,76.73703724,-54.07628557,76.73703724,415.7723435,0
0.4446111528,-53.96415616,76.74756579,-53.96415616,76.74756579,415.8849662,0
0.444736184,-53.85202643,76.75808816,-53.85202643,76.75808816,415.9975885,0
0.4448612153,-53.73989637,76.76860436,-53.73989637,76.76860436,416.1102106,0
0.4449862466,-53.62776599,76.77911441,-53.62776599,76.77911441,416.2228325,0
0.4451112778,-53.51563529,76.78961831,-53.51563529,76.78961831,416.3354541,0
0.4452363091,-53.40350426,76.80011609,-53.40350426,76.80011609,416.4480755,0
0.4453613403,-53.29137291,76.81060776,-53.29137291,76.81060776,416.5606966,0
0.4454863716,-53.17924124,76.82109333,-53.17924124,76.82109333,416.6733174,0
0.4456114029,-53.06710924,76.83157281,-53.06710924,76.83157281,416.7859381,0
0.4457364341,-52.95497693,76.84204621,-52.95497693,76.84204621,416.8985584,0
0.4458614654,-52.8428443,76.85251356,-52.8428443,76.85251356,417.0111785,0
0.4459864966,-52.73071135,76.86297485,-52.73071135,76.86297485,417.1237985,0
0.4461115279,-52.61857808,76.87343012,-52.61857808,76.87343012,417.236418,0
0.4462365591,-52.50644449,76.88387936,-52.50644449,76.88387936,417.3490375,0
0.4463615904,-52.39431059,76.89432259,-52.39431059,76.89432259,417.4616566,0
0.4464866217,-52.28217637,76.90475984,-52.28217637,76.90475984,417.5742755,0
0.4466116529,-52.17004184,76.9151911,-52.17004184,76.9151911,417.6868942,0
0.4467366842,-52.05790699,76.92561639,-52.05790699,76.92561639,417.7995126,0
0.4468617154,-51.94577183,76.93603573,-51.94577183,76.93603573,417.9121308,0
0.4469867467,-51.83363635,76.94644912,-51.83363635,76.94644912,418.0247488,0
0.4471117779,-51.72150056,76.95685659,-51.72150056,76.95685659,418.1373665,0
0.4472368092,-51.60936446,76.96725815,-51.60936446,76.96725815,418.249984,0
0.4473618405,-51.49722805,76.9776538,-51.49722805,76.9776538,418.3626012,0
0.4474868717,-51.38509133,76.98804357,-51.38509133,76.98804357,418.4752182,0
0.447611903,-51.2729543,76.99842746,-51.2729543,76.99842746,418.587835,0
0.4477369342,-51.16081696,77.00880549,-51.16081696,77.00880549,418.7004515,0
0.4478619655,-51.04867931,77.01917767,-51.04867931,77.01917767,418.8130679,0
0.4479869967,-50.93654136,77.02954402,-50.93654136,77.02954402,418.925684,0
0.448112028,-50.8244031,77.03990455,-50.8244031,77.03990455,419.0382998,0
0.4482370593,-50.71226453,77.05025926,-50.71226453,77.05025926,419.1509154,0
0.4483620905,-50.60012565,77.06060819,-50.60012565,77.06060819,419.2635308,0
0.4484871218,-50.48798648,77.07095133,-50.48798648,77.07095133,419.376146,0
0.448612153,-50.37584699,77.0812887,-50.37584699,77.0812887,419.488761,0
0.4487371843,-50.26370721,77.09162032,-50.26370721,77.09162032,419.6013756,0
0.4488622156,-50.15156712,77.10194619,-50.15156712,77.10194619,419.7139901,0
0.4489872468,-50.03942673,77.11226634,-50.03942673,77.11226634,419.8266044,0
0.4491122781,-49.92728604,77.12258077,-49.92728604,77.12258077,419.9392184,0
0.4492373093,-49.81514505,77.1328895,-49.81514505,77.1328895,420.0518323,0
0.4493623406,-49.70300375,77.14319254,-49.70300375,77.14319254,420.1644459,0
0.4494873718,-49.59086216,77.15348991,-49.59086216,77.15348991,420.2770592,0
0.4496124031,-49.47872027,77.16378161,-49.47872027,77.16378161,420.3896724,0
0.4497374344,-49.36657809,77.17406767,-49.36657809,77.17406767,420.5022853,0
0.4498624656,-49.2544356,77.18434809,-49.2544356,77.18434809,420.614898,0
0.4499874969,-49.14229282,77.19462288,-49.14229282,77.19462288,420.7275106,0
0.4501125281,-49.03014975,77.20489207,-49.03014975,77.20489207,420.8401228,0
0.4502375594,-48.91800638,77.21515566,-48.91800638,77.21515566,420.9527349,0
0.4503625906,-48.80586271,77.22541367,-48.80586271,77.22541367,421.0653467,0
0.4504876219,-48.69371875,77.23566611,-48.69371875,77.23566611,421.1779583,0
0.4506126532,-48.5815745,77.245913,-48.5815745,77.245913,421.2905698,0
0.4507376844,-48.46942996,77.25615434,-48.46942996,77.25615434,421.403181,0
0.4508627157,-48.35728512,77.26639015,-48.35728512,77.26639015,421.515792,0
0.4509877469,-48.24514,77.27662045,-48.24514,77.27662045,421.6284028,0
0.4511127782,-48.13299458,77.28684525,-48.13299458,77.28684525,421.7410133,0
0.4512378095,-48.02084887,77.29706455,-48.02084887,77.29706455,421.8536237,0
0.4513628407,-47.90870288,77.30727838,-47.90870288,77.30727838,421.9662339,0
0.451487872,-47.7965566,77.31748674,-47.7965566,77.31748674,422.0788438,0
0.4516129032,-47.68441003,77.32768966,-47.68441003,77.32768966,422.1914536,0
0.4517379345,-47.57226317,77.33788714,-47.57226317,77.33788714,422.304063,0
0.4518629657,-47.46011603,77.34807919,-47.46011603,77.34807919,422.4166724,0
0.451987997,-47.3479686,77.35826581,-47.3479686,77.35826581,422.5292815,0
0.4521130283,-47.23582089,77.36844697,-47.23582089,77.36844697,422.6418904,0
0.4522380595,-47.12367289,77.37862266,-47.12367289,77.37862266,422.7544991,0
0.4523630908,-47.01152459,77.38879287,-47.01152459,77.38879287,422.8671076,0
0.452488122,-46.89937601,77.39895759,-46.89937601,77.39895759,422.9797159,0
0.4526131533,-46.78722714,77.40911678,-46.78722714,77.40911678,423.092324,0
0.4527381845,-46.67507797,77.41927045,-46.67507797,77.41927045,423.2049318,0
0.4528632158,-46.56292852,77.42941858,-46.56292852,77.42941858,423.3175395,0
0.4529882471,-46.45077877,77.43956115,-46.45077877,77.43956115,423.430147,0
0.4531132783,-46.33862872,77.44969814,-46.33862872,77.44969814,423.5427542,0
0.4532383096,-46.22647839,77.45982955,-46.22647839,77.45982955,423.6553612,0
0.4533633408,-46.11432775,77.46995534,-46.11432775,77.46995534,423.767968,0
0.4534883721,-46.00217682,77.48007552,-46.00217682,77.48007552,423.8805746,0
0.4536134034,-45.8900256,77.49019007,-45.8900256,77.49019007,423.9931811,0
0.4537384346,-45.77787407,77.50029896,-45.77787407,77.50029896,424.1057872,0
0.4538634659,-45.66572225,77.51040219,-45.66572225,77.51040219,424.2183932,0
0.4539884971,-45.55357013,77.52049974,-45.55357013,77.52049974,424.330999,0
0.4541135284,-45.4414177,77.5305916,-45.4414177,77.5305916,424.4436045,0
0.4542385596,-45.32926498,77.54067774,-45.32926498,77.54067774,424.5562099,0
0.4543635909,-45.21711195,77.55075816,-45.21711195,77.55075816,424.668815,0
0.4544886222,-45.10495863,77.56083284,-45.10495863,77.56083284,424.7814199,0
0.4546136534,-44.992805,77.57090176,-44.992805,77.57090176,424.8940247,0
0.4547386847,-44.88065106,77.58096491,-44.88065106,77.58096491,425.0066291,0
0.4548637159,-44.76849682,77.59102227,-44.76849682,77.59102227,425.1192334,0
0.4549887472,-44.65634227,77.60107384,-44.65634227,77.60107384,425.2318375,0
0.4551137784,-44.54418742,77.61111958,-44.54418742,77.61111958,425.3444413,0
0.4552388097,-44.43203226,77.6211595,-44.43203226,77.6211595,425.457045,0
0.455363841,-44.31987679,77.63119356,-44.31987679,77.63119356,425.5696484,0
0.4554888722,-44.20772102,77.64122177,-44.20772102,77.64122177,425.6822516,0
0.4556139035,-44.09556493,77.6512441,-44.09556493,77.6512441,425.7948546,0
0.4557389347,-43.98340853,77.66126053,-43.98340853,77.66126053,425.9074574,0
0.455863966,-43.87125182,77.67127106,-43.87125182,77.67127106,426.0200599,0
0.4559889972,-43.7590948,77.68127567,-43.7590948,77.68127567,426.1326623,0
0.4561140285,-43.64693747,77.69127433,-43.64693747,77.69127433,426.2452644,0
0.4562390598,-43.53477982,77.70126705,-43.53477982,77.70126705,426.3578664,0
0.456364091,-43.42262186,77.71125379,-43.42262186,77.71125379,426.4704681,0
0.4564891223,-43.31046358,77.72123456,-43.31046358,77.72123456,426.5830695,0
0.4566141535,-43.19830499,77.73120932,-43.19830499,77.73120932,426.6956709,0
0.4567391848,-43.08614608,77.74117807,-43.08614608,77.74117807,426.8082719,0
0.4568642161,-42.97398685,77.75114079,-42.97398685,77.75114079,426.9208727,0
0.4569892473,-42.8618273,77.76109747,-42.8618273,77.76109747,427.0334734,0
0.4571142786,-42.74966743,77.77104809,-42.74966743,77.77104809,427.1460737,0
0.4572393098,-42.63750725,77.78099264,-42.63750725,77.78099264,427.2586739,0
0.4573643411,-42.52534674,77.79093109,-42.52534674,77.79093109,427.3712739,0
0.4574893723,-42.41318591,77.80086344,-42.41318591,77.80086344,427.4838736,0
0.4576144036,-42.30102476,77.81078967,-42.30102476,77.81078967,427.5964732,0
0.4577394349,-42.18886328,77.82070977,-42.18886328,77.82070977,427.7090725,0
0.4578644661,-42.07670149,77.83062372,-42.07670149,77.83062372,427.8216716,0
0.4579894974,-41.96453936,77.8405315,-41.96453936,77.8405315,427.9342705,0
0.4581145286,-41.85237691,77.8504331,-41.85237691,77.8504331,428.0468691,0
0.4582395599,-41.74021414,77.8603285,-41.74021414,77.8603285,428.1594675,0
0.4583645911,-41.62805103,77.8702177,-41.62805103,77.8702177,428.2720657,0
0.4584896224,-41.5158876,77.88010067,-41.5158876,77.88010067,428.3846637,0
0.4586146537,-41.40372384,77.88997739,-41.40372384,77.88997739,428.4972615,0
0.4587396849,-41.29155975,77.89984786,-41.29155975,77.89984786,428.6098591,0
0.4588647162,-41.17939533,77.90971207,-41.17939533,77.90971207,428.7224564,0
0.4589897474,-41.06723058,77.91956998,-41.06723058,77.91956998,428.8350536,0
0.4591147787,-40.95506549,77.92942159,-40.95506549,77.92942159,428.9476504,0
0.45923981,-40.84290007,77.93926689,-40.84290007,77.93926689,429.0602471,0
0.4593648412,-40.73073432,77.94910585,-40.73073432,77.94910585,429.1728435,0
0.4594898725,-40.61856824,77.95893847,-40.61856824,77.95893847,429.2854397,0
0.4596149037,-40.50640182,77.96876472,-40.50640182,77.96876472,429.3980358,0
0.459739935,-40.39423506,77.9785846,-40.39423506,77.9785846,429.5106315,0
0.4598649662,-40.28206796,77.98839808,-40.28206796,77.98839808,429.6232271,0
0.4599899975,-40.16990053,77.99820516,-40.16990053,77.99820516,429.7358225,0
0.4601150288,-40.05773276,78.00800581,-40.05773276,78.00800581,429.8484176,0
0.46024006,-39.94556465,78.01780003,-39.94556465,78.01780003,429.9610125,0
0.4603650913,-39.8333962,78.02758779,-39.8333962,78.02758779,430.0736072,0
0.4604901225,-39.72122741,78.03736909,-39.72122741,78.03736909,430.1862016,0
0.4606151538,-39.60905828,78.0471439,-39.60905828,78.0471439,430.2987959,0
0.460740185,-39.4968888,78.05691221,-39.4968888,78.05691221,430.4113899,0
0.4608652163,-39.38471899,78.06667401,-39.38471899,78.06667401,430.5239836,0
0.4609902476,-39.27254882,78.07642928,-39.27254882,78.07642928,430.6365773,0
0.4611152788,-39.16037832,78.086178,-39.16037832,78.086178,430.7491705,0
0.4612403101,-39.04820746,78.09592017,-39.04820746,78.09592017,430.8617637,0
0.4613653413,-38.93603627,78.10565576,-38.93603627,78.10565576,430.9743566,0
0.4614903726,-38.82386472,78.11538477,-38.82386472,78.11538477,431.0869492,0
0.4616154039,-38.71169282,78.12510716,-38.71169282,78.12510716,431.1995417,0
0.4617404351,-38.59952058,78.13482294,-38.59952058,78.13482294,431.3121339,0
0.4618654664,-38.48734799,78.14453208,-38.48734799,78.14453208,431.4247259,0
0.4619904976,-38.37517504,78.15423458,-38.37517504,78.15423458,431.5373177,0
0.4621155289,-38.26300175,78.16393041,-38.26300175,78.16393041,431.6499092,0
0.4622405601,-38.1508281,78.17361955,-38.1508281,78.17361955,431.7625006,0
0.4623655914,-38.0386541,78.183302,-38.0386541,78.183302,431.8750917,0
0.4624906227,-37.92647975,78.19297774,-37.92647975,78.19297774,431.9876825,0
0.4626156539,-37.81430504,78.20264676,-37.81430504,78.20264676,432.1002732,0
0.4627406852,-37.70212997,78.21230903,-37.70212997,78.21230903,432.2128636,0
0.4628657164,-37.58995455,78.22196455,-37.58995455,78.22196455,432.3254538,0
0.4629907477,-37.47777878,78.2316133,-37.47777878,78.2316133,432.4380438,0
0.4631157789,-37.36560264,78.24125526,-37.36560264,78.24125526,432.5506335,0
0.4632408102,-37.25342615,78.25089041,-37.25342615,78.25089041,432.6632231,0
0.4633658415,-37.1412493,78.26051875,-37.1412493,78.26051875,432.7758124,0
0.4634908727,-37.02907209,78.27014026,-37.02907209,78.27014026,432.8884014,0
0.463615904,-36.91689451,78.27975492,-36.91689451,78.27975492,433.0009903,0
0.4637409352,-36.80471658,78.28936272,-36.80471658,78.28936272,433.1135789,0
0.4638659665,-36.69253828,78.29896364,-36.69253828,78.29896364,433.2261673,0
0.4639909977,-36.58035962,78.30855767,-36.58035962,78.30855767,433.3387556,0
0.464116029,-36.4681806,78.3181448,-36.4681806,78.3181448,433.4513434,0
0.4642410603,-36.35600121,78.32772499,-36.35600121,78.32772499,433.5639312,0
0.4643660915,-36.24382145,78.33729825,-36.24382145,78.33729825,433.6765187,0
0.4644911228,-36.13164133,78.34686456,-36.13164133,78.34686456,433.7891059,0
0.464616154,-36.01946084,78.3564239,-36.01946084,78.3564239,433.901693,0
0.4647411853,-35.90727998,78.36597625,-35.90727998,78.36597625,434.0142798,0
0.4648662166,-35.79509876,78.37552161,-35.79509876,78.37552161,434.1268664,0
0.4649912478,-35.68291716,78.38505995,-35.68291716,78.38505995,434.2394528,0
0.4651162791,-35.5707352,78.39459127,-35.5707352,78.39459127,434.3520389,0
0.4652413103,-35.45855286,78.40411553,-35.45855286,78.40411553,434.4646248,0
0.4653663416,-35.34637015,78.41363274,-35.34637015,78.41363274,434.5772105,0
0.4654913728,-35.23418707,78.42314288,-35.23418707,78.42314288,434.689796,0
0.4656164041,-35.12200361,78.43264593,-35.12200361,78.43264593,434.8023813,0
0.4657414354,-35.00981978,78.44214187,-35.00981978,78.44214187,434.9149662,0
0.4658664666,-34.89763558,78.45163069,-34.89763558,78.45163069,435.027551,0
0.4659914979,-34.78545099,78.46111237,-34.78545099,78.46111237,435.1401356,0
0.4661165291,-34.67326604,78.47058691,-34.67326604,78.47058691,435.2527199,0
0.4662415604,-34.5610807,78.48005428,-34.5610807,78.48005428,435.365304,0
0.4663665916,-34.44889499,78.48951447,-34.44889499,78.48951447,435.4778879,0
0.4664916229,-34.33670889,78.49896746,-34.33670889,78.49896746,435.5904715,0
0.4666166542,-34.22452242,78.50841324,-34.22452242,78.50841324,435.703055,0
0.4667416854,-34.11233556,78.5178518,-34.11233556,78.5178518,435.8156382,0
0.4668667167,-34.00014833,78.52728311,-34.00014833,78.52728311,435.9282211,0
0.4669917479,-33.88796071,78.53670717,-33.88796071,78.53670717,436.0408039,0
0.4671167792,-33.77577271,78.54612396,-33.77577271,78.54612396,436.1533864,0
0.4672418105,-33.66358432,78.55553346,-33.66358432,78.55553346,436.2659687,0
0.4673668417,-33.55139555,78.56493566,-33.55139555,78.56493566,436.3785508,0
0.467491873,-33.43920639,78.57433054,-33.43920639,78.57433054,436.4911326,0
0.4676169042,-33.32701685,78.58371809,-33.32701685,78.58371809,436.6037143,0
0.4677419355,-33.21482692,78.59309829,-33.21482692,78.59309829,436.7162956,0
0.4678669667,-33.1026366,78.60247113,-33.1026366,78.60247113,436.8288768,0
0.467991998,-32.99044589,78.61183659,-32.99044589,78.61183659,436.9414578,0
0.4681170293,-32.8782548,78.62119466,-32.8782548,78.62119466,437.0540384,0
0.4682420605,-32.76606331,78.63054533,-32.76606331,78.63054533,437.1666189,0
0.4683670918,-32.65387143,78.63988856,-32.65387143,78.63988856,437.2791992,0
0.468492123,-32.54167916,78.64922436,-32.54167916,78.64922436,437.3917792,0
0.4686171543,-32.4294865,78.65855271,-32.4294865,78.65855271,437.504359,0
0.4687421855,-32.31729344,78.66787359,-32.31729344,78.66787359,437.6169386,0
0.4688672168,-32.20509999,78.67718698,-32.20509999,78.67718698,437.7295179,0
0.4689922481,-32.09290614,78.68649288,-32.09290614,78.68649288,437.8420971,0
0.4691172793,-31.9807119,78.69579126,-31.9807119,78.69579126,437.9546759,0
0.4692423106,-31.86851726,78.70508211,-31.86851726,78.70508211,438.0672546,0
0.4693673418,-31.75632222,78.71436542,-31.75632222,78.71436542,438.1798331,0
0.4694923731,-31.64412679,78.72364117,-31.64412679,78.72364117,438.2924112,0
0.4696174044,-31.53193095,78.73290934,-31.53193095,78.73290934,438.4049893,0
0.4697424356,-31.41973472,78.74216993,-31.41973472,78.74216993,438.517567,0
0.4698674669,-31.30753808,78.75142291,-31.30753808,78.75142291,438.6301445,0
0.4699924981,-31.19534104,78.76066827,-31.19534104,78.76066827,438.7427219,0
0.4701175294,-31.0831436,78.76990599,-31.0831436,78.76990599,438.8552989,0
0.4702425606,-30.97094576,78.77913606,-30.97094576,78.77913606,438.9678758,0
0.4703675919,-30.85874751,78.78835847,-30.85874751,78.78835847,439.0804525,0
0.4704926232,-30.74654886,78.7975732,-30.74654886,78.7975732,439.1930289,0
0.4706176544,-30.63434981,78.80678023,-30.63434981,78.80678023,439.3056051,0
0.4707426857,-30.52215034,78.81597955,-30.52215034,78.81597955,439.418181,0
0.4708677169,-30.40995047,78.82517114,-30.40995047,78.82517114,439.5307568,0
0.4709927482,-30.29775019,78.834355,-30.29775019,78.834355,439.6433323,0
0.4711177794,-30.1855495,78.84353109,-30.1855495,78.84353109,439.7559075,0
0.4712428107,-30.07334841,78.85269942,-30.07334841,78.85269942,439.8684826,0
0.471367842,-29.9611469,78.86185995,-29.9611469,78.86185995,439.9810575,0
0.4714928732,-29.84894498,78.87101269,-29.84894498,78.87101269,440.0936321,0
0.4716179045,-29.73674265,78.88015761,-29.73674265,78.88015761,440.2062065,0
0.4717429357,-29.62453991,78.88929469,-29.62453991,78.88929469,440.3187806,0
0.471867967,-29.51233675,78.89842393,-29.51233675,78.89842393,440.4313545,0
0.4719929982,-29.40013318,78.90754531,-29.40013318,78.90754531,440.5439283,0
0.4721180295,-29.28792919,78.91665881,-29.28792919,78.91665881,440.6565017,0
0.4722430608,-29.17572479,78.92576441,-29.17572479,78.92576441,440.769075,0
0.472368092,-29.06351997,78.93486211,-29.06351997,78.93486211,440.8816481,0
0.4724931233,-28.95131473,78.94395188,-28.95131473,78.94395188,440.9942209,0
0.4726181545,-28.83910907,78.95303372,-28.83910907,78.95303372,441.1067935,0
0.4727431858,-28.726903,78.9621076,-28.726903,78.9621076,441.2193658,0
0.4728682171,-28.6146965,78.97117352,-28.6146965,78.97117352,441.331938,0
0.4729932483,-28.50248959,78.98023145,-28.50248959,78.98023145,441.44451,0
0.4731182796,-28.39028225,78.98928138,-28.39028225,78.98928138,441.5570816,0
0.4732433108,-28.27807449,78.99832329,-28.27807449,78.99832329,441.6696531,0
0.4733683421,-28.16586631,79.00735718,-28.16586631,79.00735718,441.7822244,0
0.4734933733,-28.0536577,79.01638302,-28.0536577,79.01638302,441.8947954,0
0.4736184046,-27.94144867,79.02540081,-27.94144867,79.02540081,442.0073662,0
0.4737434359,-27.82923921,79.03441051,-27.82923921,79.03441051,442.1199368,0
0.4738684671,-27.71702933,79.04341213,-27.71702933,79.04341213,442.2325071,0
0.4739934984,-27.60481902,79.05240565,-27.60481902,79.05240565,442.3450773,0
0.4741185296,-27.49260828,79.06139104,-27.49260828,79.06139104,442.4576472,0
0.4742435609,-27.38039711,79.0703683,-27.38039711,79.0703683,442.5702169,0
0.4743685921,-27.26818551,79.0793374,-27.26818551,79.0793374,442.6827864,0
0.4744936234,-27.15597349,79.08829835,-27.15597349,79.08829835,442.7953556,0
0.4746186547,-27.04376103,79.09725111,-27.04376103,79.09725111,442.9079247,0
0.4747436859,-26.93154814,79.10619567,-26.93154814,79.10619567,443.0204935,0
0.4748687172,-26.81933481,79.11513202,-26.81933481,79.11513202,443.1330621,0
0.4749937484,-26.70712105,79.12406015,-26.70712105,79.12406015,443.2456305,0
0.4751187797,-26.59490686,79.13298004,-26.59490686,79.13298004,443.3581986,0
0.475243811,-26.48269224,79.14189167,-26.48269224,79.14189167,443.4707666,0
0.4753688422,-26.37047717,79.15079502,-26.37047717,79.15079502,443.5833343,0
0.4754938735,-26.25826168,79.15969009,-26.25826168,79.15969009,443.6959017,0
0.4756189047,-26.14604574,79.16857686,-26.14604574,79.16857686,443.8084691,0
0.475743936,-26.03382936,79.17745531,-26.03382936,79.17745531,443.9210361,0
0.4758689672,-25.92161255,79.18632543,-25.92161255,79.18632543,444.0336029,0
0.4759939985,-25.80939529,79.19518721,-25.80939529,79.19518721,444.1461696,0
0.4761190298,-25.6971776,79.20404066,-25.6971776,79.20404066,444.2587359,0
0.476244061,-25.58495947,79.21288578,-25.58495947,79.21288578,444.3713021,0
0.4763690923,-25.4727409,79.22172259,-25.4727409,79.22172259,444.4838681,0
0.4764941235,-25.36052189,79.2305511,-25.36052189,79.2305511,444.5964338,0
0.4766191548,-25.24830245,79.23937132,-25.24830245,79.23937132,444.7089994,0
0.476744186,-25.13608257,79.24818325,-25.13608257,79.24818325,444.8215647,0
0.4768692173,-25.02386225,79.25698691,-25.02386225,79.25698691,444.9341298,0
0.4769942486,-24.9116415,79.26578231,-24.9116415,79.26578231,445.0466947,0
0.4771192798,-24.79942031,79.27456945,-24.79942031,79.27456945,445.1592594,0
0.4772443111,-24.68719869,79.28334835,-24.68719869,79.28334835,445.2718239,0
0.4773693423,-24.57497663,79.29211901,-24.57497663,79.29211901,445.3843882,0
0.4774943736,-24.46275414,79.30088145,-24.46275414,79.30088145,445.4969522,0
0.4776194049,-24.35053122,79.30963568,-24.35053122,79.30963568,445.6095161,0
0.4777444361,-24.23830786,79.3183817,-24.23830786,79.3183817,445.7220797,0
0.4778694674,-24.12608408,79.32711953,-24.12608408,79.32711953,445.8346431,0
0.4779944986,-24.01385986,79.33584917,-24.01385986,79.33584917,445.9472064,0
0.4781195299,-23.90163521,79.34457063,-23.90163521,79.34457063,446.0597694,0
0.4782445611,-23.78941013,79.35328393,-23.78941013,79.35328393,446.1723322,0
0.4783695924,-23.67718462,79.36198907,-23.67718462,79.36198907,446.2848949,0
0.4784946237,-23.56495868,79.37068607,-23.56495868,79.37068607,446.3974573,0
0.4786196549,-23.45273231,79.37937493,-23.45273231,79.37937493,446.5100195,0
0.4787446862,-23.34050552,79.38805567,-23.34050552,79.38805567,446.6225815,0
0.4788697174,-23.22827829,79.39672829,-23.22827829,79.39672829,446.7351433,0
0.4789947487,-23.11605064,79.4053928,-23.11605064,79.4053928,446.847705,0
0.4791197799,-23.00382256,79.41404921,-23.00382256,79.41404921,446.9602664,0
0.4792448112,-22.89159406,79.42269754,-22.89159406,79.42269754,447.0728276,0
0.4793698425,-22.77936513,79.43133779,-22.77936513,79.43133779,447.1853887,0
0.4794948737,-22.66713578,79.43996997,-22.66713578,79.43996997,447.2979495,0
0.479619905,-22.554906,79.44859409,-22.554906,79.44859409,447.4105102,0
0.4797449362,-22.44267579,79.45721017,-22.44267579,79.45721017,447.5230706,0
0.4798699675,-22.33044516,79.4658182,-22.33044516,79.4658182,447.6356309,0
0.4799949987,-22.21821411,79.47441821,-22.21821411,79.47441821,447.748191,0
0.48012003,-22.10598264,79.4830102,-22.10598264,79.4830102,447.8607508,0
0.4802450613,-21.99375075,79.49159418,-21.99375075,79.49159418,447.9733105,0
0.4803700925,-21.88151843,79.50017016,-21.88151843,79.50017016,448.08587,0
0.4804951238,-21.76928569,79.50873815,-21.76928569,79.50873815,448.1984293,0
0.480620155,-21.65705253,79.51729817,-21.65705253,79.51729817,448.3109884,0
0.4807451863,-21.54481895,79.52585021,-21.54481895,79.52585021,448.4235474,0
0.4808702176,-21.43258495,79.53439429,-21.43258495,79.53439429,448.5361061,0
0.4809952488,-21.32035054,79.54293042,-21.32035054,79.54293042,448.6486647,0
0.4811202801,-21.2081157,79.55145861,-21.2081157,79.55145861,448.761223,0
0.4812453113,-21.09588045,79.55997887,-21.09588045,79.55997887,448.8737812,0
0.4813703426,-20.98364478,79.56849121,-20.98364478,79.56849121,448.9863393,0
0.4814953738,-20.87140869,79.57699564,-20.87140869,79.57699564,449.0988971,0
0.4816204051,-20.75917218,79.58549216,-20.75917218,79.58549216,449.2114547,0
0.4817454364,-20.64693526,79.5939808,-20.64693526,79.5939808,449.3240122,0
0.4818704676,-20.53469793,79.60246155,-20.53469793,79.60246155,449.4365695,0
0.4819954989,-20.42246018,79.61093443,-20.42246018,79.61093443,449.5491266,0
0.4821205301,-20.31022201,79.61939945,-20.31022201,79.61939945,449.6616835,0
0.4822455614,-20.19798343,79.62785661,-20.19798343,79.62785661,449.7742403,0
0.4823705926,-20.08574444,79.63630594,-20.08574444,79.63630594,449.8867969,0
0.4824956239,-19.97350503,79.64474743,-19.97350503,79.64474743,449.9993532,0
0.4826206552,-19.86126521,79.65318109,-19.86126521,79.65318109,450.1119095,0
0.4827456864,-19.74902499,79.66160695,-19.74902499,79.66160695,450.2244655,0
0.4828707177,-19.63678434,79.670025,-19.63678434,79.670025,450.3370214,0
0.4829957489,-19.52454329,79.67843525,-19.52454329,79.67843525,450.4495771,0
0.4831207802,-19.41230183,79.68683773,-19.41230183,79.68683773,450.5621326,0
0.4832458115,-19.30005996,79.69523242,-19.30005996,79.69523242,450.674688,0
0.4833708427,-19.18781768,79.70361936,-19.18781768,79.70361936,450.7872432,0
0.483495874,-19.07557499,79.71199854,-19.07557499,79.71199854,450.8997982,0
0.4836209052,-18.96333189,79.72036997,-18.96333189,79.72036997,451.0123531,0
0.4837459365,-18.85108839,79.72873367,-18.85108839,79.72873367,451.1249077,0
0.4838709677,-18.73884447,79.73708964,-18.73884447,79.73708964,451.2374622,0
0.483995999,-18.62660015,79.7454379,-18.62660015,79.7454379,451.3500166,0
0.4841210303,-18.51435543,79.75377845,-18.51435543,79.75377845,451.4625707,0
0.4842460615,-18.4021103,79.76211131,-18.4021103,79.76211131,451.5751248,0
0.4843710928,-18.28986476,79.77043648,-18.28986476,79.77043648,451.6876786,0
0.484496124,-18.17761882,79.77875398,-18.17761882,79.77875398,451.8002323,0
0.4846211553,-18.06537248,79.7870638,-18.06537248,79.7870638,451.9127858,0
0.4847461865,-17.95312573,79.79536597,-17.95312573,79.79536597,452.0253392,0
0.4848712178,-17.84087858,79.8036605,-17.84087858,79.8036605,452.1378924,0
0.4849962491,-17.72863102,79.81194738,-17.72863102,79.81194738,452.2504454,0
0.4851212803,-17.61638307,79.82022664,-17.61638307,79.82022664,452.3629983,0
0.4852463116,-17.50413471,79.82849829,-17.50413471,79.82849829,452.475551,0
0.4853713428,-17.39188595,79.83676232,-17.39188595,79.83676232,452.5881036,0
0.4854963741,-17.27963679,79.84501875,-17.27963679,79.84501875,452.7006559,0
0.4856214054,-17.16738723,79.8532676,-17.16738723,79.8532676,452.8132082,0
0.4857464366,-17.05513728,79.86150887,-17.05513728,79.86150887,452.9257603,0
0.4858714679,-16.94288692,79.86974257,-16.94288692,79.86974257,453.0383122,0
0.4859964991,-16.83063616,79.87796871,-16.83063616,79.87796871,453.150864,0
0.4861215304,-16.71838501,79.8861873,-16.71838501,79.8861873,453.2634156,0
0.4862465616,-16.60613346,79.89439836,-16.60613346,79.89439836,453.3759671,0
0.4863715929,-16.49388151,79.90260188,-16.49388151,79.90260188,453.4885184,0
0.4864966242,-16.38162917,79.91079788,-16.38162917,79.91079788,453.6010695,0
0.4866216554,-16.26937643,79.91898638,-16.26937643,79.91898638,453.7136206,0
0.4867466867,-16.15712329,79.92716737,-16.15712329,79.92716737,453.8261714,0
0.4868717179,-16.04486976,79.93534087,-16.04486976,79.93534087,453.9387221,0
0.4869967492,-15.93261584,79.94350689,-15.93261584,79.94350689,454.0512727,0
0.4871217804,-15.82036152,79.95166545,-15.82036152,79.95166545,454.1638231,0
0.4872468117,-15.70810681,79.95981654,-15.70810681,79.95981654,454.2763733,0
0.487371843,-15.59585171,79.96796018,-15.59585171,79.96796018,454.3889234,0
0.4874968742,-15.48359621,79.97609637,-15.48359621,79.97609637,454.5014734,0
0.4876219055,-15.37134032,79.98422514,-15.37134032,79.98422514,454.6140232,0
0.4877469367,-15.25908404,79.99234648,-15.25908404,79.99234648,454.7265729,0
0.487871968,-15.14682737,80.00046041,-15.14682737,80.00046041,454.8391224,0
0.4879969992,-15.03457031,80.00856694,-15.03457031,80.00856694,454.9516718,0
0.4881220305,-14.92231287,80.01666608,-14.92231287,80.01666608,455.064221,0
0.4882470618,-14.81005503,80.02475783,-14.81005503,80.02475783,455.1767701,0
0.488372093,-14.6977968,80.03284221,-14.6977968,80.03284221,455.2893191,0
0.4884971243,-14.58553819,80.04091923,-14.58553819,80.04091923,455.4018679,0
0.4886221555,-14.47327918,80.0489889,-14.47327918,80.0489889,455.5144166,0
0.4887471868,-14.36101979,80.05705122,-14.36101979,80.05705122,455.6269651,0
0.4888722181,-14.24876002,80.0651062,-14.24876002,80.0651062,455.7395135,0
0.4889972493,-14.13649985,80.07315387,-14.13649985,80.07315387,455.8520618,0
0.4891222806,-14.02423931,80.08119422,-14.02423931,80.08119422,455.9646098,0
0.4892473118,-13.91197837,80.08922726,-13.91197837,80.08922726,456.0771578,0
0.4893723431,-13.79971706,80.09725301,-13.79971706,80.09725301,456.1897057,0
0.4894973743,-13.68745536,80.10527147,-13.68745536,80.10527147,456.3022533,0
0.4896224056,-13.57519327,80.11328266,-13.57519327,80.11328266,456.4148009,0
0.4897474369,-13.4629308,80.12128659,-13.4629308,80.12128659,456.5273484,0
0.4898724681,-13.35066795,80.12928326,-13.35066795,80.12928326,456.6398956,0
0.4899974994,-13.23840472,80.13727268,-13.23840472,80.13727268,456.7524428,0
0.4901225306,-13.12614111,80.14525486,-13.12614111,80.14525486,456.8649898,0
0.4902475619,-13.01387712,80.15322983,-13.01387712,80.15322983,456.9775367,0
0.4903725931,-12.90161274,80.16119757,-12.90161274,80.16119757,457.0900835,0
0.4904976244,-12.78934799,80.16915811,-12.78934799,80.16915811,457.2026301,0
0.4906226557,-12.67708285,80.17711145,-12.67708285,80.17711145,457.3151767,0
0.4907476869,-12.56481734,80.1850576,-12.56481734,80.1850576,457.427723,0
0.4908727182,-12.45255145,80.19299658,-12.45255145,80.19299658,457.5402693,0
0.4909977494,-12.34028518,80.20092839,-12.34028518,80.20092839,457.6528154,0
0.4911227807,-12.22801854,80.20885304,-12.22801854,80.20885304,457.7653614,0
0.491247812,-12.11575151,80.21677054,-12.11575151,80.21677054,457.8779072,0
0.4913728432,-12.00348412,80.2246809,-12.00348412,80.2246809,457.990453,0
0.4914978745,-11.89121634,80.23258414,-11.89121634,80.23258414,458.1029986,0
0.4916229057,-11.77894819,80.24048026,-11.77894819,80.24048026,458.2155441,0
0.491747937,-11.66667967,80.24836927,-11.66667967,80.24836927,458.3280894,0
0.4918729682,-11.55441077,80.25625118,-11.55441077,80.25625118,458.4406347,0
0.4919979995,-11.4421415,80.264126,-11.4421415,80.264126,458.5531798,0
0.4921230308,-11.32987185,80.27199374,-11.32987185,80.27199374,458.6657248,0
0.492248062,-11.21760183,80.27985441,-11.21760183,80.27985441,458.7782696,0
0.4923730933,-11.10533145,80.28770803,-11.10533145,80.28770803,458.8908144,0
0.4924981245,-10.99306068,80.29555459,-10.99306068,80.29555459,459.003359,0
0.4926231558,-10.88078955,80.30339411,-10.88078955,80.30339411,459.1159035,0
0.492748187,-10.76851805,80.3112266,-10.76851805,80.3112266,459.2284479,0
0.4928732183,-10.65624618,80.31905207,-10.65624618,80.31905207,459.3409922,0
0.4929982496,-10.54397393,80.32687053,-10.54397393,80.32687053,459.4535363,0
0.4931232808,-10.43170132,80.33468199,-10.43170132,80.33468199,459.5660803,0
0.4932483121,-10.31942834,80.34248646,-10.31942834,80.34248646,459.6786242,0
0.4933733433,-10.20715499,80.35028394,-10.20715499,80.35028394,459.791168,0
0.4934983746,-10.09488128,80.35807446,-10.09488128,80.35807446,459.9037117,0
0.4936234059,-9.982607197,80.36585801,-9.982607197,80.36585801,460.0162553,0
0.4937484371,-9.870332748,80.37363461,-9.870332748,80.37363461,460.1287987,0
0.4938734684,-9.758057933,80.38140427,-9.758057933,80.38140427,460.241342,0
0.4939984996,-9.645782753,80.38916699,-9.645782753,80.38916699,460.3538853,0
0.4941235309,-9.533507209,80.39692279,-9.533507209,80.39692279,460.4664284,0
0.4942485621,-9.421231299,80.40467168,-9.421231299,80.40467168,460.5789714,0
0.4943735934,-9.308955026,80.41241367,-9.308955026,80.41241367,460.6915143,0
0.4944986247,-9.19667839,80.42014876,-9.19667839,80.42014876,460.804057,0
0.4946236559,-9.084401391,80.42787697,-9.084401391,80.42787697,460.9165997,0
0.4947486872,-8.972124029,80.4355983,-8.972124029,80.4355983,461.0291422,0
0.4948737184,-8.859846306,80.44331278,-8.859846306,80.44331278,461.1416847,0
0.4949987497,-8.747568222,80.45102039,-8.747568222,80.45102039,461.254227,0
0.4951237809,-8.635289777,80.45872116,-8.635289777,80.45872116,461.3667692,0
0.4952488122,-8.523010971,80.4664151,-8.523010971,80.4664151,461.4793113,0
0.4953738435,-8.410731806,80.47410221,-8.410731806,80.47410221,461.5918533,0
0.4954988747,-8.298452282,80.48178251,-8.298452282,80.48178251,461.7043952,0
0.495623906,-8.186172399,80.489456,-8.186172399,80.489456,461.816937,0
0.4957489372,-8.073892157,80.4971227,-8.073892157,80.4971227,461.9294787,0
0.4958739685,-7.961611559,80.5047826,-7.961611559,80.5047826,462.0420203,0
0.4959989997,-7.849330603,80.51243574,-7.849330603,80.51243574,462.1545618,0
0.496124031,-7.73704929,80.52008211,-7.73704929,80.52008211,462.2671031,0
0.4962490623,-7.624767621,80.52772172,-7.624767621,80.52772172,462.3796444,0
0.4963740935,-7.512485597,80.53535458,-7.512485597,80.53535458,462.4921856,0
0.4964991248,-7.400203218,80.54298071,-7.400203218,80.54298071,462.6047266,0
0.496624156,-7.287920484,80.55060011,-7.287920484,80.55060011,462.7172676,0
0.4967491873,-7.175637396,80.55821279,-7.175637396,80.55821279,462.8298084,0
0.4968742186,-7.063353954,80.56581877,-7.063353954,80.56581877,462.9423492,0
0.4969992498,-6.95107016,80.57341804,-6.95107016,80.57341804,463.0548899,0
0.4971242811,-6.838786013,80.58101063,-6.838786013,80.58101063,463.1674304,0
0.4972493123,-6.726501514,80.58859655,-6.726501514,80.58859655,463.2799709,0
0.4973743436,-6.614216663,80.59617579,-6.614216663,80.59617579,463.3925112,0
0.4974993748,-6.501931462,80.60374837,-6.501931462,80.60374837,463.5050515,0
0.4976244061,-6.38964591,80.61131431,-6.38964591,80.61131431,463.6175917,0
0.4977494374,-6.277360009,80.61887361,-6.277360009,80.61887361,463.7301317,0
0.4978744686,-6.165073757,80.62642627,-6.165073757,80.62642627,463.8426717,0
0.4979994999,-6.052787157,80.63397232,-6.052787157,80.63397232,463.9552116,0
0.4981245311,-5.940500209,80.64151176,-5.940500209,80.64151176,464.0677513,0
0.4982495624,-5.828212913,80.6490446,-5.828212913,80.6490446,464.180291,0
0.4983745936,-5.715925269,80.65657085,-5.715925269,80.65657085,464.2928306,0
0.4984996249,-5.603637279,80.66409051,-5.603637279,80.66409051,464.4053701,0
0.4986246562,-5.491348942,80.67160361,-5.491348942,80.67160361,464.5179095,0
0.4987496874,-5.37906026,80.67911015,-5.37906026,80.67911015,464.6304488,0
0.4988747187,-5.266771232,80.68661013,-5.266771232,80.68661013,464.742988,0
0.4989997499,-5.15448186,80.69410358,-5.15448186,80.69410358,464.8555272,0
0.4991247812,-5.042192143,80.70159049,-5.042192143,80.70159049,464.9680662,0
0.4992498125,-4.929902083,80.70907088,-4.929902083,80.70907088,465.0806051,0
0.4993748437,-4.817611679,80.71654476,-4.817611679,80.71654476,465.193144,0
0.499499875,-4.705320933,80.72401214,-4.705320933,80.72401214,465.3056828,0
0.4996249062,-4.593029844,80.73147302,-4.593029844,80.73147302,465.4182214,0
0.4997499375,-4.480738414,80.73892743,-4.480738414,80.73892743,465.53076,0
0.4998749687,-4.368446643,80.74637536,-4.368446643,80.74637536,465.6432985,0
0.5,-4.256154531,80.75381682,-4.256154531,80.75381682,465.755837,0
